title,description,genre,published_date,authors
the silver chair,two english children undergo hairraising adventures as they go on a search and rescue mission for the missing prince rilian who is held captive in the underground kingdom of the emerald witch,fantasy,1998,clive staples lewis
a game of thrones,fantasyroman,fantasy,2011,george r r martin
fablehaven,when kendra and seth go to stay at their grandparents estate they discover that it is a sanctuary for magical creatures and that a battle between good and evil is looming,fantasy,2007,brandon mull
a wizard of earthsea,originally published in 1968 ursula k le guins a wizard of earthsea marks the first of the six now beloved earthsea titles ged was the greatest sorcerer in earthsea but in his youth he was the reckless sparrowhawk in his hunger for power and knowledge he tampered with longheld secrets and loosed a terrible shadow upon the world this is the tumultuous tale of his testing how he mastered the mighty words of power tamed an ancient dragon and crossed deaths threshold to restore the balance,fantasy,2012,ursula k le guin
lodestar,betrayed by one of their closest allies sophies whole world has been turned inside out the battles are shaping up and the stakes have never been higher in this fifth installment of the bestselling series 5 18 x 7 58,fantasy,2017,shannon messenger
the lord of the rings,contains the complete set of the six books of lord of the rings,fantasy,2001,jrr tolkien john ronald reuel tolkien
keeper of the lost cities,at age 12 sophie learns that the remarkable abilities that have always caused her to stand out identify her as an elf after being brought to eternalia to hone her skills she discovers that she has secrets buried in her memory for which some would kill,fantasy,2012,shannon messenger
the wizard of oz,0000000000this is the story of dorothy and her little dog toto who are carried away from kansas by a cyclone and transported to the wonderful world of oz she meets three companions  the scarecrow the tin woodman and the cowardly lion  and the three journey to the emerald city of oz to ask the wizard of oz to give them their hearts desires which in dorothys case is to return home to kansas on their way to oz and while fulfilling the tasks that the surprising wizard asks of them they encounter witches winged monkeys the deadly desert fighting trees and magic shoesthis edition is evocatively illustrated with the original drawings of w w denslow with an afterword by ned halley,fantasy,2009,l frank baum
the dragonbone chair,simon a young kitchen boy and magicians apprentice finds his world torn apart by a civil war fueled by immortal enemies and the dark powers of sorcery,fantasy,2005,tad williams
horton hears a who,originally copyrighted 1954 renewed 1982,fantasy,1982,dr seuss
the cat in the hat,the cat in the hat entertains two children on a rainy day,fantasy,2012,dr seuss
the wind in the willows,the escapades of four animal friends who live along a river in the english countrysidetoad mole rat and badger,fantasy,1993,kenneth grahame
the illustrated man,eighteen science fiction stories,fantasy,1951,ray bradbury
guardians of the west,garion the king of riva finds himself caught between the dark prophecy and the prophecy of light when he searches a previously obscure part of the mrin codex to identify someone or something called zandramas,fantasy,1987,david eddings
bridge to terabithia,one of the most celebrated newbery medal winners of all time gets a magical makeover in this new edition complete with a readers guide thats ideal for teachers book clubs or anyone looking for insight into this favorite book,fantasy,1979,katherine paterson
throne of glass,after serving out a year of hard labor in the salt mines of endovier for her crimes 18yearold assassin celaena sardothien is dragged before the crown prince prince dorian offers her her freedom on one condition she must act as his champion in a competition to find a new royal assassin her opponents are menthieves and assassins and warriors from across the empire each sponsored by a member of the kings council if she beats her opponents in a series of eliminations shell serve the kingdom for three years and then be granted her freedom celaena finds her training sessions with the captain of the guard westfall challenging and exhilirating but shes bored stiff by court life things get a little more interesting when the prince starts to show interest in her but its the gruff captain westfall who seems to understand her best then one of the other contestants turns up dead quickly followed by another can celaena figure out who the killer is before she becomes a victim as the young assassin investigates her search leads her to discover a greater destiny than she could possibly have imagined,fantasy,2012,sarah j maas
an ember in the ashes,book one in the new york times bestselling series one of time magazines 100 best fantasy books of all time instant new york times bestseller from 1 new york times bestselling author sabaa tahir amazons best young adult book of 2015 peoples choice award winner  favorite fantasy bustles best young adult book of 2015 this novel is a harrowing haunting reminder of what it means to be human  and how hope might be kindled in the midst of oppression and fear  the washington post an ember in the ashes could launch sabaa tahir into jk rowling territoryit has the addictive quality of the hunger games combined with the fantasy of harry potter and the brutality of game of thronespublic radio international an ember in the ashes glows burns and smoldersas beautiful and radiant as it is searinghuffington post a worthy novel  and one as brave as its characters the new york times book review laia is a slave elias is a soldier neither is free under the martial empire defiance is met with death those who do not vow their blood and bodies to the emperor risk the execution of their loved ones and the destruction of all they hold dear it is in this brutal world inspired by ancient rome that laia lives with her grandparents and older brother the family ekes out an existence in the empires impoverished backstreets they do not challenge the empire theyve seen what happens to those who do but when laias brother is arrested for treason laia is forced to make a decision in exchange for help from rebels who promise to rescue her brother she will risk her life to spy for them from within the empires greatest military academy there laia meets elias the schools finest soldierand secretly its most unwilling elias wants only to be free of the tyranny hes being trained to enforce he and laia will soon realize that their destinies are intertwinedand that their choices will change the fate of the empire itself,fantasy,2020,sabaa tahir
harry potter and the deathly hallows,at a time when the forces of evil seem to be gaining the upper hand harry comes of age in the wizarding world and must take on and defeat voldemortor be killed himself,fantasy,2007,j k rowling
prince caspian movie tiein edition rack,this movie tiein edition of the full original prince caspian novel will be rack size and feature a movie cover and an 8page movie still insert,fantasy,2008,c s lewis
the ice dragon,a tale of courage and sacrifice set in the world of the 1 new york times bestselling series a song of ice and fire basis for hbos megahit game of thrones,fantasy,2014,george r r martin
a wrinkle in time,this special edition ofa wrinkle in timeincludes a new essay that explores the science behind the fantasy rediscover one of the most beloved childrens books of all timea wrinkle in timeby madeleine lengle meg murray her little brother charles wallace and their mother are having a midnight snack on a dark and stormy night when an unearthly stranger appears at their door he claims to have been blown off course and goes on to tell them that there is such a thing as a tesseract which if you didnt know is a wrinkle in time megs father had been experimenting with timetravel when he suddenly disappeared will meg charles wallace and their friend calvin outwit the forces of evil as they search through space for their father,fantasy,1973,madeleine lengle
crown of midnight,it puts this entire castle in jeopardy  and the life of your friend,fantasy,2013,sarah j maas
the little prince,a man has an accident in the sahara desert and encounters the little prince,fantasy,2000,
bartholomew and the oobleck,the king tired of rain snow sun and fog commands his magicians to make something else come down from the sky but when oobleck falls in sticky greenish droplets bartholomew cubbins shames the king and saves the kingdom,fantasy,1949,
the adventures of pinocchio,the adventures of a talking wooden marionette whose nose grew whenever he told a lie,fantasy,1927,carlo collodi
the talisman,on a brisk autumn day a thirteenyearold boy stands on the shores of the gray atlantic near a silent amusement park and a fading ocean resort called the alhambra the past has driven jack sawyer here his father is gone his mother is dying and the world no longer makes sense but for jack everything is about to change for he has been chosen to make a journey back across americaand into another realm one of the most influential and heralded works of fantasy ever written the talisman is an extraordinary novel of loyalty awakening terror and mystery jack sawyer on a desperate quest to save his mothers life must search for a prize across an epic landscape of innocents and monsters of incredible dangers and even more incredible truths the prize is essential but the journey means even more let the quest begin   ,fantasy,1984,stephen king peter straub
james and the giant peach,a young boy escapes from two wicked aunts and embarks on a series of adventures with six giant insects he meets inside a giant peach,fantasy,1973,roald dahl
smith of wootton major,the author creates the magical story of the village of wootton major which hosts a special feast every twentyfour years at which one fortunate citizen is admitted into the land of the faery,fantasy,1967,john ronald reuel tolkien
legendborn,includes a short story from selwyn kanes point of view,fantasy,2022,tracy deonn
moomin mymble and little my,finnish artist tove janssons moomin stories have been continually in print for more than half a century in 35 languages they are among europes best loved and enduring childrens classics and through the tv animation bbc2 the warmhearted whimsical creatures of moomin valley have been brought to a new younger british audienceintroducing the first sort of childrens classic in a new english version by sophie hannah sort of books proudly presents the original full colour moomin picture book with its irresistible cutout page designs and playful rhyming text in a new version by one of britains star poets,fantasy,2001,tove jansson
secrets of the dragon sanctuary,when kendra and seth go to stay at their grandparents estate they discover that it is a sanctuary for magical creatures and that a battle between good and evil is looming,fantasy,2010,brandon mull
the golden compass,accompanied by her daemon lyra belacqua sets out to prevent her best friend and other kidnapped children from becoming the subject of gruesome experiments in the far north,fantasy,1997,philip pullman
peter pan,the adventures of peter pan the boy who would not grow up,fantasy,2001,j m barrie
where the wild things are,max is sent to bed without supper and imagines sailing away to the land of wild things where he is made king winner 1964 caldecott medalnotable childrens books of 19401970 ala1981 boston globehorn book award for illustration1963 1982 fanfare honor list the horn bookbest illustrated childrens books of 1963 1982 nyta reading rainbow selection1964 lewis carroll shelf awardchildrens books of 1981 library of congress1981 childrens books ny public library100 books for reading and sharing 1988 ny public library,fantasy,1963,maurice sendak
house of many ways,charmain baker is in over her head looking after greatuncle williams tiny cottage while hes ill should have been easy but greatuncle william is better known as the royal wizard norland and his house bends space and time its single door leads to any number of placesthe bedrooms the kitchen the caves under the mountains the past and the royal mansion to name just a few by opening that door charmain has become responsible for not only the house but for an extremely magical stray dog a muddled young apprentice wizard and a box of the kings most treasured documents she has encountered a terrifying beast called a lubbock irritated a clan of small blue creatures and wound up smack in the middle of an urgent search the king and his daughter are desperate to find the lost fabled elfgiftso desperate that theyve even called in an intimidating sorceress named sophie to help and where sophie is can the wizard howl and fire demon calcifer be far behind of course with that magical family involved theres bound to be chaosand unexpected revelations no one will be more surprised than charmain by what howl and sophie discover,fantasy,2008,diana wynne jones
through the lookingglass,publisher description,fantasy,1993,lewis carroll
little black sambo,the classic story by helen bannerman of a young indian lad who meets up with a tiger and turns him into butter,fantasy,1921,helen bannerman
the life and adventures of santa claus,a human foundling child adopted by a woodnymph and raised by the creatures who inhabit a magical forest grows up to be the immortal santa claus,fantasy,1902,lyman frank baum
another fine myth,after a magicians death his apprentice who is a thief experiences a variety of adventures via a shortcircuited dimension jumper,fantasy,1978,robert asprin
the black cauldron,taran the gallant assistant pigkeeper and his companions once again fare forth to destroy the evil that threatens their beloved country prydain a wise and wondrous tale written in epic fashion booklist,fantasy,1980,lloyd alexander
lucindas secret,with goblins trolls and the house boggart all trying to get them the grace children turn to great aunt lucinda for help,fantasy,2003,tony diterlizzi holly black
the hobbit or there and back again,this definitive paperback edition features nine illustrations and two maps drawn by jrr tolkien and a preface by christopher tolkien bilbo baggins is a hobbit who enjoys a comfortable unambitious life rarely travelling further than the pantry of his hobbithole in bag end but his contentment is disturbed when the wizard gandalf and a company of thirteen dwarves arrive on his doorstep one day to whisk him away on an unexpected journey there and back again they have a plot to raid the treasure hoard of smaug the magnificent a large and very dangerous dragon the prelude to the lord of the rings the hobbit has sold many millions of copies since its publication in 1937 establishing itself as one of the most beloved and influential books of the twentieth century,fantasy,1996,john ronald reuel tolkien
the tombs of atuan,with a new afterword from the authorjkt,fantasy,2012,ursula k le guin
the farthest shore,when the prince of enlad declares the wizards have forgotten their spells ged sets out to test the ancient prophecies of earthsea,fantasy,2012,ursula k le guin
the drawing of the three,in 1978 stephen king introduced the world to the last gunslinger roland of gilead nothing has been the same since more than twenty years later the quest for the dark tower continues to take readers on a wildly epic ride through parallel worlds and across time roland must brave desolate wastelands and endless deserts drifting into the unimaginable and the familiar a classic tale of colossal scopecrossing over terrain from the stand the eyes of the dragon insomnia the talisman black house hearts in atlantis salems lot and other familiar king hauntsthe adventure takes hold with the turn of each page and the tower awaits the second volume in the epic dark tower series the drawing of the three while pursuing his quest for the dark tower through a world that is a nightmarishly distorted mirror image of our own roland is drawn through a mysterious door that brings him into contemporary america here he links forces with the defiant young eddie dean and with the beautiful brilliant and brave odetta holmes in a savage struggle against underworld evil and otherworldly enemies once again stephen king has masterfully interwoven dark evocative fantasy and icy realism,fantasy,1987,stephen king
the tales of beedle the bard,and as for this book said hermione the tales of beedle the bard irsquove never even heard of them yoursquove never heard of the tales of beedle the bard said ron incredulously youre kidding right taken from harry potter and the deathly hallows bloomsbury in association with the childrens high level group is delighted to announce the tales of beedle the bard the first new book from j k rowling since the publication of the final book in the harry potter series harry potter and the deathly hallows the tales of beedle the bard played a crucial role in assisting harry aided by his friends ron and hermione to finally defeat lord voldemort fans will be thrilled to have this opportunity to read the tales in full the tales of beedle the bard is without doubt an exciting addition to the canon of harry potter they also reveal the wonderful versatility of the author as she tackles with relish the structure and varying tones of a classic fairy tale there are five tales included in the book the tale of the three brothers which is recounted in harry potter and the deathly hallows plus four more mdash the fountain of fair fortune the warlocks hairy heart the wizard and the hopping pot and babbitty rabbitty and her cackling stump each tale has its own magical character and will variously bring delight laughter and the thrill of mortal peril the tales of beedle the bard translated from the original runes by hermione granger is introduced and illustrated by j k rowling also included are notes on the stories by professor albus dumbledore which appear by generous permission of the hogwarts headmasters archive,fantasy,2008,j k rowling
the story of doctor dolittle,an abridged version of the adventures of a kindhearted doctor who is fond of animals and understands their language as he travels to africa with some of his favorite pets to cure the monkeys of a terrible sickness,fantasy,2005,hugh lofting
harry potter and the philosophers stone,harry potter is an ordinary boy who lives in a cupboard under the stairs at his aunt petunia and uncle vernons house which he thinks is normal for someone like him whos parents have been killed in a car crash he is bullied by them and his fat spoilt cousin dudley and lives a very unremarkable life with only the odd hiccup like his hair growing back overnight to cause him much to think about that is until an owl turns up with a letter addressed to harry and all hell breaks loose he is literally rescued by a world where nothing is as it seems and magic lessons are the order of the day read and find out how harry discovers his true heritage at hogwarts school of wizardry and witchcraft the reason behind his parents mysterious death who is out to kill him and how he uncovers the most amazing secret of all time the fabled philosophers stone all this and muggles too now what are they,fantasy,1997,j k rowling
the lion the witch and the wardrobe movie tiein edition adult,the new adult softcover edition of the lion the witch and the wardrobe now has a movie still cover and an eightpage movie still insert,fantasy,2005,c s lewis
six of crows,six dangerous outcasts and one impossible heist kazs crew is the only thing that might stand between the world and destruction if the crew members dont kill each other first,fantasy,2018,leigh bardugo
the wonderful wizard of oz,the wonderful wizard of oz remains one of the worlds most beloved and widely read books throughout a century of remarkable change the popularity of l frank baums classic tale has endured and grown embraced by generation after generation of children and the young at heart to honour the centennial of its publication in 1900 the university press of kansas is presenting this special anniversary edition that combines baums original text with the contributions of two renowned artists book illustrator michael mccurdy and writer ray bradbury the book embraces and celebrates the oftkidded connection between baums wondrous story and the state of kansas,fantasy,1999,lyman frank baum
the handmaids tale,the republic of gilead offers offred only one function to breed  if she deviates she will like dissenters be hanged at the wall or sent out to die slowly of radiation sickness but even a repressive state cannot obliterate desire  neither offreds n,fantasy,1996,margaret atwood
moominpappa at sea,leave moominvalley is it possible yes even the moomin family need a change of scenery sometimes so theyre off to live in a lighthouse on a tiny island here they find space to grow and to do things they couldnt in their comfortable cluttered valley home as they discover their new home the family also discover surprising and wonderfully funny new things about themselves,fantasy,2010,tove jansson
avatar,young waterbender katara and her warrior brother sokka rescue a mysterious boy named aang who is an airbender and the longlost avatarwhose destiny it is to save the world original,fantasy,2010,michael dante dimartino bryan konietzko nickelodeon firm
the castle of llyr,when princess eilonwy is kidnapped taran and his companions seek to rescue her,fantasy,2006,lloyd alexander
the gremlins,friendly little gremlins help a royal air force fighter pilot in world war ii,fantasy,2006,roald dahl
moominsummer madness,when a flood sweeps through the valley the moomins must find a new house and with typical moomin good luck one just happens to be floating by it looks normal enough but there are curtains where one wall should be strange rows of lights and other odd amenities then moomintroll and the snork maiden disappear and the family realize that the house may hold the answers to more than they ever dreamed,fantasy,2010,tove jansson
rangers apprentice,on a mission to pay the ransom of a new ally apprentice will and his father find themselves in a desert wasteland awash with enemies,fantasy,2005,john anthony flanagan john f flanagan
comet in moominland,when moomintroll learns that a comet will be passing by he and his friend sniff travel to the observatory on the lonely mountains to consult the professors along the way they have many adventures but the greatest adventure of all awaits them when they learn that the comet is headed straight for their beloved moominvalley,fantasy,2010,tove jansson
finn family moomintroll,it is spring in the valley and the moomins are ready for adventure moomintroll and his friends snufkin and sniff find the hobgoblins top hat all shiny and new and just waiting to be taken home they soon realize that his is no ordinary hat it can turn anythingor anyoneinto something else,fantasy,2010,tove jansson
the horse and his boy,our hardcover and paperback digest editions of the chronicles of narnia are now graced with new jacket and cover art by 2time caldecott medalist david wiesner,fantasy,1970,clive staples lewis
harry potter and the chamber of secrets,witchcraft wizardry  fiction,fantasy,1999,j k rowling
charlottes web,wilbur the pig is desolate when he discovers that he is destined to be the farmers christmas dinner until his spider friend charlotte decides to help him,fantasy,1997,elwyn brooks white
a winters promise,when ophelia who can travel through mirrors is betrothed to an influential member of a faraway clan she journeys to the towering city of citaceleste where she realizes she has become a pawn in a dangerous political game,fantasy,2018,christelle dabos
the city of ember,in the year 241 twelveyearold lina trades jobs on assignment day to be a messenger to run to new places in her decaying but beloved city perhaps even to glimpse unknown regions,fantasy,2003,jeanne duprau
tales from moominvalley,here are nine delightfully funny stories about the triumphs and tribulations of the citizens of moominvalley readers will discover how the moomin family save young ninny from permanent invisibility and what happens when moomintroll catches the last dragon in the world some of the characters in these tales will be brandnew to moomin fans but there are lots of old friends to meet as well,fantasy,2010,tove jansson
neverseen,sophie battles the rebelsand recovers dark memories from her past she must question everything to find a truth that will either save her worldor shatter it,fantasy,2016,shannon messenger
the field guide,when the grace children go to stay at their greataunt and other creatures and begin to have some unusual experiences,fantasy,2003,tony diterlizzi holly black
the brothers lionheart,two brothers share many adventures after their death when they are reunited in nangiyala the land from which sagas come,fantasy,2004,astrid lindgren
the fantastic flying books of mr morris lessmore,morris lessmore loved words he loved stories he loved books but every story has its upsets everything in morris lessmores life including his own story is scattered to the winds but the power of story will save the day,fantasy,2012,william joyce
the winter king,a retelling of the arthurian legend from the point of view of derfel cadarn one of arthurs warriors who later becomes a monk,fantasy,1997,bernard cornwell
where the wild things are,in the forty years since max first cried let the wild rumpus start maurice sendaks classic picture book has become one of the most highly acclaimed and bestloved childrens books of all time now in celebration of this special anniversary introduce a new generation to maxs imaginative journey to where the wild things are,fantasy,1988,
the princess bride,a writers views on life and art are revealed in his effort to edit the childrens classic that shaped his literary ambitions,fantasy,2007,william goldman
tales from earthsea,exploring the legend of earthseas history people languages literature and magic this collection of four magical stories is now available in a paperback edition,fantasy,2002,ursula k le guin
dark carousel,in this intoxicating carpathian novel from 1 new york times bestselling author christine feehan a woman falls prey to the seductive allure of the pastand a vampire warriors intoxicating embrace the moment charlotte vintage walks into his club tariq asenguards blood is set on fire the ancient carpathian had given up hope of finding his lifemate but now he will do anything to make charlotte his own what tariq doesnt know is that charlotte is using herself and her best friend as baitto try to draw out the bloodthirsty killers who have already murdered charlottes brother and mentor charlotte is familiar with tariq not only is he one of the richest and most eligible bachelors in the city but hes also a renowned collector of old carousel horses which charlotte restores their shared passion opens charlotte up to trusting him with her life and with the desire she can no longer control but it also makes her vulnerable to a centuriesold curse that will unite her and tariq in a war against the enemies of humans and carpathians alike,fantasy,2016,christine feehan
prince caspian,four children help prince caspian and his army of talking beasts to free narnia from evil,fantasy,1995,clive staples lewis
the lightning thief,after learning that he is the son of a mortal woman and poseidon god of the sea twelveyearold percy is sent to a summer camp for demigods like himself and joins his new friends on a quest to prevent a war between the gods,fantasy,2005,rick riordan
winniethepooh,little ones who love winniethepooh and terrific textures to touch and feel will delight in this years winniethepoohs touch and feel on every sturdy page baby will have endless interactive fun with ten tactile elements ranging from poohs sticky honey to piglets rubbery red balloon to a mirror displaying tiggers stripy reflection the youngest pooh admirers wont be able to keep their hands off this charming book filled with ernest h shepards bright and lively fullcolor artwork and classic vignettes from a a milnes timeless volumesand the mirth and merriment of winniethepooh,fantasy,1954,alan alexander milne
the gunslinger,the end is near start at the beginningprepare for the climax of stephen kings careerget ready for the final dark tower books this fallstock up on the first dark tower book this summerthe i bestsellerbook one in mass market paperback from signet,fantasy,1982,stephen king
brisingr,following the colossal battle against the empires warriors eragon and saphira narrowly escaped with their lives but more awaits the rider and his dragon as eragon finds himself bound by promises he may not be able to keep including his oath to cousin,fantasy,2009,christopher paolini
the moomins and the great flood,the first moomin story moomin moominmamma and sniff search through forest and flood for long lost moominpappa in a series of adventures along the way they encounter hemulens stranded kittens and the bluehaired tulippa,fantasy,2012,tove jansson
the magic of oz,a young citizen of oz learns an important magic word and falls prey to the wickedness of the nomes exking who wants to destroy dorothy the wizard and princess ozma,fantasy,1919,lyman frank baum
the foot book,beginners text describes all sorts of feet doing all sorts of things,fantasy,1968,dr seuss
the neverending story,for use in schools and libraries only shy awkward bastian is amazed to discover that he has become a character in the mysterious book he is reading and that he has an important mission to fulfill,fantasy,1984,michael ende
to green angel tower,book three ofmemory sorrow and thorn,fantasy,1994,tad williams
sea fairies,nobody said capn bill solemnly ever sawr a mermaid an lived to tell the tale why not asked trot looking earnestly up into the old sailors face they were seated on a bench built around a giant acacia tree that grew just at the edge of the bluff below them rolled the blue waves of the great pacific a little way behind them was the house a neat frame cottage painted white and surrounded by huge eucalyptus and pepper trees still farther behind that  a quarter of a mile distant but built upon a bend of the coast  was the village overlooking a pretty bay,fantasy,2012,l frank baum
eragon eldest,in aagaesia a fifteenyearold boy of unknown lineage called eragon finds a mysterious stone that weaves his life into an intricate tapestry of destiny magic and power peopled with dragons elves and monsters,fantasy,2005,christopher paolini
the left hand of darkness,a groundbreaking work of science fiction the left hand of darkness tells the story of a lone human emissary to winter an alien world whose inhabitants can change their gender his goal is to facilitate winters inclusion in a growing intergalactic civilization but to do so he must bridge the gulf between his own views and those of the completely dissimilar culture that he encounters embracing the aspects of psychology society and human emotion on an alien world the left hand of darkness stands as a landmark achievement in the annals of intellectual science fiction copyright  libri gmbh all rights reserved,fantasy,1987,ursula k le guin
harry potter and the sorcerers stone,rescued from the outrageous neglect of his aunt and uncle a young boy with a great destiny proves his worth while attending hogwarts school for wizards and witches,fantasy,1998,j k rowling
glinda of oz,book 14 of l frank baums immortal oz series in which ozma and dorothy travel to an enchanted island to prevent an impending battle between the skeezers and the flatheads but are instead imprisoned in the city just before the island is submerged,fantasy,1920,lyman frank baum
the magicians of caprona,in the worlds of chrestomanci anything can happen this adventure takes place in the italian dukedom of caprona where spells are as slippery and as tricksy as spaghetti casa montana and casa petrocchi look after the magical business in the dukedom of caprona watched over by its magnificent guardian statue the angel the families have been feuding for years so when all the spells start going wrong each naturally blames the other then young tonino montana and angelica petrocchi disappear could the terrible rumours of a white devil who threatens caprona be true after all,fantasy,2000,diana wynne jones
the lion the witch and the wardrobe,the bestselling rack edition of the lion the witch and the wardrobe now has a movie still cover and an eightpage movie still insert excellent for homeschool use,fantasy,1961,clive staples lewis
stardust,stardust is an enchanting and enthralling novel from sunday times bestseller and master storyteller neil gaiman charming in every sense of the word and deeply satisfying time out it will delight fans of terry pratchett and jrr tolkiens the hobbit as well as those who loved the feature film starring robert de niro claire danes rupert everett and michelle pfeiffer among others life moves at a leisurely pace in the tiny town of wall  named after the imposing stone barrier which separates the town from a grassy meadow here young tristran thorn has lost his heart to the beautiful victoria forester and for the coveted prize of her hand tristran vows to retrieve a fallen star and deliver it to his beloved it is an oath that sends him over the ancient wall and into a world that is dangerous and strange beyond imagining    includes extra material exclusive to this headline edition,fantasy,2005,neil gaiman
pippi in the south seas,the adventures of the strongest girl in the world who takes her two friends with her when she travels from sweden to visit her father king of an island in the south seas,fantasy,1959,astrid lindgren
the ickabog,as the legend of the fearsome ickabog spreads terror in the peaceful kingdom of cornucopia best friends bert and daisy set out to discover the truth and bring happiness back to the kingdom,fantasy,2020,j k rowling
green eggs and ham,by combining the funniest stories craziest creatures and zaniest pictures with his unique blend of rhyme rhythm and repitition this book helps children of all ages and abilities learn to read,fantasy,2010,dr seuss
howls moving castle,a new look for one of diana wynne jones funniest and most popular novels,fantasy,2009,diana wynne jones
mistborn,fantasy roman,fantasy,2007,brandon sanderson
percy jackson and the sea of monsters,percy jackson the young demigod is back for his second exciting adventure in the bestselling series by rick riordan you cant tell by looking at me that my dad is poseidon god of the sea its not easy being a halfblood these days you mortals cant even see the monsters we have to fight all the time so when a game of dodgeball turned into a death match against an ugly gang of cannibal giants i couldnt exactly ask my gym teacher for help and that was just for starters this is the one where camp half blood is under attack and unless i get my hands on the golden fleece the whole camp will be invaded by monsters big ones can percy survive the treacherous sea of monsters and restore order to halfblood hill,fantasy,2008,rick riordan
the magicians nephew,when diggory and polly try to return the wicked witch jadis to her own world the magic gets mixed up and they all land in narnia where they witness aslan blessing the animals with human speech,fantasy,2014,c s lewis
a court of thorns and roses,a gorgeously written tale as lush and romantic as it is ferocious  absolutely spellbinding  new york times bestselling author alexandra brackenfeyre is a huntress and when she sees a deer in the forest being pursued by a wolf she kills the predator and takes its prey to feed herself and her sisters but the wolf was not what it seemed and feyre cannot predict the high price she will have to pay for its death dragged away from her family for the murder of a faerie feyre discovers that her captor his face obscured by a jewelled mask is hiding even more than his piercing green eyes suggest as feyres feelings for tamlin turn from hostility to passion she learns that the faerie lands are a far more dangerous place than she realized and feyre must fight to break an ancient curse or she will lose him foreversarah j maas is a global 1 bestselling author her books have sold more than nine million copies and been translated into 37 languages discover the sweeping romantic fantasy for yourselfcontains mature content not suitable for younger readers,fantasy,2015,sarah j maas
moominland midwinter,everyone knows that the moomins sleep through the winter but this year moomintroll discovers that winter is worth waking up for after all,fantasy,1971,tove jansson
eragon,when eragon finds a polished stone in the forest he thinks it is the lucky discovery of a poor farm boy perhaps it will buy his family meat for the winter but when the stone brings a dragon hatchling eragon soon realizes he has stumbled upon a legacy,fantasy,2005,christopher paolini
harry potter and the prisoner of azkaban,during his third year at hogwarts school for witchcraft and wizardry harry potter must confront the devious and dangerous wizard responsible for his parents deaths,fantasy,2013,inc scholastic j k rowling mary grandpré kazu kibuishi
pippi goes aboard,first published oup 1956,fantasy,1977,astrid lindgren
harry potter and the goblet of fire,young wizardintraining harry potter prepares for a competition between hogwarts school of magic and two rival schools develops a crush on cho chang and wishes above all to be a normal fourteenyearold,fantasy,2000,jk rowling
nils,selfish and lazy fourteenyearold nils learns kindness and wisdom after he is bewitched into an elfsized boy and carried off by a barnyard goose to join the migration of wild geese across sweden to lapland,fantasy,2000,selma lagerlof
mary poppins opens the door,mary poppins returns to the banks family in a rocket and involves the banks children in more magical adventures including those with peppermint horses the marble boy and the cat that looked at the king,fantasy,1991,p l travers
charlie and the great glass elevator,mr willy wonka might be a genius with chocolate but charlie and his family dont trust his flying skills one bit and right now hes at the helm of a giant glass elevator thats picking up speed and hurtling through space  with charlie and the entire bucket family stuck inside roald dahls uproarious sequel to charlie and the chocolate factory is certain to delight and entertain a new generation of readers from the hardcover edition,fantasy,1988,roald dahl
quidditch through the ages,did you know that there are 700 ways of committing a foul in quidditch the game first began to evolve on queerditch marsh what bumphing is that puddlemere united is oldest team in the britain and ireland league founded 1163 all this information and much more could be yours once you have read this book this is all you could ever need to know about the history the rules  and the breaking of the rules  of the noble wizarding sport of quidditch,fantasy,2009,j k rowling
the last battle,when evil comes to narnia jill and eustace help fight the great last battle and aslan leads his people to a glorious new paradise,fantasy,1956,clive staples lewis
harry potter and the halfblood prince,sixthyear hogwarts student harry potter gains valuable insights into the boy voldemort once was even as his own world is transformed by maturing friendships schoolwork assistance from an unexpected source and devastating losses,fantasy,2013,j k rowling mary grandpré
anansi boys,charlie nancy leads a normal boring existence in london however when he calls the us to invite his estranged father to his wedding he learns that the man just died after jetting off to florida for the funeral charlie not only discovers a brother he didnt know he had but also learns that his father was the west african trickster god anansi charlies brother who possesses his own magical powers later visits him at home and spins charlies life out of control getting him fired sleeping with his fiancée and even getting him arrested for a whitecollar crime charlie fights back with assistance from other gods and thats when the real trouble begins they lead the brothers into adventures that are at times scary or downright hysterical at first charlie is overwhelmed by this new world but he is anansis son and shows just as much flair for trickery as his brother,fantasy,2006,neil gaiman
the emerald city of oz,all the enchantment of oz is here for a whole new generation to discover in this deluxe new edition,fantasy,1979,lyman frank baum
the road to oz,dorothy and her friends follow the enchanted road to oz and arrive in time for ozmas birthday party,fantasy,1979,lyman frank baum
the annotated wizard of oz,a beloved classic comes to life with this beautifully illustrated annotated edition on the 100th anniversary of oz the wonderful wizard of oz is the quintessential american fairy tale but also one of the most controversial childrens books ever published michael patrick hearn the worlds leading oz scholar provides a spellbinding annotated edition that illuminates all of ozs numerous contemporary references provides fascinating character sources and explains the actual meaning of the word oz a facsimile of the rare 1900 first edition appears with the original drawings by w w denslowscrupulously reproduced to mimic their correct colors using a different color for each region of oz  as well as twentyfive previously unpublished illustrations in addition hearn provides an extensive bibliography compiling baums published work every notable oz edition and the stage and motionpicture productions from 1939s the wizard of oz to the 1974 broadway smash the wiz the result is a classic to rival baums own and a book no familys library can do without 90 blackandwhite 56 color and twocolor illustrations throughout,fantasy,2000,lyman frank baum
the cruel prince,one terrible morning jude and her sisters see their parents murdered in front of them the terrifying assassin abducts all three girls to the world of faerie where jude is installed in the royal court but mocked and tormented by the faerie royalty for being mortal,fantasy,2018,holly black
the exploits of moominpappa,although theyre small fat and shy creatures moomins have the most amazing adventures this book is part of a series of highly imaginative stories written for younger readers that describes how the moomins behave have fun and deal with the seasons of the year,fantasy,2012,
moominvalley in november,winters approach brings six friends together in moominvalley where in the moomins absence they must visit with each other,fantasy,1971,
around the world in eighty days,depicts the adventures of phineas fogg and his manservant passepartout on their journey around the world in the late nineteenth century,fantasy,1984,jules verne
the lives of christopher chant,the childhood of chrestomanci everything in this book happens at least twentyfive years before the story told in charmed life discovering that he has nine lives and is destined to be the next chrestomanci is not part of christophers plans for the future hed much rather play cricket and wander around his secret dream worlds but he soon finds that destiny is difficult to avoid and that having more than the usual number of lives is pretty inconvenient  especially when you lose them as easily as he does then an evil smuggler known only as the wraith threatens the ways of the worlds and forces christopher to take action,fantasy,2000,diana wynne jones
harry potter and the order of the phoenix,as harry faces his upcoming fifth year at hogwarts academy there are increasing rumors of dark times coming and of lord voldemorts return to power and a secret antivoldemort society the order of the phoenix begins meeting again,fantasy,2013,j k rowling
the lost sisters,sometimes the difference between a love story and a horror story is where the ending comeshalfapology and halfexplanation it turns out that taryn has some secrets of her own to reveal the lost sisters the cruel prince by master writer holly black,fantasy,2018,holly black
now we are six,here are the poems of childhood of summer days at the beach and rainy days at the window fishing trips and fanciful ones here are christopher robins wheezles and sneezles james morrisons wayward mother and so much more bright in color and true in spirit these books are perfect for givingto pooh fans of all ages copyright  libri gmbh all rights reserved,fantasy,1970,alan alexander milne
artemis fowl,artemis fowl is going straightas soon as he pulls off the most brilliant criminal feat of his career but his last job plan goes awry leaving his loyal bodyguard butler mortally injured artemiss only hope of saving his friend is to enlist the help of his old rival captain holly short of the leprecon fairy police it is going to take a miracle to save butler and artemiss luck may have just run out   praise for artemis fowl the eternity code readers will burn the midnight oil to the finish publishers weekly starred review the action is fast and furious the humor is abundant characterizations are zany and the boy genius works wondersall of which add up to another wild ride for artemis fans  booklist colfers young antihero might be getting more likeable all the time but that hasnt taken the edge off the tomclancymeetsharrypotter action  amazoncom,fantasy,2002,eoin colfer
the chronicles of narnia  the horse and his boy,bree the talking horse has been kidnapped from narnia and longs to return shasta decides to run away with him before they know it they are on a wild and dangerous journey together through strange cities eerie tombs and harsh deserts,fantasy,2014,c s lewis
the ones who walk away from omelas,some inhabitants of a peaceful kingdom cannot tolerate the act of cruelty that underlies its happiness,fantasy,1993,ursula k le guin
the little ghost,a little ghost who always wanted to see the town by daylight creates chaos when he does and finds himself unable to be a night ghost again,fantasy,1967,otfried preussler
the beggar queen,chaos reigns in marienstat as duke conrad of regia the kings uncle plots to overthrow the new government of westmark and bring an end to the reforms instituted by mickle now queen augusta theo and their companions,fantasy,1985,lloyd alexander
mrs frisby and the rats of nimh,a fabulous adventure about the mysterious ultra  intelligent rats their past and their secret connection with mrs frisbys late husband age 9 200 pages,fantasy,1971,robert c obrien
doctor dolittle,this treasury contains selections from eight of the original dr dolittle books in which readers meet the lovable man who can talk to the animals,fantasy,1967,hugh lofting
fantastic beasts and where to find them,newly arrived in new york city in 1926 newt scamander does not expect to stay long that is until his magical case is misplaced and some of his fantastic beasts escape,fantasy,2016,j k rowling
the house at pooh corner,this deluxe edition of milnes classic work is a stunning companion to the winniethepooh 80th anniversary edition the interior features the unabridged text and shepards charming illustrations in full color on creamcolored stock along with a diecut window that reveals the fullcolor art on the case cover,fantasy,1956,alan alexander milne
karlson on the roof,midge is the youngest in his family and he often feels that no one really understands him but everything changes the evening karlson flies in through midges open window karlson is a chubby little man with a propeller on his back the worlds best karlson full of jokes and tricks and he lives in a small house high up on the rooftops midge has never had a better companion that is until something special happens on his birthday,fantasy,1975,astrid lindgren patricia crampton
pinocchio,the adventures of a talking wooden puppet whose nose grew longer whenever he told a lie,fantasy,1974,carlo collodi
an echo in the darkness,this classic series has inspired nearly 2 million readers both loyal fans and new readers will want the latest edition of this beloved series this edition includes a foreword from the publisher a preface from francine rivers and discussion questions suitable for personal and group use 2 an echo in the darkness turning away from the opulence of rome marcus is led by a whispering voice from the past into a journey that could set him free from the darkness of his soul,historical fiction,2002,francine rivers
just once,1941 bloomington indiana irvel ellis is too focused on her secret to take much notice in the war raging overseas shes dating sam but in love with his brother hank when pearl harbor is attacked their lives are turned upside down overnight sam is drafted hank wants to enlist but sam insists he stay home and take up the battle on the home front while sam fights in europe an undeniable chemistry builds between irvel and hank but neither would dare cross that line when a devastating telegram comes hank enlists the next day and has just two weeks until he ships out years later hank and irvel make a series of vhs tapes for her to play as she sinks into alzheimers determined to keep some of her memories alive  adapted from publisher info and perusal of book,historical fiction,2023,karen kingsbury
ruths journey,this prequel inspired by margaret mitchells gone with the wind recounts the life of mammy from her days as a slave girl to the outbreak of the civil war,historical fiction,2014,donald mccaig
allegiance,includes an excerpt from sacrifice the conclusion to the legacy trilogy and q  a with the author,historical fiction,2012,cayla kluver
the nightingale,from the 1 new york times bestselling author comes kristin hannahs next novel it is an epic love story and family drama set at the dawn of world war ii she is the author of twentyone novels her previous novels include home front night road firefly lane fly away and winter garden,historical fiction,2015,kristin hannah
wild women and the blues,perfect for fans of the seven husbands of evelyn hugoa dazzling depiction of passion prohibition and murder shelf awareness ambitious and stunning stephanie dray new york times bestselling author vibranta highly entertaining read ellen marie wiseman new york times bestselling author of the orphan collector the music practically pours out of the pages of denny s bryces historical novel set among the artists and dreamers of the 1920s oprahmagcom goodreads debut novel to discover  biggest upcoming historical fiction books oprah magazine parade ms magazine shereads bustle bookbub frolic  bibliolifestyle most anticipated books marie claire  black business guides books by black writers to read today  buzzfeed books for bridgerton fans shereads most anticipated bipoc winter releases 2021 palm beach post books for your 2021 reading list in a stirring and impeccably researched novel of jazzage chicago in all its vibrant life two stories intertwine nearly a hundred years apart as a chorus girl and a film student deal with loss forgiveness and lovein all its joy sadness and imperfections why would i talk to you about my life i dont know you and even if i did i dont tell my story to just any boy with long hair who probably smokes weedyou wanna hear about me you gotta tell me something about you to make this worth my while 1925 chicago is the jazz capital of the world and the dreamland café is the ritziest blackandtan club in town honoree dalcour is a sharecroppers daughter willing to work hard and dance every night on her way to the top dreamland offers a path to the good life socializing with celebrities like louis armstrong and filmmaker oscar micheaux but chicago is also awash in bootleg whiskey gambling and gangsters and a young woman driven by ambition might risk more than she can stand to lose 2015 film student sawyer hayes arrives at the bedside of 110yearold honoree dalcour still reeling from a devastating loss that has taken him right to the brink sawyer has rested all his hope on this frail but formidable woman the only living link to the legendary oscar micheaux if hes rightif she can fill in the blanks in his research perhaps he can complete his thesis and begin a new chapter in his life but the links honoree makes are not ones hes expecting piece by piece honoree reveals her past and her secrets while sawyer fights tooth and nail to keep his its a story of courage and ambition hot jazz and illicit passions and as past meets present for honoree its a final chance to be truly heard and seen before its too late no matter the cost immersive mysterious and evocative factual in its history and nuanced in its creativity ms magazine perfectdenny s bryce is a superstar julia quinn new york times bestselling author of the bridgerton series evocative and entertaining laura kamoie new york times bestselling author wild women and the blues deftly delivers what historical fiction has been missing farrah rochon usa today bestselling author,historical fiction,2021,denny s bryce
the blood of flowers,a dazzling debut novel about a young woman in 17thcentury persia whose gift as a rug designer transforms her life,historical fiction,2007,anita amirrezvani
something red,during the 13th century in northwest england in one of the coldest winters a middleaged irishwoman and her little troupe are trying to drive their three wagons across the pennines before a heavy snow they soon find that something terrible prowls the woods,historical fiction,2012,douglas nicholas
the girl at the back of the bus an absolutely heartwrenching historical novel,i watched in awe as miz rosa stopped those men on the bus with her clear calm no and i thought about that word what if i said no what if i refused to follow the path these white folks wanted for us what if i kept this precious baby montgomery alabama 1955 on a cold december evening mattie banks packs a suitcase and leaves her family home sixteen years old and pregnant she has already made the mistake that will ruin her life and disgrace her widowed mother boarding the 2857 bus she sits with her case on her lap hoping that the driver will take her away from disaster instead mattie witnesses an act of bravery by a woman named rosa parks that changes everything but as mattie strives to turn her life around the dangers that first led her to run are never far away forging a new life in a harsh world at constant risk of exposure mattie will need to fight to keep her baby safe atlanta georgia present day ashlee turner is going home her relationship in ruins her career held back by prejudice she is returning to the family who have always been her rock but ashlees home is not the safe haven she remembers her beloved grandmother is dying and is determined to share her story before she leaves when ashlee finds a stack of yellowing letters hidden in her nanas closet she cant help the curiosity that compels her to read and she uncovers an old secret that could wreak havoc on her already grieving family as she tries to make sense of what she has learned ashlee faces a devastating choice to protect her loved ones from the revelations or honor her grandmothers wishes and follow the path to the truth no matter where it may lead for readers of the help orphan train and before we were yours comes a beautiful and heartbreaking novel about redemption family secrets and the spirit of survival found at the hardest time readers love the girl at the back of the bus  my my my and wow just wow what an excellent and amazing story from the first word until the last i was so enthralled and riveted whew hallelujah this is an awesome book a definite mustread geris things  where do i start for the first time i am left speechless after reading a book speechless because the narrative just grabbed me by my core i laughed but mostly cried a mustread for lovers of womens historical fiction five stars goodreads reviewer,historical fiction,2021,suzette d harrison
in the region of the summer stars,after being wrongly cast out of his tribe conor the firstborn son of the celtic king embarks on a quest to prove his innocence but what he discovers could change eirlandia forever,historical fiction,2018,stephen r lawhead
the hidden storyteller,international bestselling author mandy robotham returns with a brand new tale set in wartorn germany the war is over but there are still secrets to be found amidst the ashes    hamburg 1946 the war is over and germany in ruins posted to an alliedrun hamburg reporter georgie young returns to the country she fled seven years prior  at the onset of the conflict  to find it unrecognisable amidst the stark horrors of a bombedout city crumbling under the weight of millions of displaced souls she discovers pockets of warmth a violinist playing amidst the wreckage couples dancing in the streets and a nation trying to make amends joining forces with local detective harri schroder to catch a killer targeting women on the citys streets curiosity draws georgie deep into the dark underbelly and she soon discovers that darkest secrets of war did not die with hitler the next gripping and heartbreaking historical fiction novel from international bestseller mandy robotham readers love mandy robotham a story packed with everything historical fiction readers need espionage and betrayal to plights and flightsi learnt so muchbrilliantly paced with twists and turns courage and bravery and a touch of romance real reader review rich in detail and almost impossible to put downi loved it real reader review a front row seat to the survival of the blitz in london as well as the dutch resistance work fascinatingriveting real reader review a book that captures your attention from the first page to the last mandy robotham is a master storytellerthe tension mounts on every page and i could not put it down highly recommended real reader review my favourite of mandys books so far i loved marnie willem and corrie and the relationship among the three of them the strength and resolve of these characters is so inspiring and captivatinga perfectly composed novel for lovers of historical fictionevery bit of this novel comes alive bravo real reader review a gripping and heartbreaking wwii novelif you love historical fiction then this is a mustread real reader review mandy robotham has done it again a thoroughly well researched and interesting narrative set during wwiianother five star read for me real reader review,historical fiction,2024,mandy robotham
the living is easy,the captivating firts novel by dorothy westauthor of the wedding,historical fiction,1982,dorothy west
a rogue by any other name,a new york times and usa todaybestselling author delivers the first installment in her new fallen angels series original,historical fiction,2012,sarah maclean
aristotle and poetic justice,330bc it is the year that alexander the great sacked persepolis and won the greatest fortune the world had ever known stephnaos and his teacher the philosopher aristotle are drawn into solving the perplexing abduction case of anthia the heiress of a prominent silver merchant,historical fiction,2002,margaret anne doody
the liars wife,four novellas about relationships at home and abroad are set in different historical periods and explore the experiences of such protagonists as an american grad student who escapes to italy after a compromising love affair by the awardwinning author of the love of my youth,historical fiction,2014,mary gordon
the field of swords,the third volume in the acclaimed emperor series in which conn iggulden brilliantly interweaves history and adventure to recreate the astonishing life of julius caesar  an epic tale of ambition and rivalry bravery and betrayal from an outstanding new voice in historical fictionthe gates of rome the death of kings and now the field of swords tell the powerful dramatic story of the friendship and enmity between the two men who ruled the roman worldfollowing the defeat of the spartacus rebellion julius caesar and marcus brutus who have been sent to run the roman colonies in spain return to challenge powerful senators to become one of the consuls of rome political opposition family quarrels armed rebellions and corruption make this a highly contemporary scene fuelled by the intrigue of the major characters who are now developing as full adultsas he takes the legions north into mighty battles with the gallic tribes the imperious stand of caesar and the leadership of his men his new friendships with fellow leaders and his overwhelming ambition begin to separate him from brutus the great swordsman and warrior their long friendship reveals ominous cracks under the strain although the gallic conquests lead to caesars triumphal entry into britain the victories on the battlefield cause political rivalries at home and ultimately the famous choice is presented to caesar and marcus brutus they must choose whether to cross the rubicon  together or singly  and to take the fight to rome itselfconn iggulden is a brilliant storyteller characters jostle for space in the crowded streets on the battlefields and in the corridors of the senate the friendship and rivalry between caesar and brutus provides compelling reading each book in the emperor series causes readers to return to the previous novel and ensures they also look forward hugely to the next,historical fiction,2005,conn iggulden
the faithful executioner,a work of nonfiction that explores the thoughts and experiences of one early modern executioner nurembergs frantz schmidt 15551634 through his own words  a rare personal journal in which he recorded and described all the executions and corporal punishments he administered between 1573 and his retirement in 1617 provided by publisher,historical fiction,2013,joel f harrington
the paris daughter,an unmissable reading treat lancashire evening post beautifully written and emotionally charged    impossible to put down hazel gaynor a heartwrenching and evocative wartime novel perfect for fans of santa montefiore rachel hore and lucinda riley two mothers two daughters two families torn apart forever paris 1939 elise and juliette are certain nothing can come between them so when war breaks out and elise is forced to flee she entrusts juliette with her daughter playmate to juliettes own little girl more than a year later with the war finally ending elise returns to reunite with her daughter only to find her friends bookstore reduced to rubble  and juliette nowhere to be found what happened to mathilde in those last terrible moments juliette has seemingly vanished without a trace taking all the answers with her elises desperate search leads her to new york  and to juliette  one final fateful time the paris daughter is a story about mothers and daughters the way loss transforms us and the roads we find to beginning anew in the face of impossible odds praise for kristin harmel kristin harmel is firmly in the top echelon of ww2 storytellers heather morris a master storyteller santa montefiore,historical fiction,2023,kristin harmel
the winemakers wife,if you love the beekeepers promiseand the tattooist of auschwitzthen youll adore this beautiful story of love loss hope and survival east of paris in the sundrenched vineyards of northern france lies the famous champagne house maison chauveau but behind the extravagant exterior of the grand house is a world of secrets 1940 when young ines married into the famed chauveau family she dreamed of working alongside her husband and raising their beautiful children but with german occupation comes a life of fear for herself for the husband who has joined the resistance and for celine the jewish wife of their chief vintner as the nazis march ever closer ines will be faced with a terrible choice 2019 liv kent has lost everything her job her husband and the family she thought they were building alone and adrift she leaps at the chance to join her eccentric grandmother on a trip to champagne but its not long before past and present collide and in a desperate search for the truth liv is led straight to the maison chauveau what readers are saying about the winemakers wife a beautifully woven tale of love betrayal and redemption goodreads reviewer 5 stars this is a story of lovethrough generations of the french resistanceand families of blood and choice fabulous read amazon reviewer 5 stars a memorable book that weaves a heartbreaking yet hopeful tale this book is fascinating and a must read goodreads reviewer 5 stars it is a story of love and betrayal its also a story of forgiveness kept me intensely interesteduntil the very end amazon reviewer 5 stars a deeply thoughtful historical fictionnovel based on details of reallife resistance activities that occurred in france during world war ii gwendalynbooksblog i would highly recommendthe winemakers wifeto those who like historical fiction and womens fiction a 5 star for me stories unfolded blog this was a wonderfully twisty book i definitely want to read more from this author the good the bad and the unread,historical fiction,2021,kristen harmel
aloha love,on a trip to hawaii in 1899 jane buckley meets an embittered widowed rancher and begins to question her faith and character including her engagement to a texas oil baron,historical fiction,2012,yvonne lehman
sisters of the resistance,set in the thick of the paris resistance movement during wwii this exciting novel tells of the deep involvement of catherine dior and two young women who risked their lives to support her effortsperfect for fans of kate quinn and jennifer chiaverini france 1944 the nazis still occupy paris and twentyfiveyearold gabby foucher hates these enemies though as the concierge of ten rue royale she makes it a point to avoid trouble unlike her sister yvette until she like her sister is recruited into the resistance by catherine diorsister of the fashion designer christian dior gabby and yvette are both swept into the world of spies fugitives and resistance workers and it doesnt take long for the sisters to realize that their lives are in danger gabby discovers an elderly tenant is hiding a wounded british fugitive and yvette becomes a messenger for the resistance but as gabby begins to fall in love with her patient and yvettes impulsiveness lead her into intrigue at an everhigher level both women will discover that their hearts and even their souls hang in the balance as well this pageturning novel is perfect for any reader fascinated by the role of women during world war ii whose stories are often untold and introduces us to catherine dior the fearless reallife resistance hero,historical fiction,2021,christine wells
the last tiara,from new york times and wall street journal bestseller mj rose comes a provocative and moving story of a young female architect in postworld war ii manhattan who stumbles upon a hidden treasure and begins a journey to discovering her mothers life during the fall of the romanovs sophia moon had always been reticent about her life in russia and when she dies suspiciously on a wintry new york evening isobelle despairs that her mothers secrets have died with her but while renovating the apartment they shared isobelle discovers something among her mothers effectsa stunning silver tiara stripped of its jewels isobelles research into the tiaras provenance draws her closer to her mothers pastincluding the story of what became of her father back in russia a man she has never known the facts elude her until she meets a young jeweler who wants to help her but is conflicted by his loyalty to the midas society a covert international organization whose mission is to return lost and stolen antiques jewels and artwork to their original owners told in alternating points of view the stories of the two young women unfurl as each struggles to find their way during two separate wars in 1915 young sofiya petrovitch favorite of the royal household and best friend of grand duchess olga nikolaevna tends to wounded soldiers in a makeshift hospital within the grounds of the winter palace in st petersburg and finds the love of her life in 1948 new york isobelle moon works to break through the rampant sexism of the age as one of very few women working in a maledominated profession and discovers far more about love and family than she ever hoped for in mj roses deftly constructed narrative the secrets of sofiyas early life are revealed incrementally even as isobelle herself works to solve the mystery of the historic romanov tiara which is based on an actual romanov artifact that is to this day still missingand how it is that her mother came to possess it the two strands play off each other in finelytuned counterpoint building to a series of surprising and deeply satisfying revelations,historical fiction,2021,m j rose
miss camerons fall from grace,in a seedy tavern in the backstreets of london a case of mistaken identity leads respectable miss delphine cameron to be unwittingly ravished by a devilish colonel lord stephen fitzwaring now shes had a taste of lovemaking and against her better judgement she craves it again but the colonel has ruined her honor and there is only one way they can avoid a scandaldelphine must marry her darkeyed seducer now lady delphine fitzwaring must decide between a life of chastity  or succumbing to her husbands irresistible temptationpage 4 of cover,historical fiction,2012,helen dickson
fair helen,the scotlandengland borderlands 1590s principal economy cattle rustling kidnap extortion harry langton is called back to the country of his childhood to aide an old friend adam fleming who believes his life is in danger hes fallen for helen of annandale and in turn fallen foul of his rival robert bell a man as violent as he is influential in an ungovernable land where minor lairds vie to rule and blood feuds are settled by the sword fleming faces a battle to win helen and to stay alive,historical fiction,2014,andrew greig
the knights tale,april 1380 about to set off on his annual pilgrimage geoffrey chaucer abandons his plans when an old friend appeals for help his former guardian has been found dead in his bedroom at his suffolk castle the door locked from the inside who among the castles inhabitants is a coldhearted killer its up to chaucer to root out the evil within,historical fiction,2022,m j trow
frog music,from the author of the worldwide bestseller room her greatest achievement yetemma donoghue shows more than range with frog musicshe shows genius  darin strauss author of half a life summer of 1876 san francisco is in the fierce grip of a recordbreaking heat wave and a smallpox epidemic through the window of a railroad saloon a young woman named jenny bonnet is shot dead the survivor her friend blanche beunon is a french burlesque dancer over the next three days she will risk everything to bring jennys murderer to justiceif he doesnt track her down first the story blanche struggles to piece together is one of freelove bohemians desperate paupers and arrogant millionaires of jealous men icy women and damaged children its the secret life of jenny herself a notorious character who breaks the law every morning by getting dressed a charmer as slippery as the frogs she hunts in thrilling cinematic style frog music digs up a longforgotten neversolved crime full of songs that migrated across the world emma donoghues lyrical tale of love and bloodshed among lowlifes captures the pulse of a boomtown like no other,historical fiction,2014,emma donoghue
harbor secrets,the first in a new historical series from bestselling awardwinning author melody carlson is sure to rivet readers and sweep them away to oregons early prohibition before wwi,historical fiction,2018,melody carlson
masqueraders,in an age of slippery politics robin and prudence tremaine the children of the notorious and brilliant viscount of barham find themselves on the wrong side of the jacobite rebellion the viscount sends his offspring on the road to london each masquerading as the opposite sex,historical fiction,2005,georgette heyer
the warsaw orphan,kelly rimmers heartstopping rendering of the war in nazioccupied poland will captivate readers page by pagelisa wingate 1 new york times bestselling author of before we were yours a surefire hit and a heartbreaking and hopeful story of family duty love salvation and resistance the warsaw orphan is a thoughtful beautiful novel  kristin harmel new york times bestselling author of the book of lost names inspired by the reallife heroine who saved thousands of jewish children during wwii the warsaw orphan is kelly rimmers most anticipated novel since her bestselling sensation the things we cannot say in the spring of 1942 young elzbieta rabinek is aware of the swiftly growing discord just beyond the courtyard of her comfortable warsaw home she has no fondness for the germans who patrol her streets and impose their curfews but has never given much thought to what goes on behind the walls that contain her jewish neighbors she knows all too well about german brutalityand that its the reason she must conceal her true identity but in befriending sara a nurse who shares her apartment floor elzbieta makes a discovery that propels her into a dangerous world of deception and heroism using saras credentials to smuggle children out of the ghetto brings elzbieta facetoface with the reality of the war behind its walls and to the plight of the gorka family who must make the impossible decision to give up their newborn daughter or watch her starve for roman gorka this final injustice stirs him to rebellion with a zeal not even his newfound love for elzbieta can suppress but his recklessness brings unwanted attention to saras cause unwittingly putting elzbieta and her family in harms way until one violent act threatens to destroy their chance at freedom forever from nazi occupation to the threat of a communist regime the warsaw orphan is the unforgettable story of elzbieta and romans perilous attempt to reclaim the love and life they once knew intensely movingbravo kelly rimmer im going to be recommending this book to everyone i know karen robards new york times bestselling author of the black swan of paris,historical fiction,2021,kelly rimmer
snare of serpents,davina glentyres happy young life in edinburgh was shattered by her mothers death and made even more unbearable by her fathers sudden marriage to her new governess her one joy was her friendship with a poor but charming student jamie whom her father forbade her to wed when her father suddenly died from arsenic poisoning the means motive and opportunity all pointed to davina herself alone she escaped to the colonies in africa but with the boer war came danger and the return of dark secrets from the past that threatened her reputation and her very life   ,historical fiction,1990,victoria holt
the dark room,the dark room tells three stories that of helmut a young photographer in the 1930s lore a 12yearold girl at the end of the war and micha a young school teacher half a century later between them the reader traces the legacy of the nazi period on the lives of ordinary germans,historical fiction,2002,rachel seiffert
hawkwoods sword,one of the finest writers of historical fiction in the world ben kane 1368 france spain and england prepare for war in italy the pope and the visconti princes are battling for bloody supremacy the worst years of sir william golds life are about to begin leaving the side of his commander sir john hawkwood william embarks on a new journey that will bring him fame and favour  until a heartbreaking personal tragedy leads him to put down his sword but men of war cant stay out of battle for long gold yearns to return to italy and rejoin hawkwood only now the game of the italian princes is changing and as chaos descends gold must finally decide who he stands for        praise for christian cameron the master of historical fiction sunday times a storyteller at the height of his powers historical novel society superb the times a swordslash above the rest irish examiner,historical fiction,2022,christian cameron
painting the light,from the critically acclaimed author of monticello and the widows war comes a vividly rendered historical novel of love loss and reinvention set on marthas vineyard at the turn of the nineteenth century marthas vineyard 1898 in her first life ida russell had been a painter five years ago she had confidently walked the halls of bostons renowned museum school enrolling in art courses that were once deemed unthinkable for women to take and showing a budding talent for watercolors but no more ida russell is now ida pease resident of a seaside farm on vineyard haven and wife to ezra a oncecharming man who has become an inattentive and altogether unreliable husband ezra runs a salvage company in town with his business partner mose barstow but he much prefers their nightly card games at the local pub to his work in their boston office not to mention filling haystacks and tending sheep on the farm at homeduties that have fallen to ida and their parttime farmhand lem ida meanwhile has left her love for painting behind it comes as no surprise to ida when ezra is hours late for a thanksgiving dinner only to leave abruptly for another supposedly urgent business trip to boston but then something truly unthinkable happens a storm strikes and the portland sinks ezra and mose are presumed dead in the wake of this shocking tragedy ida must settle the affairs of ezras estate a task that brings her to a familiar face from her pasthenry barstow moses brother and executor as she joins henry in sifting through the remnants of her husbands life and work ida must learn to separate truth from lies and what matters from what doesnt painting the light is an arresting portrait of a woman and a considered meditation on loss and love,historical fiction,2021,sally cabot gunning
the viscount who loved me, 1 new york times bestseller the inspiration for season two of bridgerton a series created by shondaland for netflix from 1 new york times bestselling author julia quinn the story of anthony bridgerton in the second of her beloved regencyset novels featuring the charming powerful bridgerton family anthonys story this time the gossip columnists have it wrong londons most elusive bachelor anthony bridgerton hasnt just decided to marryhes even chosen a wife the only obstacle is his intendeds older sister kate sheffieldthe most meddlesome woman ever to grace a london ballroom the spirited schemer is driving anthony mad with her determination to stop the betrothal but when he closes his eyes at night kates the woman haunting his increasingly erotic dreams contrary to popular belief kate is quite sure that reformed rakes do not make the best husbandsand anthony bridgerton is the most wicked rogue of them all kates determined to protect her sisterbut she fears her own heart is vulnerable and when anthonys lips touch hers shes suddenly afraid she might not be able to resist the reprehensible rake herself,historical fiction,2022,julia quinn
the rice kings,as the only son of a wealthy mill owner in whitehaven cumbria england jonathan lucas is destined to become a millwright and a mill owner in northeast england like his father john lucas he lives a protected life behind the walls of his fathers reputation and business success the challenges of coming of age in the 1760s are soon approached by the young jonathan as he enters an apprenticeship with his uncle william lucas he travels to manchester which is far away from his mother and fathers loving care he encounters many adventures as he learns and loves his way toward adulthood and hopefully a successful career of his own jonathan must choose between two beautiful girls that enter his life in a most memorable way one is the epitome of beauty grace and refinement she is the lady that most women aspired to become in eighteenth century great britain the other is a fiery auburnheaded beauty that stirs passions deep within the men who meet her her familys background gives his parents pause concerning this most desirable woman the decision is not an easy one but one that has to be made  sooner or later the american revolution profoundly affects the fortunes of jonathans family as well as all businessmen in britain america and most of the trading nations of the world it prematurely ends the apprenticeship that he was serving with his fathers brother william it also brings a threat from an old friend of the family that is most unexpected and unwelcomed returning to whitehaven jonathan takes a wife and starts a family of his own tragedy strikes and changes the course of his life thrust into a new role as a father and head of his own household jonathan continues to be confronted with difficulties in both his business and personal life he is offered an opportunity that would not only change his future but change the world life love and destiny are put to the test as jonathan comes face to face with what could be catastrophe or incredible fame and fortune this story is the first in a series of books that will follow this important genius and his descendants as they move from merry old england to the low country of antebellum south carolina to become the rice kings follow jonathan as the abrupt changes of his world throw everything he knows into turmoil check out the website davidhenrylucasbookscom,historical fiction,2014,david lucas
bleak house,it would have been far better if you had never been born esther at 14 has never known love determined to live well earn some love and overcome the shadow of her birth she takes her first steps into an unknown world a family curse a manipulating lawyer poverty and secrets threaten to destroy esthers world are the walls of bleak house strong enough to protect her and her new friends from such powerful forces the reader will be caught up in an unfolding mystery full of surprises perhaps the biggest mystery of all is who is nemo,historical fiction,2019,charles dickens
the godmothers,big little lies set in world war ii era greenwich village an irresistible suspenseful novel about four women who marry into an elegant prosperous italian family and then must take charge of the familys business when their husbands are forced to leave them during the war meet the godmothers filomena is a clever and resourceful war refugee with a childhood secret who comes to america to wed mario the familys favored son amie a beautiful and dreamy french girl from upstate new york escapes an abusive husband after falling in love with johnny the oldest of the brothers lucy a toughasnails irish nurse ran away from a strict girls home and marries frankie the sensuous middle son and the glamorous petrina the familys only daughter graduates with honors from barnard college despite a past trauma that nearly caused a family scandal all four women become godmothers to one anothers children finding hope and shelter in this prosperous family and their sumptuous greenwich village home and enjoying new york life with its fine dining opulent department stores and sophisticated nightclubs but the womens secret pasts lead to unforeseen consequences and betrayals that threaten to unravel all their carefully laid plans and when their husbands are forced to leave them during the second world war the godmothers must unexpectedly contend with notorious gangsters like frank costello and lucky luciano who run the streets of new york city refusing to merely imitate the world of men the four godmothers learn to put aside their differences and grudges so that they can work together to protect their loved ones and to find their own unique paths to success love forgiveness and the futures theyve always dreamed of,historical fiction,2021,camille aubray
a dangerous game,international bestselling author mandy robotham returns with a brand new tale set in 1950s london a gripping story of revenge guilt and redemption sweetened by love daisy wood author of the forgotten bookshop in paris a truly brilliant readi couldnt put it down suzanne kelman author of the bookseller of paris london 1952 seven years after the chaotic aftermath of world war ii london has is coming alive again with jazz clubs and flickering cinema awnings lighting up the night sky but for widowed helen dexie dexter shes still a woman in a mans world she longs to prove herself as an officer in the london metropolitan police yet shes stuck intervening in domestics and making tea for her male colleagues then harri schroder arrives seconded from hamburg to the met haunted by the loss of his wife and child harri is unlike any man dexie has ever known compassionate and sharpwitted he sees her not as a threat but as an intelligent canny officer full of potential and when harri is tasked with hunting down a nazi war criminalturnedrespectedbusinessman with connections to the upper echelons of british society its dexie he turns to for help but as their bond deepens a deadly fog engulfs london dexie and harri must expose the fugitive before he vanishes risking everything for justice  and each other the new gripping and heartwrenching historical fiction novel from international bestseller mandy robotham perfect for fans of kate quinn and kristin hannah readers love a dangerous game this is a book with characters so welldrawn you feel you know them add thrills and a dash of romance and you have a book you cant put down loved it deborah swift author of the shadow network unique and spellbinding i couldnt put it down melanie hudson author of the paris affair well written atmospheric suspenseful with fully developed characters this was a five star read for meanother one i couldnt put down  this story kept me up late at night i wanted to read just one more chapter until i couldnt  mandy robotham takes the reader down this chilling path with twists and turns that keep you guessing and holding your breath  a cleverly crafted mystery thriller set in the great smog of london in the 1950s  really enjoyed it from start to finish and captured the era brilliantly recommended  dont miss this one id give it 10 stars if i could  if you like historical fiction mixed with thriller espionage this book will be for you ,historical fiction,2024,mandy robotham
quinx or the rippers tale,i tiden efter 2 verdenskrig samles en flok sigøjnere med andre i avignon for at fejre åbningen af den mystiske hule der skal indeholde tempelherrernes skat,historical fiction,1985,lawrence durrell
the sweet smell of decay,previously published by beautiful books but now reissued by ab alongside harry lytles continuing adventures,historical fiction,2014,paul lawrence
odysseus,the first title in an epic series following the life of odysseus a man becomes a hero    as a young boy in ithaca odysseus listens in wonder to his grandfather autolykos a man feared by many across the land as a ruthless fighter he learns of his heritage and a lifelong passion is sparked to become an adventurer and warrior in mycenae he meets king eurystheus and learns the terrible story of hercules  the man with godlike strength who slaughtered his family and punished by the king to undertake impossible tasks to earn absolution but is eurystheus the man he says he is when a child comes to odysseus in the middle of the night with another very disturbing version of what happened that fateful night odysseus embarks on the first of his extraordinary quests    so begins the epic story of odysseus the first of two volumes an adventure of love war courage and heroism weaving from a small rocky island in greece to the mighty fall of troy,historical fiction,2013,valerio massimo manfredi
mr pipes comes to america,this novel is the third volume in the mr pipes series it provides readers with a wealth of inspiring information regarding the lives of famous american hymn writers annie and drew continue their actionpacked adventures as mr pipes visits america and teaches them about great hymns from american history grades 710,historical fiction,2007,douglas bond
enemies of the heart,love passion and betrayal will tear one family apart,historical fiction,2008,rebecca dean
black mountain,eerie and compelling christos tsiolkas beginning in the sulphur mines of sicily over a century ago black mountain takes you on a journey through time and back again when a boy sold into slavery finds the courage to escape his brutal life he is saved by a mysterious stranger who raises the boy as his own renamed cesare montenero after sicilys own black mountain mount etna the boy grows up to discover that his rescue was no accident that his physical strength is unnatural and that he has more in common with his saviour than he could have imagined and when he meets the enigmatic celeste he suspects for the first time that he many not be alone based on factual events and ranging through italy paris and the rural fringes of coastal australia black mountain is a haunting exploration of what it means to be human,historical fiction,2014,venero armanno
kings fool,a remarkable insider tale of the intrigue ruthlessness and majesty of the tudor court,historical fiction,2009,margaret campbell barnes
flashman in the great game,one of literatures most delightful rakes is back in another tale of rollicking adventure and tantalizing seduction the plucky flashmans latest escapades are sure to entertain devotees as well as attract new aficionados,historical fiction,1975,george macdonald fraser
late harvest,this passionate west country smuggling saga set in the early 19thcentury is an intriguing departure for tudor mystery writer fiona buckley exmoor 1800 when farmers daughter peggy shawe meets the charismatic ralph duggan son of a socalled free trader its love at first sight determined to prevent the match peggys widowed mother sends her daughter to live with the duggans for six weeks believing she will be put off marriage to ralph when she discovers what life is like among a smuggling family matters take a dramatic turn however when ralphs brother philip is suspected of murder and ralph and philip are despatched to distant relatives across the atlantic heartbroken peggy vows to be reunited with her lover one day but it will be several years before she and ralph are destined to meet again  and in very different circumstances   ,historical fiction,2017,fiona buckley
coming of the storm,at first chickashaw trader black shell is intrigued by the white invaders but he soon learns of their brutality and danger,historical fiction,2010,kathleen oneal gear w michael gear
the betrayals,dizzyingly wonderful    a perfectly constructed work of fiction with audacious twists    collins plays her own game here with perfect skill  the times uk an intricate and utterly spellbinding literary epic brimming with enchantment mystery and dark secrets from the highly acclaimed author of the 1 international bestseller the binding if your life was based on a lie would you risk it all to tell the truth at montverre an ancient and elite academy hidden high in the mountains societys best and brightest are trained for excellence in the grand jeuthe great gamean arcane and mysterious competition that combines music art math poetry and philosophy léo martin once excelled at montverre but lost his passion for scholarly pursuits after a violent tragedy he turned to politics instead and became a rising star in the ruling party until a small act of conscience cost him his career now he has been exiled back to montverre his fate uncertain but this rarified world of learning léo once loved is not the same place he remembers once the exclusive bastion of men montverres most prestigious post is now held by a woman claire dryden also known as the magister ludi the head of the great game at first léo feels an odd attraction to the magistera mysterious eerily familiar connectionthough hes sure theyve never met before as the legendary midsummer game approachesthe climax of the academys yearlongburied secrets rise to the surface and centuriesold traditions are shockingly overturned a highly imaginative and intricately crafted literary epic the betrayals confirms bridget collins as one of the most inventive and exquisite new voices in speculative fiction,historical fiction,2021,bridget collins
mary ann sate imbecile,i would place it among the classics of this century and the last sally bayley author of girl with dove if you tell a story oft enough so it become true as the nineteenth century draws towards a close mary ann sate an elderly maidservant sets out to write her truth she writes of the valleys that she loves of the poisonous rivalry between her employers two sons and of a terrible choice which tore her world apart her haunting and poignant story brings to life a period of strife and rapid social change and evokes the struggles of those who lived in poverty and have been forgotten by history in this fictional found memoir novelist alice jolly uses the astonishing voice of mary ann to recreate history as seen from a womans perspective and to give joyful poetic voice to the silenced women of the past,historical fiction,2018,alice jolly
the last garden in england,from the author of the light over london and the gripping moving kelly rimmer the whispers of war comes a poignant and heartwrenching tale of five women in three eras whose lives are tied together by one very special garden,historical fiction,2021,julia kelly
lucky billy,according to legend billy the kid killed 21 men stole from wealthy cattle barons to give to the poor and wooed just about every seorita in the american southwest acclaimed historical novelist vernon digs deeply into the historical record to offer a portrait of this outlaws dramatic and violent life,historical fiction,2009,john vernon
the outcast girls,1881 girls are going missing from shardlowes school and private detective lily raynor owner of the worlds end investigation bureau is hired to investigate disguised as a nurse she joins the staff while her employee felix wilbraham remains behind lily thinks shes safe  but felix cant shake off his fear that shes in grave danger ,historical fiction,2020,alys clare
the porcelain moon,from the critically acclaimed author of the library of legends comes a vividly rendered novel set in wwi france about two young womenone chinese one frenchwhose lives intersect with unexpected potentially dangerous consequences east meets west in world war i france in the porcelain moon janie chang exhibits her signature trademarkslyrical prose deftly drawn characters and skillful excavation of littleknown historyto give us a rare jewel in a sea of wartime fiction kate quinn new york times bestselling author france 1918 in the final days of the first world war a young chinese woman pauline deng runs away from her uncles home in paris to evade a marriage being arranged for her in shanghai to prevent the union she needs the help of her cousin theo who is working as a translator for the chinese labour corps in the french countryside in the town of noyellessurmer camille roussel is planning her escape from an abusive marriage and to end a love affair that can no longer continue when camille offers pauline a room for her stay the two women become friends but its not long before pauline uncovers a perilous secret that camille has been hiding from her as their dangerous situation escalates the two women are forced to make a terrible decision that will bind them together for the rest of their lives set against the littleknown history of the 140000 chinese workers brought to europe as noncombatant labor during wwi the porcelain moon is a tale of forbidden love identity and belonging and what we are willing to risk for freedom,historical fiction,2023,janie chang
mr timothy,in louis bayards brilliantly imagined novel tiny tim of christmas carol fame has cast his crutches aside determined to cut his financial ties to his uncle ebenezer he now spends his nights dredging the thames for dead bodies and the treasure hidden in their pockets one day he comes across a girls body branded with a mysterious g then he finds another girl with a similar brand  but she is still alive determined to protect philomela and get to the bottom of the mystery tim embarks on an astonishing adventure    with wonderful characters a compelling plot and the vivid atmosphere of victorian london this pageturner is gripping from beginning to end,historical fiction,2005,louis bayard
the return of absent souls,in this stunning conclusion to the after the rift series josie and her friends return home to find glancia on the brink of war and their enemies in power with political machinations and court intrigue bringing danger at every turn they must tread carefully but being careful wont bring resolutions and answers it wont bring back lost memories or stop the nation hurtling into war the only thing that can make everything right is the ultimate sacrifice but will josie make it at the heart of it all is the magic that stole the memories of so many the magic that some people will do anything to get their hands on in a palace full of lies and betrayal josie and her friends must be careful who they trust  or suffer the consequences the return of absent souls is the final book in the after the rift series the books in order are 1 the palace of lost memories 2 the echo of broken dreams 3 the whisper of silenced voices 4 the temple of forgotten secrets 5 the prison of buried hopes 6 the return of absent souls,historical fiction,2020,c j archer
the lady of abu simbel,despite the tremendous shock of the battle of kadesh ramses has not managed to bring the formidable hittite might to its knees rather than continue the struggle he decides to engage in negotiations at the same time he promise nefertati that two temples will be built at abu simbel,historical fiction,2000,christian jacq
the keeners,it is the first year of the potato famine ireland is dying margaret meehan who keens for the dead cannot keen for an entire country however with her young husband now wanted for murder she sets out for a new life in america and discovers the true soul of ireland,historical fiction,2004,maura d shaw
surf smugglers,in the summer of 1917 us troops join the allied forces in the great war back in sunset cove oregon other battles wage anna mcdowell continues to fight old fashioned stereotypes as she runs a newspaper committed to truth despite opposition shes determined to expose ongoing rumrunning and prohibition lawlessness adding to annas frustrations her good friend dr daniel seems to run hot and cold he loves oregon and maybe anna too but hes pulled by his east coast family responsibilities even the lure of a new modern sunset cove hospital doesnt seem enough to keep him in sunset cove meanwhile annas strongwilled daughter katy continues to develop her dress shop by inviting family friend sarah rose to help out but the womans presence tests the small towns tolerance and annas concern that her daughter is growing up too fast is confirmed when katys romantic life takes an unexpected turn which anna fears is influenced by the pressure of a devastating war that is not only changing the entire world but sunset cove as well,historical fiction,2019,melody carlson
the conspiracy of evil,despite the best efforts of the pharaoh senusret and his generals the beautiful acacia tree of abydos is dying but the beautiful priestess isis has an idea to save the tree of life a new pyramid must be built in honour of osiris senusret agrees to the plan  but what the pharaoh doesnt know is that a triple conspiracy has been hatched against him on the one hand the herald the bearded devil who preaches to the desert tribes has decided to seize power by having the pharaoh murdered on the other within senusrets own court an ambitious thieving traitor is plotting to get rid of his master finally iker the scribe deceived by appearances believes that the time has come to settle his scores never has the pharaoh seemed so alone or so vulnerable and never before has the future of egypt been in such great peril,historical fiction,2006,christian jacq
the dukes princess bride,born to an indian maharaja and a british noblewoman princess sarani rao has it all beauty riches and a crown but when saranis father is murdered her only hope is the next ship outcaptained by the boy she once lovedand spurned captain rhystan huntley the reluctant duke of embry is loath to give up his life at sea but duty is calling him home and this is his final voyage leave it to fate that the one woman hes ever loved must escape to england on his ship the dukes princess bridecame along just when i needed it most theres starcrossed swoony steamy love true to the genrebut theres also a subtle searing focus on racism colorism and what it means to belong that is rare for a historical romance which elevates it to a unique and truly resonant readjodi picoult new york timesbestselling author,historical fiction,2021,amalie howard
the sugar palace,under the clamour of the sydney harbour bridge being built nearby grace fairweather is working in her fathers grocery shop in the rocks when she begins making her own confectionery her colourful creations of toffees lollies and chocolates soon become crowd favourites and grace begins to dream of one day opening her own sweetshop when the roguish but irresistible londoner alfie sweeting comes to work for the fairweathers his ambition for her success thrills her with graces natural business acumen and alfies creative sales skills it seems like they could be the perfect pairing  in work and in love  but when alfies criminal past catches up with him both their lives come under threat and grace is forced to make the most difficult decision of all,historical fiction,2023,fiona mcintosh
a woman of substance,dynastic saga,historical fiction,1979,barbara taylor bradford
stork bite,from the novel everything has to be reconciled eventually caddo parish 1913 on an october morning a klansman confronts seventeenyearold david walker at a hidden oxbow lake where he has gone to hunt david accidentally kills the man and hides the crime his determination to protect his family from reprisal drives him far from home and into manhood shreveport 1927 cargie rhymes with margie barre and mae compton are two vastly different young women but both are defying convention to reach for their dreams the men in cargies and maes lives help and hinder them in more ways than one after years in hiding david walker finally resurfaces and we discover the past is never as far from the present as it seems,historical fiction,2020,l k simonds
the story spinner,from the sunday times bestselling author of lady of hay comes this stunning new novel barbara erskine returns with a thrilling new novel in 2024 the legends of wales have been lost to the pages of time silures 384 ad elen is a princess promised to the emperor of rome he had come to wales to find a bride or thats what legend tells camp meadow 2024 cadi is a writer who has discovered elens lost story as she puts pen to paper cadi uncovers her cottage neighbours an ancient meadow she is convinced she can hear soldiers marching  the echoes of time lingering on opening the gate to the meadow behind her house the story is about to begin,historical fiction,2024,barbara erskine
the whisper of silenced voices,the 3rd book in the after the rift fantasy series by bestselling author cj archer,historical fiction,2019,c j archer
fortunes favourites,epic historical novel third in the ancient roman series following the first man in rome 1990 and the glass crown 1991 in retelling the story of spartacus and his doomed slave revolt there are interwoven the exploits of sulla the dictator pompey the descendant of an immensely powerful provincial family and the blossoming of gals julius caesar which leads to his supreme position in roman politics the author is wellknown internationally and her publications include the thorn birds and an indecent obsession,historical fiction,1993,colleen mccullough
iron ties,in the sequel to silver lies as inez stannert struggles to deal with her shaky partnership in leadvilles silver queen saloon a missing husband and a child still back east president ulysses s grant prepares to make an appearance to celebrate the coming of the railroad but old enemies general lawlessness and ruthless competitors could ruin everything mystery  detective,historical fiction,2006,ann parker
shaking tent,shaking tent by anne michael is a historical fiction based on true events and inspired by a personal photograph taken by the authorthe story will make your cry make you mad and make your heart swell with pride in this historical novel the heroine bexley hargrove mirrors the erin brockovichsherlock holmestype efforts to search out the truth in a culture known to only a few through the mystical world of the first nations culture believing in the little people who roam the hoodoos and the fairies who live in the trees through emotional heartache and a budding love story intense family loyalty and love for the fellow man evolves in a story that keeps you guessing the story pulls you into a world unknown by mostremoteunderprivileged and beyond imagination but what exists for the people is cherished the emotional grit and tenacity of the characters succeed in winning victory for the victims at hand but there remains ongoing concerns for mankind bexley hargrove is a successful corporate lawyer at a prestigious law firm in chicago who teams up with a canadian law firm fighting for the rights of a twelve year old greatgranddaughter whose life is in limbo after her parents death the onehundredyear old greatgrandfathers claim to her guardianship is questioned after he contracts a rare cancer unexpected family reunions unveil deep secrets harbored for nearly a century as the lives of these people become entrenched in the largest class action lawsuit ever awarded in canada while a second lawsuit is about to go public this endearing story surprises the reader as the characters develop what seems to be isnt and what isnt seems to beuntil you follow the tale as it blooms and unfolds in unexpected ways the double jeopardy of the first nations people based on the irssa award and current protests of the alberta oil sands projects tug at your heartstrings the story culminates in a beautiful ending just when the reader thinks he has figured out the story something else happensa thrilling plot from beginning to end an amazing set of circumstances that should enlighten mankind to the truth of what was and what could be the tale was first inspired by a single photograph taken by the author in 1979 and further motivated by an event in 2016 when a half billion fish went belly up in the waters around chicago the author includes the emotional gutwrenching apologies of the pope the government of canada and many other religious faiths and leaves the reader wanting to do something anything to further the causes the story will make your cry make you mad and make your heart swell with pride,historical fiction,2017,anne michael
martin farrell,at a time when scotland is ruled by feuding families violence and superstition are rife when martin farrell a poor peatcutters son finds he is the joint heir of the two most powerful families in the land he is caught up in their bloody hatred,historical fiction,1994,janni howker
middlemarch,one of the most accomplished and prominent novels of the victorian era middlemarch is an unsurpassed portrait of nineteenthcentury english provincial life dorothea brooke is a young woman of fervent ideals who yearns to effect social change yet faces resistance from the society she inhabits in this epic in a small landscape eliots large cast of precisely delineated characters and the rich tapestry of their stories result in a wise compassionate and astute vision of human nature as virginia woolf declared george eliot was one of the first english novelists to discover that men and women think as well as feel and the discovery was of great artistic moment,historical fiction,1964,george eliot
angels in the gloom,its march 1916 and joseph reavley stumbling across the wastes of no mans land to rescue a comrade is badly wounded sent home on sick leave he finds recovery slow and hard his sister hannah is caring for him but he cant share the grim reality of life in the trenches with her  anxious as she is about archie her husband away at sea war is changing england at a pace that hannah finds alarming and she wonders if the old certainties will ever return but its a delight to both her and joseph when shanley corcoran an old friend comes to visit corcoran confides in joseph that hes come very close to completing an invention that will paralyse the deadly german uboats soon afterwards however disaster strikes a brilliant young scientist is found murdered and its clear that someone has been betraying secrets to the enemy josephs brother matthew of the sis comes down to investigate and together the two men embark on a search that will solve the crime and lead them to the spy,historical fiction,2005,anne perry
desired by the dukethe dukes unexpected bridehigh seas to high society,the dukes unexpected bride  lara temple sophie trevelyan has been enjoying her visit to london even if her closest companion is an overweight pug then she encounters the dashing duke of harcourt who intrigues her more than is strictly proper max knows he must marry hes looking for the opposite of his highspirited fiancée who died some years ago so he tries to keep his distance from bubbly sophie but when her life is endangered max feels compelled to rescue herwith a very unexpected proposal high seas to high society  sophia james asher wellingham duke of carisbrook was captivated by her he had happened upon lady emma seaton swimming naked and beyond her beauty had seen the deep curling scar on her thigh  a wound that could only be the mark of a sword who was this creature of contradictions something about her brought back tantalizing memories from the past her illfitting threadbare clothes concealed the body of an angel but what kind of woman truly lay behind her refined mask highborn lady or artful courtesan she intrigued him and asher wanted to possess both,historical fiction,2021,sophia james lara temple
his substitute wife,a convenient marriage blake latherop needs a wife in order to keep his business and his betrothed has apparently eloped with another man so when his fiancées sister audrey prescott steps off the train in whisper creek offering to be his bride hes in no position to refuse but its hardly the marriage he had in mind audrey knows she shouldnt have answered blakes letters in her sisters namebut she couldnt bring herself to tell him of his fiancées betrayal now the only way to fix things is through a temporary marriage but as she comes to love her new life in the west audrey dreads the day blake finds another solution to their situation because what started as a marriage of convenience has become so much more for her,historical fiction,2017,dorothy clark
the fallen woman,botanical artist jane saville is devastated when her manipulative mother banishes her to the countryside to protect someone elses honour isolated far from home she is forced to live an impoverished secretive life to save the family from public shame guy attwood is heir to a fortune but prefers his quiet passion for rareapple hunting on behalf of royal kew gardens to building the familys business empire he sets out to find a critically endangered apple species that he dreams of gifting and renaming for his friend the soontobe coronated george v when the paths of these people from two very different worlds collide jane begins to hope for a different future but their new friendship is shattered by jealousy misunderstanding duty and treachery a young boy will inspire jane to defy the powers working against her and prove she is no woman to be outcast set in the picturesque english countryside in a forgotten orchard and beneath the ancient spire of salisbury cathedral this is a heartwrenching story about a woman who finds that in her darkest hour she can harness her greatest strength,historical fiction,2024,fiona mcintosh
the strangled queen,this was the original game of thrones george rr martin the king is dead long live the king philip iv is dead and his great kingdom is in disarray it seems the fatal curse of the templars is plaguing the royal house of france his son has been enthroned as louis x but with his disgraced wife marguerite imprisoned in the chateau gaillard for her adultery louis can produce no heir with which to secure the succession but neither can he marry again while she lives the web of scandal murder and intrigue that once wove itself around the court of the iron king continues to draw in his descendants as the destruction of his dynasty continues apace,historical fiction,2013,maurice druon
the resistance girl,the next gripping and emotional world war ii historical fiction read from international bestseller mandy robotham,historical fiction,2022,mandy robotham
the paris deception,sophie dix fled stuttgart with her brother as the nazi regime gained power in germany now with her brother gone and her adopted home city of paris conquered by the reich sophie reluctantly accepts a position restoring damaged art at the jeu de paume museum under the supervision of the err  a german art commission using the museum as a repository for art theyve looted from jewish families,historical fiction,2023,bryn turnbull
warriors of god,the second volume of the hussite trilogy by the new york times bestselling author of the witcher takes reynevan  scoundrel magician possibly a fool  into the depths of war as he attempts to navigate the religious fervors of the fifteenth century when the hussite leaders entrust reynevan with a dangerous secret mission he is forced to come out of hiding in bohmeia and depart for silesia at the same time he strives to avenge the death of his brother and discover the whereabouts of his beloved once again pursued by multiple enemies he must contend with danger on every front full of gripping action replete with twists and mysteries seasoned with magic and sapkowskis everpresent wit fans of the witcher will appreciate this rich historical epic set during the hussite wars praise for the the tower of fools book one of the hussite trilogy this is historical fantasy done right publishers weekly starred review a fantastic novel that any fan of the witcher will instantly appreciate the gamer a ripping yarn delivered with worldweary wit bursting at the seams with sex death magic and madness joe abercrombie sapkowskis energetic and satirical prose as well as the unconventional setting makes this a highly enjoyable historical fantasy booklist also by andrzej sapkowski the hussite trilogy the tower of fools warriors of god witcher collections the last wish sword of destiny witcher novels blood of elves the time of contempt baptism of fire the tower of swallows lady of the lake season of storms the malady and other stories an andrzej sapkowski sampler eonly translated by david french,historical fiction,2021,andrzej sapkowski
paper sparrow,paper sparrow is a historical novel inspired by reallife events australia 19431955 peggy is born to circumstances that deny her opportunities afforded to others at thirteen she is forced to work as a nursing aide in a home for the elderly aged fourteen she is drugged raped and pregnant peggys dark journey reveals a massive baby farming industry untold sufferings and lifelong consequences to thousands of postwwii victimssingle women their babies are the stolen white generation peggy meets peter a man of the cloth bineham a master of chinese psychology and lily a welfare officer fighting for social justice they foster her potential and lighten her journey peggys baby is kidnapped from the birthing table and sold to a ruthless couple peggy incites reform through civil society to end social prejudice against single mothers and their children fortune brings work in the fashion industry and a scholarship that will lead to a career in live theatre a heartrending meeting with her child and a sordid society party meant to launch her in the miss australia quest destroy her will to live yet peggy miraculously survives a deepsea baptism and finds the strength to promote benevolence communication and beauty,historical fiction,2021,magda palmer
one little sin,sir alasdair maclachlan is a dashing manabouttown and his rakish behaviour towards women have gained him a notorious reputation but now his cavalier past is about to catch up on him when a beautiful stranger turns up on his doorstep complete with a basket full of surprises,historical fiction,2007,liz carlyle
the deep enders deadline,dive into the heart of a cutthroat town in dave reardons detective fiction story that is full of mystery action and unbreakable bonds,historical fiction,2024,dave reardon
rainbows on the moon,a young missionary sent to hawaii with her new husband to convert the natives emily stone fights her developing feelings toward a handsome captain stationed there and makes friends with chiefess pua and her daughter mahina until a tragedy forces her to leave,historical fiction,2014,barbara wood
the adventurer,the latest romance from this author follows the fortunes of a man determined to raise himself above the drudgery of a ninetofive job when he accidentally overhears about the death of the only son of a wealthy financier he takes fate into his own hands and goes to offer his condolences from the author of the mask of love,historical fiction,1997,barbara cartland
orchids and diamonds,begining her career at the house of landell in 1907 paris juliette meets and falls in love with nikolai karasvin a russian count pursuing a career as a sculptor but they are soon separated by world war i,historical fiction,1995,rosalind laker
the gates of hell,a campaign of murder as alexander nears his greatest challenge it is 334bc alexander and his troops have crossed into asia and shattered the persian army at the battle of the granicus marching south he has conquered all in his path including the great city of ephesus but he knows and his enemies know that the great prize is the city of halicarnassus strategically important and with fortifications to make any attacker despair alexander by now known as great besieger of cities must take halicarnassus the city has a link with his own past his difficult relationship with his father he needs to prove something to himself the cities commanders alexanders old enemy memnon of rhodes the persian orontobates and the greek renegade ephialtes plot to ensure that alexander will meet his nemesis at their gates fortifications are redoubled and a trap is prepared this time surely they will bring down the macedonian wolf and bring his dreams of conquest to nothing alexanders court is set up close to the city and his physician and boyhood friend telamon is there even as alexander brings up his troops for one of the most dramatic confrontations in the ancient world a s,historical fiction,2003,p c doherty
city of spies,foyles war meets the bletchley circle in this thriller where no one is who they claim to be,historical fiction,2020,mara timon
the henna artist,escaping from an abusive marriage seventeenyearold lakshmi makes her way alone to the vibrant 1950s pink city of jaipur there she becomes the most highly requested henna artist  and confidante  to the wealthy women of the upper class but trusted with the secrets of the wealthy she can never reveal her ownknown for her original designs and sage advice lakshmi must tread carefully to avoid the jealous gossips who could ruin her reputation and her livelihood as she pursues her dream of an independent life she is startled one day when she is confronted by her husband who has tracked her down these many years later with a highspirited young girl in tow  a sister lakshmi never knew she had suddenly the caution that she has carefully cultivated as protection is threatened still she perseveres applying her talents and lifting up those that surround her as she doespublisher description,historical fiction,2021,alka joshi
the long drop, daily telegraphscotland on sunday,historical fiction,2017,denise mina
all souls rising,the 1791 revolt against the french in haiti through the eyes of the parties in the conflict mulattos blacks and whites the protagonists include its tragic leader the aristocratic toussaint louverture who refused to declare independence from france a tale of burning plantations massacres and byzantine politics,historical fiction,1995,madison smartt bell
the girl from the channel islands,new york times bestseller  inspired by the true story of a young jewish girl  hedy bercu  who fled to jersey from vienna only to find herself trapped on the island during the german occupation,historical fiction,2021,jenny lecoat
twobits,they said he was not worth twobits a mere quarter of a dollar but to those who came to know him he proved that he was worth far morethe story  the life of a cavalry horse was not an easy one twobits and other horses like him shared hard service and danger with the soldiers who rode them those men fortunate enough to ride twobits soon became aware that he was a different kind of horse a special horse a horse they could trust with their lives his courage and loyalty saved his riders more than once soldiers of all ranks came to rely on him in times of danger he never failed them they never forgot himthe history  twobits was a real cavalry horse during his career he served with the regiment of mounted riflemen the third united states cavalry regiment the first regiment of new mexico cavalry and lastly as an officers mount in the fifth united states infantry with the exception of a few horses of famous generals the service of the millions of other horses was seldom recorded unless they performed an outstanding feat twobits was an exception because he demonstrated remarkable qualities and performed amazing exploits throughout his service his last owner lieutenant charles albert curtis recognized twobitss special qualities and recorded his story few others can match itbook extra  includes the original november 1889 st nicholas childrens magazine article by captain curtis that inspired this book,historical fiction,2013,robert j trout
the lady from burma,in allison montclairs the lady from burma murder once again stalks the proprietors of the right sort marriage bureau in the surprisingly dangerous landscape of postworld war ii london,historical fiction,2023,allison montclair
take heart,halley st john was thrilled when she inherited a ranch in wilder wyoming the penniless exsocialite was in dire straits and knew the ranch was her only life but life on the rough frontier is harder than halley expectedespecially when some of the locals try to drive her out of town soon halley proves her mettle with the men in town by refusing to buckle under their pressureand gains the respect of a handsome rancher in the process,historical fiction,1996,lisa higdon
the valley of death,during the crimean war renowned as one of the most brutal and bloody conflicts of the nineteenth century sergeant jack crossman is part of the proud 88th regiment the connaught rangers tough shrewd and skilful he is singled out to go on a secret mission to undermine the russian defenses in the besieged city of sebastopol almost killed in his attempt he returns just in time to take his place in the thin red line at the battle of balaclava where he will witness the tragic and hopeless charge of the light brigade,historical fiction,1999,garry douglas
summer at mount hope,from the bestselling author of the dressmaker now a major motion picture starring kate winslet in cinemas october 2015 phoeba crupp is a young woman who lives with her parents and sister on a small farm near geelong in the 1890s her father is an eccentric exaccountant who moved his family from the city in order to establish a vineyard a decision her mother bitterly  and loudly  resents while her sister makes a play for the local squatters son phoeba is content with her best friend harriet until circumstances push her towards the world of men and money like hams first novel the dressmaker summer at mount hope is a black comedy which also contains a more serious strand about the efforts of a woman a century ago to be free,historical fiction,2005,rosalie ham
the rice kings book three,life and times of jonathan lucas i,historical fiction,2020,david henry lucas
the splintered kingdom,england 1070 renowned for his exploits the knight tancred has become a lord in his own right with men to command and a manor to call home on the turbulent welsh marches but his hardfought gains are soon placed in peril as the normans newly won kingdom falls under siege on all sides a coalition of enemies both old and new prepares to march and king williams fragile hold on england is brought to breaking point amidst the turmoil and with rivals seeking to undermine him tancred is chosen to lead an expedition deep into wales his sternest challenge yet it will be either his chance for glory or his undoing,historical fiction,2012,james aitcheson
the sapphire child,in the dying days of the raj can paths divided by time and circumstance ever find each other again in 1930s northern india childhood friends stella and andrew have grown up together in the orbit of the majestic raj hotel spirited stella has always had a soft spot for boisterous andrew though she dreams of meeting a soulmate from outside the closeknit community but life is turned on its head when one scandal shatters their friendship and another sees her abandoned by the man she thought she loved as the second world war looms andrew joins the army to fight for freedom meanwhile in india stella reeling from her terrible betrayal also throws herself into the war effort volunteering for the womens auxiliary corps resigned to living a lonelier life than the one she dreamed of as a child when andrew returns to the east on the eve of battle with japan the two former friends are reunited though bitter experience has changed them can they rekindle what they once had or will war demand of their friendship the ultimate sacrifice,historical fiction,2020,janet macleod trotter
a court of betrayal,anne obrien gets right inside the heads of her characters joanna hickson a terrific storyteller the daily telegraph alls fair in love and war the welsh marches 1301 strongwilled heiress johane de geneville is married to richard mortimer earl of march at just fifteen years old soon johane finds herself swept up in a world of treacherous court politics and dangerous secrets as her husband deposes edward ii and rules england alongside queen isabella yet when richard is accused of treason she is robbed of her freedom and must survive catastrophic events in her fight for justice  with her life and her childrens hanging in the balance will she pay for her husbands mistakes or will she manage to escape from a terrible fate,historical fiction,2024,anne obrien
the long shadow,in the morland dynasty series the majestic sweep of english history is richly and movingly portrayed through the fictional lives of the morland family it is 1670 and morland place has flourished under ralphs stewardship while annunciata is a great lady of the court splendid futures seem to be promised for her children but the religious rift opened by henry viii has never been fully healed and conflict resurfaces at the accession of the catholic james ii frightening times ensue when it is impossible to know who to trust annunciata herself is put on trial while jealousy betrayal and sudden death threaten her family and in the shadow of revolution comes a new love to annunciata one that can only lead to tragedy,historical fiction,1983,cynthia harrodeagles
yankee mission,1812 off the coast of brazil hms java a proud british 38gun frigate is captured in battle by the american uss constitution  signaling across the worlds oceans a challenge to britains naval premiership that cannot be ignored back in england captain sir thomas kydd is enjoying a moment of normal life with his wife and his newborn son with his thunderer in dock receiving some wellearned repairs he is momentarily without a command its a position the admiralty does not leave him in for long and he is soon given a mission engage the young republic in a fair fight frigate against frigate and restore the navys reputation and they have just the ship and crew for him    tyger but on reaching the us east coast kydd and his trusted tygers realizes that the hardest part of their mission will be drawing out one of the yankee menowar to engage in battle  especially once the americans get wind of his purpose its a tall order requiring every ounce of the crews guile and persistence  and when fortune turns against them kydd finds not only his career but his life hanging in the balance,historical fiction,2023,julian stockwin
lost seeds,shaped by the ghost of their parents former enslavement two brothers dub and tim must decideconfront the past or suffer the consequences forever in this riveting continuation of the brisco family saga brothers dub and tim strive to persevere against their early 1900s postslavery beginningsclashing with their history of family trauma and their different coping mechanisms for living in a world that doesnt accept them while dub becomes a respected coal miner and finds prosperity for his family tim continues a slow descent into a fog of psychosis alcoholism and perpetual joblessnessforced to live an isolated existence on dubs property despite his desire for deeper connection when the ultimate tragedy strikes and the family is forced to confront the deepseated racism of their small town and the resentments they hold toward one another the brothers are forced to confront the wounds of their past leaving them wondering if their actions are the toll exacted for the next generations progress will they overcome their disparate lives and animosity toward one another and come together to protect the next generation or is it too late set against the backdrop of 1960s america lost seeds the legacy is a suspenseful tale of love heartbreak and the enduring bonds of brothers as the echoes of personal and collective history reverberate through the lives of dub tim and their descendants their story serves as a powerful reminder that sowing the seeds of progress is often paid in blood sweat and fractured pieces of the heart,historical fiction,2024,teresa mosley sebastian
nothing left to fear from hell,a battle lost a daring escape a long walk into obscurity the ultimate failurein the aftermath of the disastrous battle of culloden a lonely figure takes flight with a small band of companions through the islands and mountains of the hebrides his name is charles edward stuart better known today as bonnie prince charlie he had come to the country to take the throne now he is leaving in exile and abject defeatin prose that is by turns poetic comic macabre haunting and humane multi awardwinning author alan warner traces the frantic last journey through scotland of a man who history will come to define for his failure,historical fiction,2023,alan warner
the dreamtime,a young boy finds that his gifts for drawing and shaping figures from clay ostracize him from his people and wanders from tribe to tribe in search of understanding,historical fiction,1967,henry treece
lady sarahs redemption,when lady sarah miles becomes the sole survivor of a shipwreck she assumes the identity of her illfated travelling companion to avoid an arranged marriage masquerading as governess to the daughter of dashing roland hawthorne the mutual attraction between sarah and her employer quickly turns to love but sarahs past returns to haunt her revealing more secrets than just her false identity determined to redeem herself in rolands eyes she unwittingly plays into the hands of an unexpected adversary with sarahs honour at stake can rolands daring plan succeed or will the woman he loves be lost to him forever,historical fiction,2014,beverley eikli
a suitable heir,secrets and lies can destroy a marriage eleanor finch loves to paint and she loves babies her six siblings are all married with babies lots of babies and she is desperate to escape her lonely existence and have a family of her own viscount julian heyer a childless widower is looking for a wife who can provide him with an heir rich charming and an art lover he finds eleanor with her large family and wide hips a perfect candidate love blossoms five childless years later eleanor is blamed and julian becomes cruel in his disappointment he needs an heir and refuses to accept he may be infertile divorce looms robert heyer julians evil twin is dying and hell bent on wreaking julians life before he goes robert sends eleanor on a quest to expose the dark family history of infertility infidelity insanity murder and suicide but will roberts dying words prompt eleanor to do the unthinkable and find the courage to achieve her dreams,historical fiction,2023,elsie king
the black earth,1922 young zoe haggitiris is forced to flee with her family during the turkish invasion of smyrna when tragedy strikes in the midst of their escape zoe is found floating alone in the icy waters and is rescued by a passing ship caught up in a sea of desperate refugees her life is touched by an english boy tom collyer before the compassion of a stranger leads her into a new life 1941 greece in the chaos of the british retreat tom and zoe are briefly reunited before fate cruelly separates them once more tom will discover that the war will not end so easily for either of them and if they can find their way back to each other that nothing will ever be the same,historical fiction,2019,philip kazan
deception,a world of counterfeit and corruption inside the life of lady grace favourite maid of honour of queen elizabeth,historical fiction,2005,grace cavendish jan burchett
village school,chronicles events in the village year  harvest festivals annual outings and all the goingson of the village school,historical fiction,1955,miss read
a suitable bride,miss harriet evans can shift cows rotate crops and breed pigs but has managing her brothers estate scared off potential suitors harriet would love a family of her own but at twentyfour has she lost her chance of happiness rather than be a dependent spinster harriet wants her own farm but her family disagrees and shes despatched to london to secure a suitable husband captain allister clarens never wanted to be an earl now he has an impressive title massive debt starving tenants unpaid servants and a family to support but hes a soldier and knows his duty he goes to london to find a suitable heiress friendship blossoms and harriet agrees to help allister find a bride four exceedingly rich candidates are selected thwarted love shamefully acquired fortunes and appalling relatives dash the hopes of three of the candidates but lydia looks promising love blooms but will allisters sense of duty prevail and rob harriet of her chance to be the most suitable bride of all,historical fiction,2024,elsie king
the crimson thread,this tapestry thing is very cool and all phoebe said but we just want to get back to our dad can you help us or not yes i can help you but only if you help me sophia replied sure what do you need asked derek cords and threads stained by blood on an archeological trip to turkey sixteenyearold derek paloma and his fourteenyearold sister phoebe experience an earthquake and are separated from their father while exploring an ancient underground city in cappadocia there they stumble upon a mysterious deteriorated tapestry and a time traveler named yaldar together they travel through centuries recovering the needed threads which they bring to the weaver sophia to reconnect the panels and restore the tapestry of time will derek be able to collect a thread from yeshuas robe will phoebe and derek finish their job so they can reunite with their father what is the crimson thread only the tapestry of time will tell,historical fiction,2021,brad pelsue
kerry postle,dont miss the next enthralling story from kerry postle author of a forbidden love coming soon,historical fiction,2019,kerry postle
playing beatie bow,a thrilling adventure story for children and young adults by park ruth playing beatie bow follows abigail as she suddenly finds herself in the sydney of a hundred years ago as the result of a scary game,historical fiction,1982,ruth park
the river of fire,wapping london march 1799 a sunken lugger in the pool of london at last reveals its shocking secret river surveyor tom pascoe of the marine police finds the bodies of two men entombed in the crews cabin suspicion falls on a third member of the crew seen fleeing the scene,historical fiction,2014,patrick easter
always a stranger,when two worlds collide anything is possible   an international affair londons great exhibition has taken the city by storm as its newest royal commissioner lord skyler ridgemont must ensure the performers are properly contracted among them is the delicate and graceful hanako sumaki draped in vivid silk robes hanakos exotic japanese fan dance captivates skylerand he longs to learn more about her   but hanakos enigmatic employer keeps his exquisite charge very close the consummate artist she shows the handsome nobleman many faces but never her true heart which holds a desperate secret when skyler learns the real reason hanako has been brought to london he will risk his entire world to win her trustand save her from losing both body and soul its a feat that will require the type of courage only love can give  ,historical fiction,2014,amara royce
the map of bones,the stunning conclusion to the joubert family chronicles has arrivedmosse is a master storyteller  madeleine miller bestselling author of circetheir journey is over but their story has just begun a sweeping and epic story of adventure and courage injustice and triumph the map of bones by kate mosse is the sequel to the number one bestselling the ghost shipolifantshoek southern africa 1688 when the violent cape wind blows from the southeast they say the voices of the unquiet dead can be heard whispering through the deserted valley suzanne joubert a huguenot refugee from wartorn france is here to walk in her cousins footsteps louise reydonjoubert the notorious shecaptain and pirate commander landed at the cape of good hope more than sixty years ago then disappeared from the record as if she had never existed suzanne has come to find her  to lay the stories to rest but all is not as it seems   franschhoek southern africa 1862 nearly one hundred and eighty years after suzannes perilous journey another intrepid and courageous woman of the joubert family  isabelle lepard  has journeyed to the small frontier town once known as oliftantshoek in search of her longlost relations a journalist and travel writer intent on putting the women of her family back into the history books she quickly discovers that the tragedies and crimes of the past are far from over isabelle faces a race against time if she is not only going to discover the truth but escape with her life   painstakingly researched and beautifully told the map of bones is the fourth  and final  novel of the joubert family chronicles following the bestselling the burning chambers the city of tears and the ghost shippraise for the joubert family chronicleshistorical fiction to devour  anthony horowitz bestselling author of the twist of the knife on the burning chambersan utterly absorbing epic  lucy foley bestselling author of the paris apartment on the city of tearsmeticulously researched and stunningly written  santa montefiore bestselling author of wait for me on the ghost ship,historical fiction,2024,kate mosse
the mammoth hunters,ayla and jondalar embark on a journey that takes them to the mamutoi the mammoth hunters and ayla must make a fateful choice between two menjondalar and ranec the mamutois master carver,historical fiction,1992,jean m auel
secrets of the desert,having discovered a monstrous conspiracy to overthrow the pharaoh ramses the great judge pazair has been deported for a crime he did not commit and sentenced to die in a prison camp but the conspirators have reckoned without the love of neferet the young woman doctor pazair has just married and the courage of suti his friend with the hot head and the generous heart together neferet and suti attempt to rescue pazair so that he can resume his investigation for there are many questions yet to be answered who murdered the veteran guards of the great sphinx who violated the great pyramid and stole the testament of the gods which guarantees pharaohs legitimacy who killed pazairs spiritual master,historical fiction,2005,christian jacq
sleeping beauty and the demon,sleight of hand dragomir starkov poses as an illusionist a showman performing tricks his romanian accent and dark good looks all just a part of the drama thats how rose carlisle first sees him shes a respectable girlshe wouldnt accept witchy birthday gifts from a demon but the hustle and bustle of 1912 new york city offers plenty of ways to slip around the strict old rules of propriety a good thing too because once rose meets drago she no longer cares about being respectable but the only illusion in dragos act is that his magic is smoke and mirrors every word of power he speaks is as real as rose before him in thrall to his lust and adoration drago knows about roses curse that she will die on her next birthday but the shadowy threat that stalks her hasnt won her yet if she can trust him perhaps he can save her too   praise for beauty and the wolf dynamic and sensual paranormal readers will gobble up this sexy read donna grant new york times bestselling author of midnights warrior beauty and the wolf is a deliciously dark retelling of the classic tale that will make you fall in love all over again erin quinn author of the five deaths of roxanne love,historical fiction,2014,marina myles
khontors wrath,what ifa long time ago to avoid extinction the ancient sasquatch interbred with humanswhat ifthe community recovered and for eons lived in harmony with all creationuntil a compassionate act of their healer adia set it all on end coming across an abandoned infant adia rescues the forbidden outsider child and brings it back to kthama the communitys underground home when the leader khontor learns what she has done he takes her act of caring as an affront to his authoritya threat to the peoples welfare she was prepared for him to be angry she was prepared for him to punish her but she was not prepared for khontors wrath,historical fiction,2019,leigh roberts
tour of duty,tour of duty is a fiction novelliterary and historicalset in france 19601966 at the height of the cold war and written with strong characterization conflict and dynamic plots major characters are miles ballard a physician drafted and eager to succeed in providing best care for his patients who frequently clashes with military demands and morality ingrid stern wife of ballards best friend seeking truth about lost relatives and the holocaust alyce read a newspaper journalist documenting capture the suffering and ruination of holocaust victims and survivors,historical fiction,2022,william coles
montana cowboy family,temporary family after discovering one of her young students has been abandoned along with his sisters schoolteacher sadie young whisks them away to the safest place she knowsher own home and when handsome cowboy logan marshal vows to assist her in caring for the children she isnt sure she wants his helpbut she needs it if she lets logan get too close though he may discover the secret shes convinced will be her ruin logan marshall isnt looking for a family but with the parentless children and their unflappable teacher tugging at his heart it appears he has oneat least temporarily the kids would like nothing better than to have a real mother and father and with logan slowly falling for sadie their deepest wishes just might come true,historical fiction,2017,linda carol ford
a game of thrones,fantasyroman,mystery,2011,george r r martin
the narrows,when an infamous serial killer known as the poet reemerges fbi agent rachel walling long haunted by her unsuccessful efforts to bring him to justice receives assistance from lapd detective harry bosch,mystery,2005,michael connelly
tuesday,frogs rise on their lily pads float through the air and explore the nearby houses while their inhabitants sleep,mystery,1991,david wiesner
to the nines,pursuing a skip stephanie travels to las vegas where she meets up with sally sweet joe morelli and ranger and works to outmaneuver a trio of mobsters who are determined to prevent stephanies return home,mystery,2004,janet evanovich
the surgeon,dr catherine cordell investigates when a murderer referred to by the press and the public as the surgeon strikes with a precision that suggests he is a deranged man of medicine,mystery,2001,tess gerritsen
ten big ones,bounty hunter stephanie plum witnesses a gangexecuted robbery and police officer shooting and finds herself targeted by a californiabased killer looking to claim the price that is subsequently placed on her head,mystery,2005,janet evanovich
the runaway jury,the jury in a mississippi tobacco trial appears to be manipulated and controlled,mystery,1997,john grisham
brother odd,loop me in odd onethe words spoken in the deep of night by a sleeping child chill the young man watching over her for this was a favorite phrase of stormy llewellyn his lost love and stormy is dead gone forever from this world in the haunted halls of the isolated monastery where he had sought peace odd thomas is stalking spirits of an infinitely darker nature through twonew york timesbestselling novels odd thomas has established himself as one of the most beloved and unique fictional heroes of our time now wielding all the power and magic of a master storyteller at the pinnacle of his craft dean koontz follows odd into a singular new world where he hopes to make a fresh beginningbut where he will meet an adversary as old and inexorable as time itself st bartholomews abbey sits in majestic solitude amid the wild peaks of californias high sierra a haven for children otherwise abandoned and a sanctuary for those seeking insight odd thomas has come here to learn to live fully again and among the eccentric monks their other guests and the nuns and young students of the attached convent school he has begun to find his way the silent spirits of the dead who visited him in his earlier life are mercifully absent save for the bellringing brother constantine and odds steady companion the king of rock n roll but trouble has a way of finding odd thomas and it slinks back onto his path in the form of the sinister bodachs he has met previously the black shades who herald death and disaster and who come late one december night to hover above the abbeys most precious charges for odd is about to face an enemy who eclipses any he has yet encountered as he embarks on a journey of mystery wonder and sheer suspense that surpasses all that has come before from the hardcover edition,mystery,2007,dean ray koontz
a is for alibi,after serving 8 years for her husbands murder nikki fife is out to find out who really did it,mystery,2005,sue grafton
and then there were none,one by one the guests arrived at the mansion on indian island summoned by a mysterious host and one by one with terrifying meticulousness they were stalked by a cunning murderer utterly bafflingand yet there was a pattern concealed in a nursery rhyme hanging over the fireplace,mystery,2001,agatha christie
the shape of water,follows sicilian detective inspector montalbano as he investigates the suspicious death of an engineer who had made a name for himself in a small town,mystery,2002,andrea camilleri
the road to gandolfo,a wickedly funny robert ludlum youve never met before all the explosive paving of the bourne identity the byzantine treachery of the parsifal mosaic the relentless action of the bourne ultimatum the principal cast general mackenzie hawkings legend hero rogue sam devereaux bright young lawyer from harvard now in the army cant wait to get out general hawkens four exwives a quartet of incredibly endowed women whove formed a club hawkins harem the premise kidnap pope francesco i the most beloved pontiff since john xx iii ransom one american dollar for every catholic in the world the problem pope francesco i says  gentle souls why not,mystery,1982,robert ludlum
twelve sharp,in trenton new jersey bounty hunter stephanie plum is trying to track down a female stalker,mystery,2007,janet evanovich
return to howliday inn,in their fifth adventure the monroe family pets are once again boarded at the chateau bowbow when the monroes go on vacation the kennels creepy goingson continue but this time it appears that murder may have been added to the services illustrations,mystery,2007,james howe
ricochet,detective sergeant duncan hatcher knows he must exercise discretion when investigating a fatal shooting at the home of judge cato laird but he is both suspicious of and attracted to the judges wife,mystery,2006,sandra brown
a purple place for dying,a purple place for dying is the third book in john macdonalds travis mcgee series and mcgee comes upon his most troubling case yet mcgee is brought to the midwest by a big brassy bossy blonde who needs help mona yeoman suspects that her husband has pilfered her trust fund and she wants a divorce mcgees job is to find out what happened to the money mcgee doesnt particularly like yeoman but is tempted to take the case because he needs the money but before he even has a chance to say yes mona is murdered right in front of his eyes and this changes everything what makes things even more mysterious is that her body disappears when the police are called to the scene of the crime,mystery,1995,john dann macdonald
a time to kill,courtroom drama of an inhuman crime,mystery,1992,john grisham
scoob junior novelization scoobydoo,scooby and the gang face their most challenging mystery ever a plot to unleash the ghost dog cerberus upon the world as they race to stop this dogpocalypse the gang discovers that scooby has an epic destiny greater than anyone imagined,mystery,2020,david lewman
seven up,experience the bestselling phenomenon that is sweeping the nation 1 new york times 1 wall street journal 1 entertainment weekly 1 publishers weekly 1 booksense 1 los angeles times blown up all new jersey bounty hunter stephanie plum has to do is bring in semiretired bail jumper eddie dechooch for an old man hes still got a knack for slipping out of sightand raising hell how else can stephanie explain the bulletriddled corpse in eddies garden who else would have a clue as to why two of stephanies friends suddenly vanished for answers stephanie has the devil to pay her mentor ranger the deal hell give stephanie all the help she needsif she gives him everything he wants    messed up as if things werent complicated enough stephanies just discovered her grandma mazurs own unmentionable alliance with eddie add a series of unnerving breakins not to mention the bombshell revelation leveled by stephanies estranged sister and stephanies ready for some good news unfortunately a marriage proposal from joe morelli the love of her life isnt quite cutting it and nowmurder a randy paramour a wily mobster death threats extortion and a triplie kidnapping asidestephanies really got the urge to run for her life    seven up,mystery,2002,janet evanovich
cards on the table,mr shaitana is a strange and wealthy collector of snuff boxes and other objets dart one evening he invites two specialists superintendent battle of scotland yard and crime novelist ariadne oliver to a dinner party to view his special collection four people who have committed murder and gotten away with it as they play bridge after dinner shaitana is daringly murdered by someone at the party battle sets out to solve the crime aided of course by the eager mrs oliver who begins with psychological deductions from the bridge score cards after many red herrings skeletons in the cupboard and two more deaths battle lays his cards on the table,mystery,1993,agatha christie
murder on the orient express,hercule poirot observed his fellow passengers on the orient express a russian princess an english colonel an american with a strange glint in his eye and many more he was looking forward to the journey but is was not to be after a restless night he awoke to find that tragedy had struck,mystery,1968,agatha christie
it wakes in me,sora the high chieftess from the black falcon nation has been plagued with blackouts and fits since her seventh winter as her world went dark two gleaming eyes burned to life inside her she named these occurrences the midnight fox and remembered nothing after them plagued with this terrible spirit illness she looks for healing of her soul and mind the strength to lead her people and the courage to save her own life,mystery,2006,kathleen oneal gear
the night manager,former british intelligence officer jonathan pine attempts to infiltrate the entourage of roper a sinister and powerful englishman responsible for fitting together the pieces for a monumental armsforcocaine deal reprint,mystery,1993,john le carré
where are the children,a mother is accused in the gruesome deaths of her two children,mystery,1992,mary higgins clark
farewell my lovely,marlowes about to give up on a completely routine case when he finds himself in the wrong place at the right time to get caught up in a murder that leads to a ring of jewel thieves another murder a fortuneteller a couple more murders and more corruption than your average graveyard,mystery,1992,raymond chandler
the curious incident of the dog in the nighttime,ya murder mystery despite his overwhelming fear of interacting with people christopher a mathematicallygifted autistic fifteenyearold boy decides to investigate the murder of a neighbours dog and uncovers secret information about his mother whitbread book of the year 2003 wayrba list 2005,mystery,2003,mark haddon
a murder is announced,a childish practical joke or a hoax intended to scare poor letitia blacklock unable to resist the mysterious invitation a crowd begins to gather at little paddocks at the appointed time when without warning the lights go out,mystery,1986,agatha christie
crime and punishment,raskolnikov commits murder he then must deal both with the police and his own guilty conscience determined to overreach his humanity and assert his untrammelled individual will raskolnikov an impoverished student living in the st petersburg of the tsars commits an act of murder and theft and sets into motion a story which for its excrutiating suspense its atmospheric vividness and its profundity of characterization and vision is almost unequaled in the literatures of the world the best known of dostoevskys masterpieces crime and punishment can bear any amount of rereading without losing a drop of its power over our imagination,mystery,1953,fyodor dostoyevsky
contest,from the new york times bestselling author of scarecrow comes an actionpacked novel about a doctor and his daughter trapped in new yorks public library by a contest with a fatal outcome martins press,mystery,2005,matthew reilly
the revenge of the wizards ghost,collapsed in a weird trance johnny dixon is dying professor childermass soon learns whyjohnny is possessed by the spirit of the late warren windrow in a desperate effort to find a clue that will save johnnys life the professor races to the gloomy windrow estate where he finds himself fighting for his own life,mystery,1997,john bellairs
confessor,fantasyroman,mystery,2007,terry goodkind
angels and demons,angels and demons is a breathtakingly brilliant thriller which catapults the reader through the antiquity of rome through sealed crypts dangerous catacombs deserted cathedrals and even the most secret vault on earth,mystery,2005,dan brown
muscle memory,in boston a former basketball player becomes the suspect in his wifes murder ostensibly to collect her insurance but the players lawyer sleuth brady coyne believes it was the work of the mob and tries to clear him,mystery,2003,william g tapply
the angel of darkness,in one of the most critically acclaimed novels of the year caleb carr bestselling author of the alienistpits dr laszlo kreizler and his colleagues against a murderer as evil as the darkest night   ,mystery,1998,caleb carr
missing joseph,when the vicar who has given her so much support is found dead deborah st james begins a journey of personal discovery in order to find out who is responsible,mystery,1993,elizabeth george
the golden ball and other stories,it was an offer the st vincent family could not refuse  a splendid mansion complete with servants with nothing asked for in return but young rupert st vincent suspected a sinister trap ,mystery,1984,agatha christie
plum lovin,receiving simultaneous caches of love letters and hate mail connie rosolli enlists the aid of lula grandma mazur and the enigmatic diesel when she becomes suspicious that her secret admirer and stalker are the same person,mystery,2008,janet evanovich
cry wolf,the year is 1935 shortly before orld war ii from the sea to the schorching deserts of africa to the peaks of its treacherous mountains where a dramatic struggle to stay alive awaits them ,mystery,2001,wilbur smith
the redbreast,the redbreast is the winner of the glass key prize for the best nordic crimenovel and has been voted norways best work of crime fiction,mystery,2006,jo nesbo
for the sake of elena,elena weaver was a surprise to anyone meeting her for the first time in her clingy dresses and dangling earrings she exuded a sexuality at odds with the innocence projected by the unicorn posters on her walls while her embittered mother fretted about her welfare from her home in london in cambridgewhere elena was a student at st stephens collegeher father and his second wife each had their own very different image of the girl as for elena she lived a life of casual and intense physical and emotional relationships with scores to settle and goals to achieveuntil someone lying in wait along the route she ran every morning bludgeoned her to death unwilling to turn the killing over to the local police the university calls in new scotland yard thus detective inspector thomas lynley and his partner detective sergeant barbara havers enter the rarefied world of cambridge university where academic gowns often hide murderous intentions for both officers the true identity of elena weaver proves elusive each relationship the girl left behind casts new light both on elena and on those people who appeared to know her bestfrom an unsavory swedishborn shakespearean professor to the brooding head of the deaf students union whats more elenas father a cambridge professor under consideration for a prestigious post is a man with his own dark secrets while his past sins make him neurotically dedicated to elena and blind to her blacker side present demons drive him toward betrayal,mystery,1992,elizabeth george
the house at riverton,ninetyeightyearold grace bradley is visited by a young director who takes her back to riverton house where she reveals the secret behind the death of a young poet in the summer of 1924,mystery,2009,kate morton
moby dick con cd,in melvilles classic tale of revenge ishmael tells his story of becoming a whaler on the pequod,mystery,2007,herman melville
loves music loves to dance,a killer draws his victims from the women who respond to his personal ads in trendy new york magazines,mystery,1992,mary higgins clark
weep no more my lady,cypress point  the ultimate california spa where the rich and famous pursue health and beauty in unalloyed luxury but lovely young elizabeth lange is after something else the truth about the death of her beloved sister  a famous actress who plunged from the balcony of her manhattan penthouse what she finds will determine the fate of ted winters the handsome business tycoon who stands accused of her murder against a monterey background that sparkles with sun money and glamour elizabeth stalks shadows that darken with dread and danger shadows that threaten to reveal the stunning truth about her sister  and herself,mystery,1987,mary higgins clark
dombey and son,this new edition contains dickenss prefaces working plans and all the original illustrations it is supplemented by a substantial new introduction highlighting dickenss engagement with his times and the touching exploration of family relationships which give the novel added depth and relevance the notes and bibliography have been substantially revised extended and updated,mystery,2008,charles dickens
the no 1 ladies detective agency,set in africa with an engaging heroine who could give miss marple a run for her money,mystery,1998,alexander mccall smith
the husband,landscaper mitch rafferty has sixty hours to come up with two million dollars as a ransom for his kidnapped wife,mystery,2006,dean ray koontz
the daughter of time,a hospitalized english policeman reconstructs historical evidence concerning richard iiis role in the murder of edward ivs two sons,mystery,1988,josephine tey
a bone to pick,a bone to pick by charlaine harris released on nov 24 1993 is available now for purchase,mystery,1994,charlaine harris
get shorty,miami mob littleguy loan shark chili palmer is seriously thinking of a career change when a client skips town pursuit leads him to laand the rest as they say is history,mystery,1990,elmore leonard
turbo twentythree,bounty hunter stephanie plum receives support from prostituteturnedbounty hunter lula guntoting grandma mazur onagainoffagain paramour joe morelli and mentor ranger,mystery,2016,janet evanovich
a case of need,a case of need is michael crichtons awardwinning debut novel written shortly after he completed his medical internship set against the everbuilding pressure and pace of a large boston medical center the tensions flareand explodewhen a surgical operation tragically ends in death raising countless questions was it accidental malpractice a violation of the hippocratic oath or coldblooded murder,mystery,1969,michael crichton jeffrey hudson
the secret in the old lace,while in belgium investigating the mystery surrounding an antique cross nancy and her friends learn that her entry in a short story contest may somehow be involved,mystery,1989,carolyn keene
where are you now,driven to solve the mystery of an older siblings disappearance ten years earlier young lawyer carolyn mackenzie investigates a bizarre community of people who choose to disappear embarking on a quest with lifethreatening consequences,mystery,2009,mary higgins clark
the mystery of edwin drood,tells of the mysterious murder of edwin drood in midnineteenth century england,mystery,1989,charles dickens
evil under the sun,the queen of mystery has come to harper collins agatha christie the acknowledged mistress of suspensecreator of indomitable sleuth miss marple meticulous belgian detective hercule poirot and so many other unforgettable charactersbrings her entire oeuvre of ingenious whodunits locked room mysteries and perplexing puzzles to harper paperbacks the classic evil under the sun one of the most famous of christies poirot investigations has the fastidious sleuth on the trail of the killer of a sunbronzed beauty whose death brings some rather shocking secrets into the light,mystery,1941,agatha christie
my name is red,in the late 1590s the turkish sultan secretly commissions an illuminated book a celebration of his life and his empire at a time of violent fundamentalism however this is a dangerous proposition then one of the miniaturists is murdered the sultan demands an answer within three days,mystery,2001,orhan pamuk
true evil,true evil tells the story of a divorce attorney who may be orchestrating the deaths of his clients spouses bringing new meaning to the phrase til death do us part dr chris shepard is thirtysix years old newly married and well on his way to a perfect life or so he believes but that future is forever cast into doubt the day special agent alexandra morse walks into his office and drops a bombshell dr shepards beautiful new wife is plotting his murder shepard is so shocked that he almost throws agent morse out of his office yet once he is alone doubt begins to gnaw at him paranoia magnifies the small cracks in his marital relationship and soon he can have no peace unless he knows the truth when agent morse reappears chris agrees to act as bait to help her unravel the divorce lawyers scheme which may already have cost nine unsuspecting spouses their lives at the center of the mystery lies a maddeningly simple question if these people really were murdered why cant the fbi prove it rigorous autopsies have uncovered no forensic evidence of foul play and the police believe no crimes have occurred as dr shepard and agent morse struggle against an invisible adversary shepard realizes that hes working with a desperate woman the reason the killers last known victim was alex morses sister who from her deathbed accused her husband of murder and extracted a vow that alex save her tenyearold nephew from his father this has driven alex to risk both her life and her career to fulfill that vow but chris shepard soon feels desperation of his own as he probes his wifes hidden past he is confronted by the probability that the woman he loves wants him deadbook jacket,mystery,2007,greg iles
what mrs mcgillicuddy saw,miss marple helps her friend mrs mcgillicuddy prove she saw a murder,mystery,1957,agatha christie
the black tower,responding to an old friends call commander adam dalgliesh travels to toynton grange a convalescence home in dorset where he finds his friend dead and himself weakened by a recent illness encounters multiple murder and malicious intrigue,mystery,1975,p d james
blood price,blood ties now an original series on lifetimecover,mystery,2013,tanya huff
the mysterious mr quin,prompted by mr quins strange influence mr saterthwaite begins unravelling mysteries that seem insoluble stories include the coming of mr quin the shadow on the glass at the bells and motley the sign in the sky the soul of the croupier the man from the sea and many more,mystery,1993,agatha christie
while my pretty one sleeps,gossip columnist ethel launbston is murdered and boutique owner neeve kearny is plunged into a tangled web not realizing that her own life is threatened,mystery,1990,mary higgins clark
in the last analysis,the classic very first novel in the acclaimed mystery series starring english lit professor kate fansler now repackaged in the exciting new look of the most recent amanda cross mysteries by the author of honest doubt,mystery,1982,amanda cross
fatal voyage,applies her cuttingedge scientific knowhow to the probe of a heartbreaking commercial airliner crash,mystery,2001,kathy reichs
the da vinci code,harvard professor robert langdon receives an urgent latenight phone call while on business in paris the elderly curator of the louvre jacques saunire has been brutally murdered inside the museum alongside the body police have found a series of baffling codes as langdon and a gifted french cryptologist sophie neveu begin to sort through the bizarre riddles they are stunned to find a trail that leads to the works of leonardo da vinci  and suggests the answer to a mystery that stretches deep into the vault of history langdon suspects the late curator was involved in the priory of sion  a centuries old secret society  and has sacrificed his life to protect the priorys most sacred trust the location of a vastly important religious relic hidden for centuries but it now appears that opus dei a clandestine sect that has long plotted to seize the prirorys secret has now made its move unless langdon and neveu can decipher the labyrinthine code and quickly assemble the pieces of the puzzle the priorys secret  and a stunning historical truth  will be lost forever breaking the mould of traditional suspense novels the da vinci code is simultaneously lightningpaced intelligent and intricately layered with remarkable research and detail and in this exclusive edition dan brown allows the reader behind the scenes of the novel which now incorporates over 150 photographs and illustrations throughout the text showing the rich historical tapestry from which he drew his inspiration the visual sources which provide both the backdrop and the stimulus for the novels action are revealed for the first time and uniquely complement the reading experience,mystery,2004,dan brown
endless night,when penniless michael rogers discovers the beautiful house at gipsys acre and then meets the heiress ellie it seems that all his dreams have come true at once but he ignores an old womans warning of an ancient curse and evil begins to stir in paradise as michael soon lears gipysys acre is the place where fatal accidents happenpublisher description,mystery,2012,agatha christie
riverboat ruse,nancy is on a riverboat mystery cruise when an actual theft occurs,mystery,2005,carolyn keene
the beekeepers apprentice  or on the segregation of the queen,a chance meeting with an elderly beekeeper turns into a pivotal personal transformation when fifteenyearold mary russell discovers that the beekeeper is the reclusive sherlock holmes who soon takes on the role of mentor and teacher,mystery,1996,laurie r king
full dark no stars,in four previously unpublished short works a man explores his dark nature a writer confronts a stranger a cancer patient makes a deal with the devil and a woman makes a horrifying discovery about her husband,mystery,2010,stephen king
the anastasia syndrome,trapped in her seventeethcentury past a brilliant writer exacts an ancient revenge in the twentieth a child wanders lost and alone in the maze of new york a lottery ticket turns up a winning combination of love and death,mystery,1990,mary higgins clark
hercule poirots christmas,christmas eve and the lee familys reunion is shattered by a deafening crash of furniture and a highpitched wailing scream upstairs the tyrannical simeon lee lies dead in a pool of blood histhroat slashed when hercule poirot offers to assist he finds an atmosphere not of mourning but of mutual suspicion it seems everyone had their own reason to hatethe old man   ,mystery,1987,agatha christie
wellschooled in murder,authors style compared to p d james and ruth rendell,mystery,1991,elizabeth george
450 from paddington,elspeth looked out the train window into the train drawing alongside and was horrified to see a man strangling a woman the body crumpled and then the other train drew away but no one believed elspeths storyexcept her friend miss marple,mystery,1987,agatha christie
the abc murders,when alice ascher is murdered in andover hercule poirot is already onto the clues alphabetically speaking its one down 25 to go this classic mystery is now repackaged in a digestsized edition for young adults reissue,mystery,1993,agatha christie
the ritual bath,faye kellerman wife of jonathan kellerman bestselling author of when the bough breaks weaves a fascinating mystery set in los angeles orthodox jewish community,mystery,1991,faye kellerman
the wings of the sphinx,food love and murdersicilian stylefeature prominently in the gripping 11th installment of the new york timesbestselling montalbano mystery series,mystery,2009,andrea camilleri
merry christmas alex cross,its christmas eve and detective alex cross is called away from his family to resolve a horrific hostage situation that is spiraling out of control,mystery,2012,james deane patterson
why didnt they ask evans,when a man plunges down a cliff two adventurous young friends decide to find his killer while playing an erratic round of golf bobby jones slices his ball over the edge of a cliff his ball is lost but on the rocks below he finds the crumpled body of a dying man with his final breath the man opens his eyes and says why didnt they ask evans haunted by these words bobby and his vivacious companion frankie set out to solve a mystery that will bring them into mortal danger,mystery,2001,agatha christie
hard news,working as an assistant camera operator for a major news network rune discovers a tape in the networks archives of a man convicted of murder and convinced of his innocence she begins resurrecting the old murder case,mystery,2001,jeffery deaver
the girl with the dragon tattoo,perfectly timed before the july publication of larssons second book in this seriesthe girl who played with firethis international publishing sensation introduces readers to mikael blomqvist and lisbeth salander the stars of both contagiously exciting books,mystery,2008,stieg larsson
false moves,nancy must help her exboyfriend as he tries to clear his new girlfriends name,mystery,1987,carolyn keene
the black opal,abandoned as a baby her exotic beauty prompted hushed whispers of gypsy blood but lovely carmel march remained shrouded in mystery when tragedy struck her adopted home of commonwood house little carmel had been bundled off to australia returning to england as a young woman she became haunted by questions from her past as well as the shocking revelation that she had been rushed from a murder scene those many years ago yet she was convinced that the wrong man had been sentenced for the crime was the answer locked away in her childhood memoryor in the dark secretive behavior of her old childhood friend lucian and what fateful role did the opalsalways present at crucial moments of her lifeplay for only when she released the dark secrets imprisoned at commonwood would she find the freedom to love victoria holts mysteries are among the best minneapolis star  tribune the prolific miss holtcombines suspense and romance with the masters touch boston herald,mystery,1994,eleanor burford hibbert victoria holt
kiss,the policemen of the 87th precinct are uneasy about the threats on a womans life,mystery,1992,ed mcbain
wanted mud blossom,with disappearances a possible kidnapping and maybe even a murder or two its anything but a boring weekend at the blossoms,mystery,1991,betsy cromer byars
the abc murders,a is for ascher cudgeled in andover b is for barnard strangled in bexhill c is for clarke struck down in churston beside each body is an abc railway guide before each murder hercule poirot is notified in one of christies most twisted tales the meticulous belgian sleuth must navigate the eerie maze of a serial killers mind d is for doncaster where the next victim dies e is for evidence ingeniously analyzed,mystery,1936,agatha christie
miss silvers past,karel leden works in the state publishing house in prague where you publish what the party likes or risk life and liberty then the beautiful mysterious lenka silver arrives passions riseand suddenly there is a murder there are plenty of suspects but all that is certain is that the affair is in some way connected to miss silvers past,mystery,1995,josef škvorecký
from doon with death,love and death said chief inspector wexford those were the only two sensational things that ever happened to margaret parsons love and death the thing is they both happened in my district the police knew all about margaret parsons life and by the look of it it was very dull she had been a good woman religious oldfashioned and respectable her life had been as spotless and ordinary as her home as unexciting and dependable as her marriage but it was not margaret parsons life that interested wexford it was her death she had been a predictable ordinary woman  but now she had met a death of passion and violence for which there seemed neither motive nor clue,mystery,2005,ruth rendell
the case of the bizarre bouquets,fourteenyearold enola holmes disguised as a beautiful woman finds clues in floral bouquets as she searches for the missing doctor watson a companion of her famous older brother sherlock,mystery,2009,nancy springer
the redeemer,as christmas approaches detective harry hole investigates the murder of a salvation army singer who turns out to have been shot by mistake,mystery,2009,jo nesbø
from potters field,dr kay scarpetta matches wits with a sadistic killer who infiltrates the fbis topsecret artificial intelligence system and closes in on scarpetta herself,mystery,1996,patricia daniels cornwell
the truth is out there,pour en savoir plus sur la série culte des années 90 pour avoir accès à des informations confidentielles diffusées nulle part ailleurs plongezvous dans le seul guide officiel de la série vous y découvrirez   le résumé complet des enquêtes de fox mulder et dana scully agents du fbi en charge des affaires non classées  des photos inédites  de précieux renseignements sur les conditions de tournage et la réalisation des effets spéciaux  des interviews exclusives du créateur de la série chris carter des deux héros gillian anderson et david duchovny  une étude approfondie des personnages de mulder et scully etc phénomènes paranormaux ovnis vampires réincarnés petits hommes verts manipulations génétiques laissezvous séduire par ces enquêtes au savoirfaire subtil où le vraisemblable nest jamais sûr et linvraisemblable une évidence ,mystery,1995,brian lowry chris carter
bitter medicine,chicago private eye vi warshawski knows from the start that consuelo alvarados baby is trouble consuelo is sixteen diabetic and the daughter of a friend when she goes into labor too early even vis wild drive to get her to the hospital cant save either consuelo or her child soon vi is investigating possible malpractice at the emergency roomand falling for a doctor who works there mixing business and love is always bad medicine but vi finds herself listening to her heart not her head and when a brutal murder and the violent destruction of a womens clinic put her at the center of a very dirty conspiracy justice may be the only remedy for a hurt that cuts deepand chills right to the bone,mystery,1988,sara paretsky
funeral in blue,when two women one of them the wife of the accused killer are found strangled in the studio of a london artist william monk his wife hester and lady callandra daviot set out to clear their friends name,mystery,2002,anne perry
plain truth,the discovery of a dead baby under a pile of old blankets in aaron fishers barn sets off a scandal in amish country and an investigation that could implicate fishers eighteenyearold daughter,mystery,2004,jodi picoult
the black circle,enter the world of geronimo stilton where another funny adventure is always right around the corner each book is a fastpaced adventure with lively art and a unique format kids 710 will love have you met my very young assistant editor pinky pick she is only thirteen years old but she is one of the cleverest mice ive ever known if youve ever wondered how pinky came to work for me at the rodents gazette this is the book for you its a looooong story and one thats full of adventure laughs and of course like all of my books lots of embarrassing moments for yours truly,mystery,2009,patrick carman
fractured,discover second book in the gripping will trent series from the sunday times bestselling crime and thriller author her characters plot and pacing are unrivalled michael connelly one of the boldest thriller writers working today tess gerritsen now a major tv series on disney  when atlanta housewife abigail campano comes home one afternoon she walks into a nightmare a broken window a bloody footprint on the stairs and her teenage daughter lying dead on the landing a man standing over her with a knife the struggle which follows changes abigails life forever now in the relentless heat of a georgia summer special agent will trent must find the brutal killer who has targeted one of atlantas wealthiest most privileged communities  before its too late  crime and thriller masters know theres nothing better than a little slaughter passion intensity and humanity lee child id follow her anywhere gillian flynn a writer of extraordinary talents kathy reichs fiction does not get any better than this jeffery deaver a great writer at the peak of her powers peter james raw powerful and utterly gripping kathryn stockett with heart and skill karin slaughter keeps you hooked from the first page until the very last camilla lackberg amongst the worlds greatest and finest crime writers yrsa sigur ard ttir karin slaughter sunday times bestseller july 2023,mystery,2009,karin slaughter
the mirror crackd from side to side,miss marple,mystery,1962,agatha christie
firestorm,an arson specialist and her evidencesniffing golden retriever are at the heart of johansens latest explosive thriller,mystery,2004,iris johansen
purrfect crime,unique collection of murder crimes muse of humanitys ancient companion the cat,mystery,1996,martin harry greenberg carollynn rossel waugh isaac asimov
death comes as the end,seeking peace after her husbands death the kapriests daughter renisenb returns to her fathers house on the banks of the nile but beneath the calm surface of his prosperous household lurk greed lust and hate when the grisly death of the beautiful and venomous concubine nofret is dismissed as fate renisenb becomes increasingly convinced that the source of evil lurks within  and watches as the familys passion explode in murder,mystery,1993,agatha christie
the moving finger,anonymous letters are sent to almost everyone in the quiet village of lymstock after suicide and murder occur the vicars wife calls in her own expertmiss jane marple,mystery,2000,agatha christie
fatal,matt rutledge has spent the last five years trying to find the link between the deaths of his father and wife he suspects belinda coke had released toxic chemicals into the environment that caused the belinda syndrome,mystery,2002,michael palmer
georges secret key to the universe,george and his new friends annie and her dad eric travel around the universe with the help of erics supercomputer cosmos but someone steals cosmos and it is up to george to save cosmos and eric who has fallen into a black hole includes scientific facts and photos about space suggested level primary intemediate,mystery,2007,lucy hawking stephen hawking christophe galfard
hide,opening up a newspaper to discover that she is supposed to be dead annabelle mary granger finds herself trapped in the middle of a twodecadesold crime that leads her to homicide detective bobby dodge and a confrontation with two separate killers,mystery,2007,lisa gardner
the hound of the baskervilles,part of the andre deutsch classics series a classic mystery story which features sherlock holmes who is called upon to investigate reports of a beast which is terrorizing an american gentleman and his family includes an introduction by trevor mcdonald,mystery,1985,arthur conan doyle
payment in blood,inspector thomas fynley of scotland yard is possessed by a fierce attraction to a murder suspect while investigating the savage slaying of a controversial playwright,mystery,1990,elizabeth george
waiting for wednesday,while consulting on the murder of housewife who was hiding a shocking secret brilliant psychotherapist frieda klein is brought closer to a serial killer who has long escaped detection and wonders if she is solving both cases or if she is the victim of her own paranoid fragile mind,mystery,2014,nicci french
cat among the pigeons,another term has begun at meadowbank a prestigious wellrespected british girls school the indomitable headmistress is preparing to retire and name her successor there is a disconcertingly mature middle eastern princess among the students and several new staff members in residence and a brandnew sports pavilion is the pride of the campus,mystery,1994,agatha christie
second wind,a hurricanechasing trip to the caribbean spells danger for english meteorologist perry stuart as a terrifying accident during his holiday excursion reveals deadly secrets that could get him killed,mystery,2000,dick francis
the pale horse,the pale horse is a converted tudor inn in an english village inhabited by the local witch and an inane medium mark easterbrook thinks them harmless fools until he learns about the gang that specialises in the removal of rich unwanted relatives,mystery,2006,agatha christie hugh fraser
shark music,the final novel in the bestselling mallory series a mutilated body is found lying on the ground in chicago a dead hand pointing down adams street also known as route 66 a road of many names and now of many deaths a silent caravan of cars dozens of them drives down the road each passenger bearing a photograph but none of them the same they are the parents of missing children some recently disappeared some gone a decade or more  all brought together by the word that childrens gravesites are being discovered along the mother road detective sergeant kathy mallory drives with them the child she seeks though is not like the others it is herself  the feral child adopted off the streets her father unknown her mother dead their past a mystery during the next few extraordinary days mallory will find herself hunting a killer like none she has come across before and uncovering the secrets that have haunted her all her life,mystery,2008,carol oconnell
the big four,framed in the doorway of poirots bedroom stands an uninvited guest coated from head to foot in dust the gaunt mans face stares for a moment then sways and falls who is he and what is the significance of the figure four scribbled repeatedly on a piece of paper,mystery,1965,agatha christie
the late show,a pulsepounding thriller introducing a driven young detective trying to prove herself in the lapd,mystery,2017,michael connelly
the other daughter,what you dont know can kill you in texas a serial killer is executed taking to his grave the identity of his only child in boston a nineyearold girl is abandoned in a hospital then adopted by a wealthy young couple twenty years later melanie stokes still considers herself lucky until until the terrifying visions begin until a hasbeen reporter starts investigating her past until the first note arrives saying you get what you deserve melanie had lost all memory of her life before the adoption and now someone wants to give it back even if it includes the darkest nightmare the stokes family ever faced the murder of their first daughter in texas as melanie pursues every lead chases every shadow in the search for her real identity two seemingly unrelated events from twenty years ago will come together in a dangerous explosion of truth and with her very life at stake melanie will fear that the family she loves the most may be the people she should trust the least,mystery,2004,lisa gardner
mystery of smugglers cove,originally published new york simon  schuster c1980,mystery,1988,franklin dixon
the woman in blue,when a woman matching the description of an apparition mistaken for the virgin mary is found dead at the same time an anglican priest begins receiving threatening letters ruth galloway teams up with cathbad and dci harry nelson to investigate a string of deaths tied to religious fanaticism in the medieval town of little walsingham,mystery,2016,elly griffiths
by the pricking of my thumbs,when tommy and tuppence beresford visit an elderly aunt in sunny ridge her gothic nursing home they think nothing of her mistrust of the doctors after all ada is a very old lady  and very difficult,mystery,1968,agatha christie
the colorado kid,a novice newspaperwoman gains insight into the nature of mystery itself when her mentors tell her about a 25yearold unsolved investigation involving a dead man found on a maine beach,mystery,2005,stephen king
diamonds are forever,tiffany case a cold gorgeous devilmaycare blonde stands between james bond and the leaders of a diamondsmuggling ring that stretches from africa to london to the united states bond uses her to infiltrate this gang but once in america the hunter becomes the hunted agent 007 is in real danger until help comes from an unlikely quarter the ice maiden herselfpublisher description,mystery,1964,ian fleming
a dangerous fortune,a great family of merchant bankers infected by the poison of ambition and greed for the pilasters sex and love are weapons in a war for power and wealth one explosive secret becomes the weak link that can bring down a dynasty in 1866 tragedy strikes at an exclusive public school a pupil drowns in a mysterious accident involving several boys among them ate young high pilaster his cousin edward the weak dissolute heir to the pilaster banking fortune and micky miranda the darkly handsome son of a brutal south american landowner the drowning and its aftermath initiate a spiralling circle of treachery that will last three decades and entwine many lives spanning the years when an empire tightens its grip on a faraway world and revolution begets a tide of violent change a dangerous fortune portrays a family bound inexorably by a shared legacy and brings us men and women swept towards a perilous climax where greed fed by the shocking truth of a boys death must be stopped  otherwise not just one mans dreams but those of a nation will die,mystery,1993,ken follett
the naming of the dead,when the leaders of the free world descend on scotland for an international conference every cop in the country is needed to control the mob of protestors in edinburghs streets  except one inspector john rebuss reputation precedes him so while presidents bush and putin confer in isolated splendor rebus mans an empty police station safely out of the way where he cant offend any visiting dignitaries then a delegate falls to his death during a preconference dinner at edinburgh castle and rebus is given what looks like a simple suicide to write up but even as he keeps it out of the headlines rebus probes where no probing is wanted  and doesnt like the side steps and power plays his questions engender and this week edinburgh is a dangerous place to be rebus also investigates the death of a recently paroled rapist murdered in a particularly grisly fashion the discovery of more bodies leads rebus to consider an unexpected and politically unacceptable possibility amid political drama and street theater and with egos on parade at every level rebus works the thorniest case hes ever encountered with danger on a scale beyond his darkest imaginingsbook jacket,mystery,2006,ian rankin
crooked house,shakespeare survey is a yearbook of shakespeare studies and production since 1948 survey has published the best international scholarship in english and many of its essays have become classics of shakespeare criticism each volume is devoted to a theme or play or group of plays each also contains a section of reviews of the previous years textual and critical studies and of major british performances the books are illustrated with a variety of shakespearean images and production photographs the current editor of survey is peter holland the first eighteen volumes were edited by allardyce nicoll numbers 1933 by kenneth muir and numbers 3452 by stanley wells the virtues of accessible scholarship and a keen interest in performance from shakespeares time to our own have characterized the journal from the start for the first time numbers 150 are being reissued in paperback available separately and as a set,mystery,1995,agatha christie
the case of the creative crime,nancy and bess start hunting for an elusive suspect to save the pennington estate nancys best lead comes from someone who wants to remain anonymous,mystery,2002,carolyn keene
the rottweiler,a series of apparently motiveless murders disrupts the lives of some very different people in rendells darkly atmospheric london,mystery,2003,ruth rendell
and then there were none and selected plays,compiles four of christies stage dramas,mystery,2014,agatha christie
the clocks,hercule poirot the relentless belgian detective investigates when a body is found in miss millicent pebmarshs sitting room with four strange clocks set at 413,mystery,1983,agatha christie
everyone in my family has killed someone,knives out and clue meet agatha christie and the thursday murder club in this utterly original jane harper not to be missed karin slaughter fiendishly clever blend of classic and modern murder mystery everyone in my family has killed someone some of us the high achievers have killed more than once im not trying to be dramatic but it is the truth some of us are good others are bad and some just unfortunate im ernest cunningham call me ern or ernie i wish id killed whoever decided our family reunion should be at a ski resort but its a little more complicated than that have i killed someone yes i have who was it lets get started everyone in my family has killed someone my brother my stepsister my wife my father my mother my sisterinlaw my uncle my stepfather my aunt me,mystery,2023,benjamin stevenson
call for the dead,featuring an introduction by the author this is a paperback reissue of the debut novel that introduces one of the most popular characters in espionage fiction george smiley copyright  libri gmbh all rights reserved,mystery,1979,john le carré
the beach house,now available in paperback when law student jack mullen tries to learn the details of the last night of his brother peters life on east hampton jack confronts the paid protectors of the richand learns peter wasnt just parking cars at their summer parties,mystery,2003,james patterson peter de jonge
the seventh function of language,the suspicious death of literary critic roland barthes in 1980 paris reveals the secret history of the french intelligentsia plunging a hapless police detective into the depths of literary theory as it was documented in a famed linguists lost manuscript,mystery,2017,laurent binet
body of evidence,a reclusive writer is dead and her final manuscript has disappeared  someone is stalking beryl madison someone who spies on her and makes threatening obscene phonecalls terrified beryl flees to key west  but eventually she must return to her richmond home the very night she arrives beryl inexplicably invites her killer in  thus begins for dr kay scarpetta the investigation of a crime that is as convoluted as it is bizarre why would beryl open the door to someone who brutally slashed and then nearly decapitated her did she know her killer adding to the intrigue is beryls enigmatic relationship with a prizewinning author and the disappearance of her own manuscript as scarpetta retraces beryls footsteps an investigation that begins in the laboratory with microscopes and lasers leads her deep into a nightmare that soon becomes her own for more about patricia cornwell and her books visit her website at wwwpatriciacornwellcom,mystery,1992,patricia cornwell
the art thief,rome in the small baroque church of santa giuliana a magnificent caravaggio altarpiece disappears without a trace in the middle of the night paris in the basement vault of the malevich society curator genevieve delacloche is shocked to discover the disappearance of the societys greatest treasure whiteonwhite by suprematist painter kasimir malevich london at the national gallery of modern art the museums latest acquisition is stolen just hours after it was purchased for more than six million pounds in the art thief three thefts are simultaneously investigated in three cities but these apparently isolated crimes have much more in common than anyone imagines in rome the police enlist the help of renowned art investigator gabriel coffin when tracking down the stolen masterpiece in paris genevieve delacloche is aided by police inspector jeanjacques bizot who finds a trail of bizarre clues and puzzles that leads him ever deeper into a baffling conspiracy in london inspector harry wickenden of scotland yard oversees the museums attempts to ransom back its stolen painting only to have the masterpieces recovery deepen the mystery even furthera dizzying array of forgeries overpaintings and doublecrosses unfolds as the story races through auction houses museums and private galleries  and the secret places where priceless works of art are made available to collectors who will stop at nothing to satisfy their hearts desires full of fascinating arthistorical detail crackling dialogue and a brainteasing plot noah charneys debut novel is a sophisticated stylish thriller as irresistible and multifaceted as a great work of art,mystery,2007,noah charney
n or m,tommy  tuppence are hired to track down wartime spies at a seaside resort it is world war ii and while the raf struggles to keep the luftwaffe at bay britain faces an even more sinister threat from the enemy within  nazis posing as ordinary citizens with pressure mounting the intelligence service appoints two unlikely spies tommy and tuppence beresford their mission to seek out a man and a woman from among the colourful guests at sans souci a seaside hotel but this assignment is no stroll along the promenade after all n and m have just murdered britains finest agent,mystery,2001,agatha christie
the full cupboard of life,mma ramotswe is still engaged to mr jlb matekoni she wonders when a day for the wedding will be named but she is anxious to avoid putting too much pressure on her fiance for he has other things on his mind  notably a frightening request made of him by mma potokwani,mystery,2003,alexander mccall smith
london match,tautsplendidfirst rate the wall street journal with treason epidemic in london central a cloud of suspicion passes over each senior agent and each falls helplessly into moscow centres brilliant complex trap as london match rushes toward its amazing climax the ultimate decisive confrontation is about to take placebetween samson and the british kgb agent who from the very beginning has held samsons entire life in delicate balance,mystery,1993,len deighton
havana bay,the body what was left of it was drifting in havana bay the morning arkady arrived from moscow he had received an urgent message from the russian embassy in havana saying that his friend pribluda was missing and asking that he come the cubans insisted that the corpse was pribluda but arkady wasnt so sure communism has shrunk to cuba,mystery,2000,martin cruz smith
special topics in calamity physics,med afstikkere i alle litteraturens og videnskabens retninger fortælles om det år da den 16årige blue van meer begynder at sætte spørgsmålstegn ved det liv hun og hendes akademikerfar har levet i overlegen intellektuel foragt for alle undermålerne,mystery,2007,marisha pessl
five go adventuring again,a thief at kirrin cottage who can it be the famous five think they know  but they need proof then they find an old map and an unusual hiding place,mystery,1951,enid blyton
the girl on the train,rachel catches the same commuter train every morning she even feels she knows the people who live in one of the houses jess and jason she calls them their life  as she sees it  is perfect if only rachel could be that happyand then she sees something shocking its only a minute until the train moves on but its enough now everythings changed now rachel has a chance to become a part of the lives shes only watched from afar now theyll see shes much more than just the girl on the train,mystery,2016,paula hawkins
hail hail the gangs all here,the night shift has a murdered gogo dancer a firebombed black church a house full of ghosts and a mother trying to get her twentytwo yearold to come home the day shift a naked hippie lying smashed on the concrete two murderous armed robbers in halloween masks and a man beaten senseless by four guys using sawedoff broom handles altogether its a day in the life but for a certain cop in the 87th precinct it could just be his lastwwwedmcbaincom,mystery,1972,ed mcbain
the secret of the wooden lady,nancy drew and her friends visit an old clipper ship in boston harbor and help captain easterly uncover a mystery,mystery,1967,carolyn keene
the messenger,the messenger is comedic romantic thrilling confronting playful deceptive while it shares qualities with nick hornbys how to be good and iain softleys film kpax it is cleverer subtler and more profound than either and as a bonus determinedly australian australian book reviewmeet ed kennedy  cab driving prodigy pathetic card player and useless at sex he lives in a suburban shack shares coffee with his dog the doorman and hes in nervous love with audrey his life is one of peaceful routine and incompetence  until he inadvertently stops a bank robbery thats when the first ace turns up thats when ed becomes the messenger chosen to care he makes his way through town helping and hurting where necessary until only one question remains whos behind eds mission the messenger by the highly acclaimed author markus zusak is a cryptic journey filled with laughter fists and love,mystery,2002,markus zusak
secret seven mystery,a girl runs away from home  and its up to the seven to find her jacks little sister susie is up to her usual tricks  but she cant put the seven off the trail of clues can they track down elizabeth and discover who stole the money from her school,mystery,1967,enid blyton
the secret of chimneys,little did anthony cade suspect that an errand for a friend would place him at the center of a deadly conspiracy drawn into a web of intrigue he begins to realize that the simple favor has placed him in serious danger,mystery,1989,agatha christie
the kachina doll mystery,at a fitness ranch in arizona nancy discovers the reason for mysterious accidents thought to result from a curse put on the place by hopi indians,mystery,1981,carolyn keene
destination unknown,in paris brilliant nuclear physicist tom betterton simply vanishes  the latest in an odd series of disappearing scientists defections kidnappings a discreet london office wants to know  in morocco beatuiful bereft hilary craven accepts a reckless and topsecret assignment she agrees to pass as bettertons wife on a journey to the heart of a global conspiracy  where mere suspicion means instant murder,mystery,1955,agatha christie
a ticket to the boneyard,cat and mouse thriller exbig apple cop matthew scudder lied to a jury to put psychopath james leo motley behind bars twelve years later the monster is free  swearing revenge on scudder and all who know him,mystery,1995,lawrence block
the day of the jackal,the jackal a tall blond englishman with opaque gray eyes a killer at the top of his profession a man unknown to any secret service in the world an assassin with a contract to kill the worlds most heavily guarded man one man with a rifle who can change the course of history one man whose mission is so secretive not even his employers know his name and as the minutes count down to the final act of execution it seems that there is no power on earth that can stop the jackal,mystery,1971,frederick forsyth
pretend you dont see her,safeguarded by the federal witness protection program a young woman unexpectedly falls in love and decides that she can no longer live a lie embarking on a perilous odyssey into the past to reclaim her own identity 1100000 first printing lit guild main tour,mystery,1997,mary higgins clark
hardy boys 06 the shore road mystery,mystery  the hardy boys mystery 6,mystery,1964,franklin w dixon
bag of bones,when mike noonans wife dies he suffers from writers block until he goes to his retreat sara laughs its a community run by tyrannical devore who is hellbent to obtain custody of his grandchild kyra her mother turns to mike for help but there are others determined to prevent his success,mystery,1998,stephen king
cat and mouse,alex cross is backwith a cast of characters more sinister and deadly than ever with a dying excon looking for revenge on cross an insane killer being chased by the most ruthless agent in the fbi and the body count on the rise tension is at its highest the questions that keep the pages turning are who is the cat and who is the mouse what and where is the final trap and who if anyone will survive copyright  libri gmbh all rights reserved,mystery,1998,james patterson
the hidden staircase,in seeking to solve the mysterious happenings in an old stone mansion nancy uses her courage and powers of deduction and tackles a situation that would have appalled a far older person,mystery,1952,carolyn keene
mystery of the ivory charm,nancy drew determines if an ivory elephant charm really protects its wearer from harm when she investigates the involvement of a member of the bengleton wildanimal show in a mysterious scheme,mystery,1974,carolyn keene
the murder at the vicarage,2 books in 1,mystery,1983,agatha christie
sparkling cyanide,one year ago on november 2nd seven people sat down to dinner at the restaurant luxembourg one of them rosemary barton never got up she was thought to have committed suicide due to postflu depression,mystery,1993,agatha christie
the mystery of the missing necklace,fattys disguises are better than ever no one recognises him as a balloon seller or as the old man in the village burglaries are going on and the police are baffled its a new mystery for the five findouters and dog,mystery,2010,enid blyton
the thanksgiving surprise,when nancys family has company for the holidays a gold ring disappears and nancy has to find it,mystery,1995,carolyn keene
the whispering statue,nancy and her friends establish headquarters in a seaside yacht club to investigate the disappearance of a marble statue in this story is the first appearance of nancys dog togo,mystery,1970,carolyn keene
longshot,in england to interview a successful racehorse trainer writer of travel guides and survival expert john kendall begins digging for the truth and encounters danger,mystery,1992,dick francis
eighty million eyes,meyer meyer and steve carella detectives at the 87th precinct investigate the mysterious poisoning of stan gifford a popular television comedian,mystery,1987,ed mcbain
the crow trap,at an isolated cottage three women come together for an environmental survey team leader rachael lambert betrayed by her lover botanist anne preece indulging in some deception of her own and grace fulwell with secrets of her own and inspector vera stanhope investigating a suicide,mystery,2001,ann cleeves
the pure in heart,krimi kriminalinspektør simon serrailler kaldes hjem fra ferie i venedig til familieproblemer og det daglige sure slid med at lede en travl politistation i en mindre engelsk by hvor ondskab og terror pludselig viser sit modbydelige ansigt,mystery,2005,susan hill
down on my knees,c1 st aid b  t 01172008 1500,romance,2006,victor mcglothin
eligible,a modern retelling of pride and prejudicereturning with her sister jane to their ohio hometown when their father falls ill new york magazine editor lizzy bennett confronts challenges in the form of her younger sisters football fangirl antics a creepy cousins unwanted attentions and the infuriating standoffish manners of a handsome neurosurgeon,romance,2016,curtis sittenfeld
pride and prejudice,the text of pride and prejudice is the 1813 first edition text,romance,1980,jane austen
9nov,when fallon and aspiring novelist ben meet and fall in love the day before fallons crosscountry move they vow to meet on the same date every year until fallon suspects ben is fabricating their relationship to create the perfect plot twist,romance,2016,colleen hoover
simple gifts,4 heartwarming christmas stories,romance,2001,judith mcnaught jude deveraux
twisted perfection,della sloane is not your average girl yearning to break free of her dark and sheltered past and the memories of the illness that claimed her mother della plans a solo road trip to experience real life on her own terms but the trip is nearly cut short in the little beach town of rosemary when she realizes she cant even pump her own gas until woods kerrington shows up more than willing to help out a pretty girl in needpage 4 of cover,romance,2013,abbi glines
the japanese lover,in 1939 as poland falls under the shadow of the nazis young alma belascos parents send her away to live in safety with an aunt and uncle in their opulent mansion in san francisco there as the rest of the world goes to war she encounters ichimei fukuda the quiet and gentle son of the familys japanese gardener unnoticed by those around them a tender love affair begins to blossom following the japanese attack on pearl harbor the two are cruelly pulled apart as ichimei and his family  like thousands of other japanese americans  are declared enemies and forcibly relocated to internment camps run by the united states government throughout their lifetimes alma and ichimei reunite again and again but theirs is a love that they are forever forced to hide from the world decades later alma is nearing the end of her long and eventful life irina bazili a care worker struggling to come to terms with her own troubled past meets the elderly woman and her grandson seth at san franciscos charmingly eccentric lark house nursing home as irina and seth forge a friendship they become intrigued by a series of mysterious gifts and letters sent to alma eventually learning about ichimei and this extraordinary secret passion that has endured for nearly seventy years,romance,2016,isabel allende
the calhouns,the calhoun sisters are determined to save the towers their family home and search for the calhoun emeralds suzanna employs holt bradford to help who is a very sexy man,romance,2005,nora roberts
twisted perfection signed limited edition,della sloane is not your average girl yearning to break free of her dark and sheltered past and the memories of the illness that claimed her mother della plans a solo road trip to experience real life on her own terms but the trip is nearly cut short in the little beach town of rosemary when she realizes she cant even pump her own gasuntil woods kerrington shows up more than willing to help out a pretty girl in need,romance,2013,abbi glines
prince charming,beautiful taylor baker whose fiance has eloped with her odious cousin and whose greedy uncle has his own plans for her escapes to montana with roughedged american lucas ross,romance,1995,julie garwood
because of low,originally selfpublished as an ebook 2012,romance,2013,abbi glines
when im gone,a  novel set in the fictional town of rosemary beach about a texas rancher who falls in love with a housemaid at his rock star fathers estate,romance,2015,abbi glines
stealing home,1 new york times bestselling author sherryl woods returns readers to her world of strong friendships and heartfelt emotions in this classic sweet magnolias novel maddie townsend might live in a town called serenity but theres been nothing calm or peaceful about her life since her marriage broke up this stayathome mom has no job skills an outofcontrol sixteenyearold son a talkative fourteenyearold whos suddenly gone silent a sixyearold daughter whose heart is broken an exhusband whose younger girlfriend is expecting their baby and two best friends who think shes somehow qualified to help them open a fitness spa for women but if maddie is a tad on edge with all that on her plate its nothing compared to the chaos that ensues when she discovers that her sons baseball coach has feelings for her and the whole town disapproves maddies faced a lot of challenges lately with strength and resolve but cal maddox may turn out to be more than she can handle then again he could just be the one man in all of south carolina who can help her find serenity,romance,2014,sherryl woods
captivated,his interest in her was purely professional  or so he told himself,romance,2004,nora roberts
a slice of heaven,emotions run high when the sweet magnolias try to reunite a couple who was meant to be together in this classic from 1 new york times bestselling author sherryl woods when an eating disorder threatens the life of chef dana sue sullivans teenage daughter she has no choice but to bring annies cheating dad back to serenity south carolina she tells herself and her friends its all about annie but the sad truth is she has a boatload of unresolved feelings of her own for ronnie sullivan from the moment ronnie hits town theres no question about his intentions hes there for his daughter to be sure but he wants dana sue back and every move he makes is designed to prove hes a changed man the one thing thats never changed though are the sparks that fly whenever the two of them are in the same room dana sue can deny all she wants that ronnies the only man for her but not a single person in town is buying it no matter the circumstances ronnies return is a sweet recipe for a new beginning,romance,2015,sherryl woods
promise canyon,clay tahoma virgin rivers new veterinary assistant is welcomed by everyone in town except lilly yazhi who believes that his downtoearth attitude and rugged sex appeal is an act to charm wealthy women like his exwife,romance,2015,robyn carr
sometimes it lasts,enduring a longdistance relationship with the beautiful but hottempered eva after landing a baseball scholarship cage resolves to prove his worth when he learns that eva has been consoling herself in the arms of another man,romance,2014,abbi glines
sierras homecoming,after sierra mckettrick moves to her familys ancestral ranch travis reid the triple ms ranch hand proves to be an unwanted temptation and devlin barrows secret past may threaten not only his relationship with rory but also their lives,romance,2015,linda lael miller b j daniels
the spanish love deception,a wedding a trip to spain the most infuriating man and three days of pretending or in other words a plan that will never work catalina martín finally not single her family is happy to announce that she will bring her american boyfriend to her sisters wedding everyone is invited to come and witness the most magical event of the year that would certainly be tomorrows headline in the local newspaper of the small spanish town i came from or the epitaph on my tombstone seeing the turn my life had taken in the span of a phone call four weeks wasnt a lot of time to find someone willing to cross the atlanticfrom nyc and all the way to spainfor a wedding let alone someone eager to play along with my charade but that didnt mean i was desperate enough to bring the 64 blue eyed pain in my ass standing before me aaron blackford the man whose main occupation was making my blood boil had just offered himself to be my date right after inserting his nose in my business calling me delusional and calling himself my best option see outrageous aggravating blood boiling and much to my total despair also right which left me with a surly and extra large dilemma in my hands was it worth the suffering to bring my colleague and bane of my existence as my fake boyfriend to my sisters wedding or was i better off coming clean and facing the consequences of my panic induced lie like my abuela would say que dios nos pille confesadosthe spanish love deception is an enemiestolovers fakedating,romance,2022,elena armas
toxic bachelors,three daunting bachelors embark on a journey to the mediterranean where they face women who challenge their deepest relationship phobias sparking big changes in the oncecarefree trio that just might put an end to their carousing days,romance,2005,danielle steel
above and beyond,trevors love for kylathe widow of his best friendis complicated by a secret that threatens to destroy their fragile relationship,romance,1986,sandra brown
one more chance,a new adult novel about grant and harlow in the rosemary beach series,romance,2014,abbi glines
daughter of the forest,to reclaim the lives of her brothers sorcha leaves the only safe place she has known and starts on a journey of pain loss and terror,romance,2000,juliet marillier
to sir phillip with love,she wrote him a letter and he stole her heart,romance,2003,julia quinn
september,  a story of homecomings and heartbreaks friendships betrayls forgiveness and lovepublishers website,romance,1991,rosamunde pilcher
me before you movie tiein,taking a job as an assistant to extreme sports enthusiast will who is wheelchair bound after a motorcycle accident louisa struggles with her employers acerbic moods and learns of his shocking plans before demonstrating to him that life is still worth living,romance,2016,jojo moyes
dogwood hill,when former pro football quarterback aidan mitchell comes to chesapeake shore to coach the high school team liz march who has sworn off men finds herself falling for him until a devastating secret from his past threatens to destroy everything,romance,2014,sherryl woods
down the rabbit hole,inspired by the enchanting lewis carroll classic a collection of stories takes readers to a place rife with the mad impossible and the curiouser that is neither here nor there and where things are never quite as they seem,romance,2015,j d robb mary blayney elaine fox mary kay mccomas ruth ryan langan
hillbilly rockstar,shes protecting his body and guarding her heart country music star devin mcclain understands theres a downside to life in the public eye but the laidback wyoming cowboy has never imagined hed attract crazed fans who would do anything to garner his attention when veiled threats become real he agrees to hire a discreet security detail but devin is shocked when that bodyguard is a hardbodied woman hes even more stunned to be attracted to the steelyeyed stunner former soldier liberty mastersons return to civilian life has been fraught with challenges until she lands a job with a prestigious security firm but when she agrees to provide personal protection during a crosscountry tour she doesnt realize she has signed up to masquerade as the playboy stars girlfriend though shes more comfortable in combat boots than high heels she has no choice but to appear to be the sexy groupie devin prefers living in close quarters causes the chemistry between them to ignite and devin realizes he wants to turn their charade of a romance into reality although liberty surrenders to his every whim behind closed doors she fears the sexy country star doesnt see the real her and devin cant help but worry when the tour ends that there might not be enough between them to build something that wont fade away,romance,2014,lorelei james
up in flames,the villain of rosemary beach finally gets her own happy ending in the longawaited final novel of the 1 new york times bestselling new adult romance series by abbi glines,romance,2016,abbi glines
mastering the marquess,since the loss of her parents meredith burnley has contented herself with a solitary life looking after her halfsister annabel but merediths peace is shattered when her uncle schemes to marry her off to his son in order to gain her inheritance desperate meredith has only one choice to flee with annabel to their estranged grandparents home but their arrival soon reignites a family scandaland kindles unexpected romance  happily reunited with the girls annabels grandmother resolves to convince her nephew stephen mallory the marquess of silverton to abandon his rakish lifestyle and wed annabel stephen is clearly captivatedbut with the wrong sister determined to make meredith his own stephen embarks on a seduction that will leave her with no choice but to surrender to his touch page 4 of cover,romance,2009,vanessa kelly
special delivery,tells the story of jack watson a wealthy beverly hills businessman and widower who falls in love with his daughterinlaws mother and together they discover a relationship marked by challenges and surprises,romance,1997,danielle steel
west side story,from the silver screen to the great white wayone of the greatest stories of all time they came together through love but violence threatened to tear them apart maria was young and innocent and had never known loveuntil tony and he who had been seeking something beyond the savagery of the streets discovered it with her but marias brother was leader of the sharks and tony had once led the rival jets now both gangs were claiming the same turf tony promised maria that he would stay out of it would he be able to keep his word or would their newfound love be destroyed by sudden death,romance,1990,irving shulman
the girl from summer hill,the first novel of new york times bestselling author jude deverauxs breathtaking series set in summer hill a small town where love takes centre stage against the backdrop of jane austens pride and prejudice enter elizabeth bennet chef casey reddick has had it up to here with men arriving in the charming town of summer hill virginia peace and quiet on the picturesque tattwell plantation is just what she needs but the tranquillity is broken one morning when she sees a gorgeous naked man on her porch enter mr darcy what tate landers hollywood heartthrob and owner of tattwell doesnt need on a bittersweet trip to his ancestral home is a woman spying on him his anger which looks so good on the screen makes a bad first impression on casey  and she lets him know it,romance,2016,jude deveraux
the glass menagerie,the only single edition now available of this american classic about a mother obsessed with her disabled daughter,romance,1999,tennessee williams
a beautiful wedding,you know that abby abernathy unexpectedly became mrs maddox but what do you really know why did abby pop the question what secrets were shared before the ceremony where did they spend their wedding night who else knew about it    and didnt tell everything about abby and traviss elopement was topsecret    until now fans of beautiful disaster and walking disaster will get all of their questions answered in this whirlwind tale of the wedding day and nightprovided by publisher,romance,2014,jamie mcguire
white hot,when her younger brother commits suicide sayre lynch returns to her hometown for the funeral and finds herself drawn into a web cast by her controlling and tyrranical father,romance,2005,sandra brown
a wanted man a stone creek novel,this edition published by arrangement with harlequin books satp verso,romance,2013,linda lael miller
the butterflys daughter,now in paperback from new york timesbestselling author monroe the story of four very different women who embark on a transformational journey following the migrating monarchs across the united states,romance,2012,mary alice monroe
marriage most scandalous,set in regencyera england this latest historical romance by a new york times bestselling author is the story of a spunky aristocratic lady and a brooding mercenary whose services come at a price,romance,2006,johanna lindsey
just for now,amandas infatuation with bad boy preston knows no limits,romance,2013,abbi glines
if not for you,moving away from her oppressive parents in the hopes of taking charge of her own life beth takes a job as a school music teacher and initially resists her attraction to a tattooed mechanic who is the epitome of everything her conservative parents fear,romance,2017,debbie macomber
spirit bound,the international number 1 bestselling vampire academy series by richelle mead is now a major motion picture read it before it hits cinemas in 2014 salvation has its price    fall in love with rose and dimitri all over again in spirit bound the anticipated fifth novel in richelle meads enthralling vampire academy series after a long and heartbreaking journey to siberia dimitris birthplace rose hathaway has finally returned to st vladimirs  and to her best friend lissa dragomir its graduation and the girls cant wait for their real lives outside the academys cold iron gates to finally begin but even with the intrigue and excitement of court life looming roses heart still aches for dimitri hes out there somewhere she failed to kill him when she had the chance and now her worst fears are about to come true dimitri has tasted her blood and she knows in her heart that he is hunting her and if rose wont join him he wont rest until he has silenced her    forever but rose cant forget what she learned on her journey  whispers of a magic too impossible and terrifying to comprehend a magic inextricably tied to lissa that could hold the answer to all of roses prayers but not without devastating consequences now rose will have to decide what  and who  matters most to her and in the end is true love really worth the price penguinteenaustraliacom,romance,2010,richelle mead
thus bad begins,named a best book of the year by the boston globe and los angeles times from the internationally acclaimed author of the infatuations comes the mesmerizing story of a couple living in the shadow of a mysterious unhappy historya novel about the cruel tender punishments we exact on those we love madrid 1980 juan de vere nearly finished with his university degree takes a job as personal assistant to eduardo muriel an eccentric oncesuccessful film director urbane discreet irreproachable muriel is an irresistible idol to the young man but muriels voluptuous wife beatriz inhabits their home like an unwanted ghost and on the periphery of their lives is dr jorge van vechten a family friend implicated in unsavory rumors that muriel now asks juan to investigate as juan draws closer to the truth he uncovers only more questions what is at the root of muriels hostility toward his wife how did beatriz meet van vechten what happened during the war marías leads us deep into the intrigues of these characters through a daring exploration of rancor suspicion loyalty trust and the infinitely permeable boundaries between the deceptions perpetrated on us by others and those we inflict upon ourselves,romance,2016,javier marías
the legacy,an australian sheep ranchers dying wish is that his daughter marry the man who was both her first love and unfaithful to her a decade earlier,romance,1994,linda lael miller
sunset in st tropez,taking a vacation together to grieve over the death of one of their group five friends are dismayed by the ramshackle mansion they find instead of the garden villa they expected and the unexpected appearance of the new girlfriend of the widowed husband,romance,2002,danielle steel
promise me tomorrow,a heartwarming story of love trust and family from the author of the bestselling where the wild rose blooms whispers of moonlight and to know her by name how can rusty convince mr mccandles to trust god and to show love for his son quinton,romance,1997,lori wick
harvest moon,after collapsing at work souschef kelly matlock retreats to her sisters home in virgin river where she meets widower lief holbrook and as romance blossoms between them liefs stepdaughters antics threaten to tear them apart,romance,2015,robyn carr
the pursuit,nick fox international con man and a fugitive on the fbis most wanted list has been kidnapped from a beach front retreat in hawaii but the kidnapper doesnt know that nick has been secretly working for the fbi nicks partner special agent kate ohare takes off in pursuit of the kidnappers the trail leads to belgium france and italy and pits nick against a deadly adversary dragan kovic an exserbian military officer who is planning a crime that will net millions and cost thousands of american lives nick and kate mount the most risky and audacious con theyve ever attempted in an effort to stop kovic from launching a catastrophe of epic proportions,romance,2016,janet evanovich lee goldberg
darling jasmine,at king jamess insistence jasmine is to marry jemmie leslie though they shared a night of unforgettable passion she is adamant in her refusal to marry yet once he sees her again jemmie vows to win the elusive jasmine back    and take her beyond ecstasy,romance,1997,bertrice small
emma,each of these four crocheted afghans by sandy rideout has its own fun details that kids will love such as dimensional wings or a lacy pattern in the edging there are blackandyellow bumble bees buzzing on a red throw sweet lady bugs marching on a white and green afghan multicolored butterflies on a black throw with variegated borders and edging and a dragonfly blanket that is lovely in shades of lavender and blue,romance,1996,jane austen
the viscount who loved me, 1 new york times bestseller the inspiration for season two of bridgerton a series created by shondaland for netflix from 1 new york times bestselling author julia quinn the story of anthony bridgerton in the second of her beloved regencyset novels featuring the charming powerful bridgerton family anthonys story this time the gossip columnists have it wrong londons most elusive bachelor anthony bridgerton hasnt just decided to marryhes even chosen a wife the only obstacle is his intendeds older sister kate sheffieldthe most meddlesome woman ever to grace a london ballroom the spirited schemer is driving anthony mad with her determination to stop the betrothal but when he closes his eyes at night kates the woman haunting his increasingly erotic dreams contrary to popular belief kate is quite sure that reformed rakes do not make the best husbandsand anthony bridgerton is the most wicked rogue of them all kates determined to protect her sisterbut she fears her own heart is vulnerable and when anthonys lips touch hers shes suddenly afraid she might not be able to resist the reprehensible rake herself,romance,2022,julia quinn
sense and sensibility,classics with legible texts you can actually read at a fantastic price,romance,2012,jane austen
love only once,the exquisite niece of lord edward and lady charlotte malory regina ashton is outraged over her abduction by the arrogant devilishly handsome nicholas eden and is determined to make the rogue pay with his heart,romance,1985,johanna lindsey
last voyage of the valentina,originally published in great britain in 2005 by hodder and stoughtontp verso,romance,2006,santa montefiore
second chance,freewheeling fashion magazine editor fiona monaghan meets her matchand oppositein conservative widower john anderson who accompanies her to a paris couture show and unexpectedly steals her heart a development that prompts both to adapt their contrasting lifestyles 900000 first printing,romance,2004,danielle steel
jane eyre,brontes infamous gothic novel tells the story of orphan jane a child of unfortunate circumstances raised and treated badly by her aunt and cousins and eventually sent away to a cruel boarding school it is not until jane becomes a governess at thornfield that she finds happiness meek measured but determined jane soon falls in love with her brooding and stormy master mr rochester but it is not long before strange and unnerving events occur in the house and jane is forced to leave thornfield to pursue her future,romance,2010,charlotte brontë
a loving scoundrel,danny grew up on the streets of london as a pickpocket but jeremy malory rescues her and hires her as his upstairs maid,romance,2004,johanna lindsey
just once,1941 bloomington indiana irvel ellis is too focused on her secret to take much notice in the war raging overseas shes dating sam but in love with his brother hank when pearl harbor is attacked their lives are turned upside down overnight sam is drafted hank wants to enlist but sam insists he stay home and take up the battle on the home front while sam fights in europe an undeniable chemistry builds between irvel and hank but neither would dare cross that line when a devastating telegram comes hank enlists the next day and has just two weeks until he ships out years later hank and irvel make a series of vhs tapes for her to play as she sinks into alzheimers determined to keep some of her memories alive  adapted from publisher info and perusal of book,romance,2023,karen kingsbury
heir of fire,celaena sardothien rises from the ashes to burn even brighter than before celaena has survived deadly contests and shattering heartbreakbut at an unspeakable cost now she must travel to a new land to confront her darkest trutha truth about her h,romance,2015,sarah j maas
the wedding,connor macalister kidnaps and marries lady brenna and professes only to want her for the heir she can give him but he soon realizes he longs to hear that she returns his undying love,romance,2002,julie garwood
a man to call my own,charismatic twins amanda and marlan laton sent to live with their aunt on a sprawling 1870s texas ranch find themselves competing for the love of cowboy neighbor chad kinkaid,romance,2004,johanna lindsey
rising tides,new york times bestselling author nora roberts presents the second novel in a dramatic trilogy of three men who return home to honor their fathers last wishto care for seth a troubled boy in need of a family the first novel sea swept brings the character of cameron quinn a racing boat driver to life here the quiet brother a fisherman ethan quinns character is explored,romance,1998,nora roberts
last sacrifice,the final heart wrenching episode at st vladimirs academy rose is on trial for high treason and the death of queen tatiana someone is trying to frame her and it looks like even dimitri might not be able to save her now,romance,2010,richelle mead
north and south,milton is a sooty noisy northern town centred around the cotton mills that employ most of its inhavitants arriving from a rural idyll in the south margaret hale is initially shocked by the social unrest and povery she finds in her new home town  back cover,romance,1927,elizabeth cleghorn gaskell
a holiday of love,in new york city in the late 1800s a beautiful but clumsy angel turns a lonely mans life around in medieval scotland the intrigues of a christmas mass imperil two highland loversin regency london a worldweary lord receives an outrageous proposaland in modernday colorado a clever twelveyearold plays matchmaker for his bighearted but impractical mother,romance,2005,jude deveraux arnette lamb jill barnett judith mcnaught
fallen too far,blaire wynn left her small farmhouse in alabama after her mother passed away to move in with her father and his new wife in their sprawling beach house along the florida gulf coast she isnt prepared for the lifestyle change and she knows shell never fit into this world then there is her sexy stepbrother rush who is as spoiled as he is gorgeous he is also getting under her skin she knows he is anything but good for her and that hell never be faithful to anyone,romance,2012,abbi glines
impossible,brought together by their mutual interest in art sasha a widowed art gallery owner with grown children and liam a successful artist nine years her junior find new meaning in their lives through their relationship with each other,romance,2005,danielle steel
obsidian,a liz pelletier collection bookp 4 of cover,romance,2012,jennifer l armentrout
savor the moment,wedding baker laurel mcbane is surrounded by romance working at vows wedding planning company with her best friends parker emma and mac lowkey and unpretentious she longs for the seemingly unreachable ivy league lawyer delaney parkers older brother,romance,2010,nora roberts
persuasion,classics with legible texts you can actually read at a fantastic price,romance,2012,jane austen
malafrena,transports the reader to a europe of the imagination orsinia when itale sorde is swept up in the revolutionary storms of his day renouncing both his inheritance and the love of his life for his dream of revolution and the firey woman who wants him for her own,romance,1980,ursula k le guin
sweet ache,the new york times bestselling author of the driven series turns up the heat when a sexy bet turns into so much more hawkin play the bad boy rock star with a good guy heart has lived a lifetime of cleaning up after his twin brothers mistakes hunters most recent screwup could land hawke in jail and risk the bands future hawke agrees to guest lecture at a local college to stay in the judges good gracesand a bet with his bandmate to seduce his sexy teaching assistant is icing on the cake quinlan westin is harder to bed than hawke imagined she knows his type and is determined to avoid the rocker at all costseven if their attraction runs deeper than simple lust just as hawke might finally be winning over the girl his brother has other plans when hunter realizes his twin finally has a weakness hell stop at nothing to take advantage,romance,2015,k bromberg
a new hope,starting over in a small town after the tragic loss of her child florist ginger dysart begins working on a big family wedding before forging a friendship that evolves into something more,romance,2015,robyn carr
wait for you,some things are worth waiting for travelling thousands of miles from home to enter college is the only way 19yearold avery morgansten can escape an event that changed her life forever all she needs to do is keep her head down  the one thing she never planned on was capturing the attention of the only guy who could shatter her defences cameron hamilton is six feet and three inches of swoonworthy hotness she knows she needs to stay away from him but cam is everywhere with his charm his banter and that dimple thats just so lickable getting involved with him is dangerous but ignoring their simmering tension is impossible when avery starts receiving threatening emails and phone calls she realises that someone from her past is refusing to let her go when the devastating truth comes out will cam be there to help her or will he be dragged down with her,romance,2013,j lynn
someone to honor,abigail westcott must contend with the infuriating charms of gilbert bennington the officer who has escorted her wounded brother harry home from the napoleonic wars,romance,2019,mary balogh
sunny chandlers return,sandra brown has won over fans and critics throughout the world with more than fifty new york times bestselling novels her early works were hailed by rendezvous magazine as stories with larger than life heroes and heroines who make you believe all the warm wonderful wild things in life here is the unforgettable story of a woman who returns to her small hometown in the southand finds that the sins of her past are right where she left them never sunny chandler always said shed never go back to the tiny town where she grew up it was just three years ago that she was at the center of a notorious scandaland the good folks of latham green louisiana made it clear theyd never let her forget it so sunny packed up and headed for new orleans and now she wouldnt give up city life for the world but when shes invited to her best friends wedding sunny has no choice but to go home and with her return come the whispersthe looksthe rumors she tried to escape it doesnt take sunny long to see that latham green has nothing new to offer except maybe ty beaumont the moment ty and sunny first meet at a party he can see shes no ordinary woman with her dazzling hair and eyes the color of gold shes a fleshandblood fantasyand ty vows hell have her in his bed before the week is out yet even when he turns on his southern charm sunny makes it clear shes not interested sure a night with ty would be wilder than bourbon street at mardi gras but sunnys not in town to become some good ol boys latest conquest no matter how sexy he is little does she know that ty isntused to taking no for an answerand he isnt about to start now soon what began as an innocent flirtation becomes a tantalizingly slow skillfully deliberate and overwhelmingly seductive pursuit that even sunny finds hard to resist but resist him she will for sunny is harboring an agonizing secretthe painful truth of why she left latham green the way she did what she really needs now is a friendand thats when she discovers there may be more to ty beaumont than meets the eye despite his roguish facade sunny comes to see he has a heart of gold still she doesnt know if she can trust another person with her secret heartbreaknot even the one man who may be able to heal it,romance,2004,sandra brown
fine things,the story of a man who learns that ones capacity to love is not reached until it is tested,romance,1988,danielle steel
the missing sister,from sunday times no1 bestselling author lucinda riley comes the latest installment in the epic multimillionselling series the seven sisters the story of merope the missing sister is waiting to be told    following georg hoffmans revelation that he may have found the missing sister maia and ally discover that all they have to go on is an address of a vineyard in new zealand plus a drawing of an unusual starshaped emerald ring deciding that cece who lives in australia is the closest they send her to investigate with her partner chrissie so begins a race against time to identify the missing sister so she can join her sisters on the titan to lay a wreath at a spot on the aegean sea where ally last saw pa salts boat its a race that takes them across the globe as mary mcdougal the woman who has the emerald ring that can confirm for certain if her daughter marykate is the missing sister has embarked on a world tour after the death of her husband as each sister takes their turn to trace her in new zealand canada england france and ireland the elusive mary manages to slip through their fingers and it seems that she does not want to be found,romance,2021,lucinda riley
the winemakers wife,if you love the beekeepers promiseand the tattooist of auschwitzthen youll adore this beautiful story of love loss hope and survival east of paris in the sundrenched vineyards of northern france lies the famous champagne house maison chauveau but behind the extravagant exterior of the grand house is a world of secrets 1940 when young ines married into the famed chauveau family she dreamed of working alongside her husband and raising their beautiful children but with german occupation comes a life of fear for herself for the husband who has joined the resistance and for celine the jewish wife of their chief vintner as the nazis march ever closer ines will be faced with a terrible choice 2019 liv kent has lost everything her job her husband and the family she thought they were building alone and adrift she leaps at the chance to join her eccentric grandmother on a trip to champagne but its not long before past and present collide and in a desperate search for the truth liv is led straight to the maison chauveau what readers are saying about the winemakers wife a beautifully woven tale of love betrayal and redemption goodreads reviewer 5 stars this is a story of lovethrough generations of the french resistanceand families of blood and choice fabulous read amazon reviewer 5 stars a memorable book that weaves a heartbreaking yet hopeful tale this book is fascinating and a must read goodreads reviewer 5 stars it is a story of love and betrayal its also a story of forgiveness kept me intensely interesteduntil the very end amazon reviewer 5 stars a deeply thoughtful historical fictionnovel based on details of reallife resistance activities that occurred in france during world war ii gwendalynbooksblog i would highly recommendthe winemakers wifeto those who like historical fiction and womens fiction a 5 star for me stories unfolded blog this was a wonderfully twisty book i definitely want to read more from this author the good the bad and the unread,romance,2021,kristen harmel
ps i still love you,lara jean and her love letters are back in this irresistible sequel to to all the boys ive loved before,romance,2015,jenny han
how to entice an enchantress,scarred in a terrible accident the gruff lord kirk becomes a recluse from societyuntil he meets his neighbor a young beauty who shares his love for poetry and books,romance,2013,karen hawkins
northanger abbey,classics with legible texts you can actually read at a fantastic price,romance,2012,jane austen
the marriage spell,the new york times bestselling author of a kiss of fate delivers a spellbinding regency romance where magic is commonplace but desire is the most mysteriousand seductiveforce of all,romance,2006,mary jo putney
almost forever,almost forever by linda howard released on jul 24 1998 is available now for purchase,romance,1998,linda howard
if morning ever comes,a touchingly funny tale from the pultizer prizewinning author of saint maybe ben joe hawkes comes from a large cheerful family of women but when one of his sisters takes her baby and leaves her husband everythingincluding his perceptions of the pastchanges phenomenalthe new york times copyright  libri gmbh all rights reserved,romance,1983,anne tyler
the thirteen,this series of three novellas is unified by an overarching motif in all three tales a mysterious secret society known as the thirteen is at work behind the scenes the men in the group have pledged eternal loyalty to each other and if any member ever finds himself in peril it is the sworn duty of the others to come to his aid honore de balzac uses this premise as a device to explore a wide range of topics including clashes between different classes of society doomed romances and intrigue driven by greed,romance,2014,honore de balzac
northern lights,lunacy alaska  population 506  is nate burkes last chance as a baltimore cop he had watched his partner die  and the guilt still haunts him maybe serving as chief of police in this tiny remote town where darkness falls by midafternoon and temperatures fall to below zero will bring some kind of solace it isnt as if he has anywhere else to go aside from sorting out a runin between a couple of motor vehicles and a moose and pulling apart two brothers fighting overjohn waynes best movie nates first weeks on the job are relatively quiet but as he wonders whether this was all a big mistake an unexpected kiss from feisty bush pilot meg galloway under the brilliant northern lights of the alaska sky lifts his spirit  and convinces him to stay just a little longer born and raised in lunacy meg has learned to be independent but theres something about nates sad eyes that gets under her skin and warms her frozen heart however when two climbers find a corpse on the mountain nate discovers that lunacy isnt quite the sleepy little backwater he imagined,romance,2004,nora roberts
it happened one summer,tessa bailey is back with a schitts creekinspired romcom about a hollywood it girl whos cut off from her wealthy family and exiled to a small pacific northwest beach town where she butts heads with a surly sexy local who thinks she doesnt belong piper bellinger is fashionable influential and her reputation as a wild child means the paparazzi are constantly on her heels when too much champagne and an outofcontrol rooftop party lands piper in the slammer her stepfather decides enough is enough so he cuts her off and sends piper and her sister to learn some responsibility running their late fathers dive bar in washington piper hasnt even been in westport for five minutes when she meets big bearded sea captain brendan who thinks she wont last a week outside of beverly hills so what if piper cant do math and the idea of sleeping in a shabby apartment with bunk beds gives her hives how bad could it really be shes determined to show her stepfatherand the hot grumpy localthat shes more than a pretty face except its a small town and everywhere she turns she bumps into brendan the funloving socialite and the gruff fisherman are polar opposites but theres an undeniable attraction simmering between them piper doesnt want any distractions especially feelings for a man who sails off into the sunset for weeks at a time yet as she reconnects with her past and begins to feel at home in westport piper starts to wonder if the cold glamorous life she knew is what she truly wants la is calling her name but brendanand this town full of memoriesmay have already caught her heart,romance,2021,tessa bailey
chaser,given his wellearned bad boy reputation eric is having a tough time scoring when single jean moves to town she seems heaven sent by the sex gods only problem is she not only wants nothing to do with him but it turns out that shes pregnant starting over in a small town jean is determined to turn her wild lifestyle around and be the kind of mother she always wished shed had since local bar owner and all round hottie eric collins is now determined to steer clear of her pregnant self it should be easy when she goes into labour during a snow storm and her car slides on some ice its eric who comes to the rescue there seems to be a bond between them now but is it enough and can eric give up his manwhore ways to be the man jean needs,romance,2018,kylie scott
the last song,her teenage life turned upsidedown by her parents divorce and her fathers relocation out of state ronnie miller remains bitter three years later when her mother urges her to spend a summer with her father a concert pianist who is quietly immersed in creating a work of art that will become the centerpiece of a local church by the bestselling author of the lucky one movie tiein,romance,2009,nicholas sparks
the klone and i,after thirteen years of marriage and two kids stephanie was devastated when her husband left her for a younger woman suddenly she was alone then a spurofthemoment trip to paris changed everything peter baker was a handsome hightech entrepreneur also visiting the city stephanie was certain it couldnt possibly work but much to her amazement he contacted her when they returned to new york and stephanie embarked on a bizarre and hilarious adventure beyond her wildest dreams shy serious peter chairman of a bionic enterprise was supposed to be away on business instead hes standing at her door wearing satin and rhinestones naturally stephanie thinks its a joke  until the truth suddenly dawns this isnt peter playing a role this is his double calling himself paul klone this wild uninhibited creature isnt even remotely like peter except for his identically sexy good looks this uproarious novel explores the outrageous love triangle that develops between stephanie peterand the klone in a wickedly funny rightontarget look at finding the perfeet mate in an imperfect world bestselling novelist danielle steel reveals insights into the human heart that have made her novels 1 bestsellers around the world,romance,1998,danielle steel
esio trot,mr hoppy loves mrs silver mrs silver loves alfie the tortoise sometimes mr happy wishes he could become a tortoise until one day he finds a way to win mrs silvers heart with the help of a little magic and some cabbage   ,romance,2013,roald dahl
holly,holly believes that she may finally have a chance with the man she has loved for years until she meets an undeniably attractive stranger and spends the weekend with him,romance,2003,jude deveraux
dark guardian,lucian daratrazanoff the dark guardian is drawn to lady cop jaxon montgomery who foolishly made it her lifes work to protect others from harm,romance,2002,christine feehan
a secret affair,written in the same small format as her bestselling love in another town barbara taylor bradfords newest novel tells the story of an illicit fate ful affair when a respected american tv newsman and a young artist meet in venice and fall in love the only hope for sustaining their relationship is via a series of planned rendezvous a secret affair tells their moving story,romance,1996,barbara taylor bradford
now and always,when mysterious events lead katie addison to seek help from sheriff ben okeefe who has a crush on her he wonders if this is the chance he has been waiting for to win her affection,romance,2008,lori copeland
where theres a will,management and organization were julian lords areas of expertise not so for callie marcus with a twohundredpound st bernard who thought he was human and a house in the midst of being demolisheder remodeledcallie was going to need julians expertise as well as his cooperation because even after her death aunt maudie was playing games shed hidden her will and with any luck callie and julian would find itand love,romance,2007,day leclaire
the cottage,in her fiftyfourth bestselling novel danielle steel weaves a compelling story of fame and friendship charmed lives and private strugglesand of three very different men whose lives converge and collide atthe cottage on a sunny day in hollywood a gleaming rollsroyce convertible pulls through the gates of the magnificent estate known asthe cottage modeled after the cottages of newport rhode island the spacious elegant property sitting on fourteen acres of lush bel air fits its owner to a t for the man behind the wheel of the rolls is hollywoods ageless wonder cooper winslow a star of the silver screen for decades a man whose allure to women is the stuff of legend coop exudes grace charm and oldfashioned style but today coop winslow is in for a major surprise hes broke and with no major roles coming his way coop is faced with the heartbreaking prospect of selling his beloved home of forty years or at least renting out the gatehouse and part of the main house a huge blow to coop whose debonair attitude allows him to escape reality much of the time his new tenants mark friedman and jimmy oconnor are busy coping with problems of their own marks wife of sixteen years just walked out and jimmy recently lost his own wife to a devastating illness but everything changes when marks teenage son and daughter move in suddenlythe cottageis transformed with music blasting from every corner teenagers on skateboards crashing into vintage cars and a neverending parade of young starlets streaming in and out to visit coop but amid all the noise and the chaos something unexpected is happening three men who never would have met are becoming friendsand each man finds himself changing in surprising ways coop most of all because beneath the dazzle and flash the impeccably tailored suits and the sheer bravado is a man trying to keep control of his carefully ordered worlda world that is becoming more and more unpredictable with each passing day first a tabloid scandal erupts threatening coops budding romance with a wealthy debutantea stranger approaches coop with stunning newsa devastating accident almost claims the life of one of the housematesand in the midst of it allthe cottagewelcomes a new houseguest with a secret of her own who will change coops life in unexpected ways because among the people who share his cottage and his life coop winslowloner bachelor movie starmay find the rarest of all opportunities a chance to build a happiness he could never have dreamed of on his own and to become the kind of human being he has never been against a glittering backdrop of celebrity and glamour danielle steel digs deeper to tell a story of friendship and love tragedy and second chancesof the choices and unexpected turns of fate that can shape characters and lives from the hardcover edition,romance,2002,danielle steel
to the moon and back,brady bradshaw was a child when the oklahoma city bombing took his mother from him every year brady visits the site on the anniversary to remember her a decade ago he met jenna phillips whose parents were also killed in the attack every year when he returns he leaves a note for jenna ashley baxter blake and her sister kari ryan take a spring break trip with their families that includes a visit to the site to see the memorials famous survivor tree she talks to brady and becomes determined to find jenna and bring them together but is shared heartache enough reason to fall in love  adapted from publisher info,romance,2019,karen kingsbury
dirty,hes an exmusician turned bartender whos a bit rough around the edges shes a brokenhearted bride who ran from a disaster at the altar can this sexy bad boy be the mr right she was looking for all along,romance,2016,kylie scott
the storm sister,ally dapliese is about to compete in one of the worlds most perilous yacht races when she hears the news of her adoptive fathers sudden mysterious death rushing back to meet her five sisters at their family home she discovers that her father  an elusive billionaire affectionately known to his daughters as pa salt  has left each of them a tantalising clue to their true heritage ally has also recently embarked on a deeply passionate love affair that will change her destiny forever but with her life now turned upside down ally decides to leave the open seas and follow the trail that her father left her which leads her to the icy beauty of norway  there ally begins to discover her roots  and how her story is inextricably bound to that of a young unknown singer anna landvik who lived there over a hundred years before and sang in the first performance of griegs iconic music set to ibsens play peer gynt as ally learns more about anna she also begins to question who her father pa salt really was and why is the seventh sister missing,romance,2015,lucinda riley
mansfield park,a new york times bestselling author  in jane austens third published novel after sense and sensibility and pride and prejudice young fanny price is sent to live with her wealthy uncle and aunt sir thomas and lady bertram at mansfield park raised among her four cousins fanny  the poor relation  often goes unobserved in the household making her a unique observer of the ethics morals attitudes and behavior of english society,romance,2010,jane austen
the firebird,from the new york times bestselling author of the winter sea and the vanished days when a woman brings a small wooden carving into the art dealership claiming it once belonged to a russian empress nicola marters boss believes it is worthless but nicola has an unwanted if rare psychic gift holding the firebird in her hands she knows this woman is telling the truth compelled to uncover its true history nicola must put her own past behind her she contacts an old flame who can access the past in a way no one else can together they can find the real story of the firebird following history from scotland to belgium and to st petersburg the firebird is a sweeping story of love sacrifice courage and redemption a journey that spans centuries and lifetimes to connect the past with the future praise for susanna kearsley sometimes an author catches lightning in a bottle and susanna kearsley has done just that new york journal of books a deeply engaging romance and a compelling historical novel bernard cornwell author of the last kingdom kearsley is nothing less than a magician weaving together the past and the present in yet another marvellous genrebending romantic mysterious and utterly unputdownable novel m j rose author of seduction will stay with you long after you put it down her deft touch with historical intrigue is matched only by her delivery of a contemporary heroine who is as unique as she is memorable deanna raybourn author of the dark enquiry fascinating immersive and twisty  twists not only of plot but of character and time diana gabaldon author of the outlander series,romance,2023,susanna kearsley
magic,magic is the mesmerizing new novel from danielle steel whose many 1 new york times bestselling tales have made her one of americas most beloved writers,romance,2016,danielle steel
the last kiss goodbye,assisting a hysterical woman who claims she was forced to commit murder serial killer expert dr charlotte stone remembering a similar claim by a mental patient reluctantly taps her psychic powers to uncover the work of a sadistic serial killer while struggling with torn feelings between her murderous ghost lover and special agent tony bartoli,romance,2013,karen robards
virgin river,recently widowed melinda monroe may have come to virgin river looking for escape from her heartache but instead she finds her home,romance,2019,robyn carr
the darkest lie,gideon the keeper of the demon of lies knows instantly whenever anyone speaks false and suffers whenever he speaks the truth yet when he captures scarlet a demonpossessed immortal who claims to be his wife gideon knows she tells the truth yet cant remember weddingor beddingher,romance,2010,gena showalter
willow brook road,spirited spontaneous carrie winters has grown up under the watchful eyes of not only her grandfather mick obrien but the entire town of chesapeake shores as if that werent enough pressure carrie finds herself drawn to sexy griefstricken sam winslow who is yearning for someone to help him raise the nephew whos unexpectedly come into his life after a tragedy,romance,2015,sherryl woods
bride of the tiger,bride of the tiger by heather graham pozzessere released on feb 23 1996 is available now for purchase,romance,1996,heather graham pozzessere
the play,a brandnew standalone novel in the new york times bestselling briar u series by elle kennedy,romance,2019,elle kennedy
the rana look,a new york times bestseller rana ramsey had a look a style that went beyond beauty that had made her a modeling legend but when she began to feel like an object always sought after but not for herself she ran to a rickety boarding house in a small texas town where nobody knew her and she could be somebody else then quarterback trent gamblin chose to recuperate just down the hall and rana learned she couldnt hide from the world forever available in basic 5 and 6,romance,2002,sandra brown
swipe right,god wants you to have amazing sex there is nothing more powerful on earth than the forces of love sex and romance in fact relationships are a matter of lifeanddeath importance so how you can train today for the relationship you want tomorrow in swipe right levi lusko shares with raw honesty from his own life experiences and gods word how to regretproof your marriage bed and your deathbed resist settling for instant pleasure by discovering what your heart really longs for learn how to avoid and treat sexual scars by careful living today turn the clumsy sex talk with your child into dialogue that leads to wise choices transform a stagnant marriage by trading predictable nearness for mindblowing intimacy gods dreams for your life are not intended to kill your joy but to enhance it whether youre fed up with dating and hooking up as usual tired of being single numb because of porn and casual sex or curious about how to improve your marriage this book is for you praise for swipe right its my hope that whoever reads this will have their thoughts of the heart as seriously provoked as mine have been ryan good producer writer and entrepreneur its a perspective i believe we need now more than ever steven furtick pastor elevation church and new york times bestselling author one day someday there will be a day where you will need the downtoearth wisdom in this book like you will oxygen joel houston songwriter hillsong united and pastor hillsong nyc swipe right isnt just another book of hownottos but an honest gritty and realtime approach to navigating dating sex and romance with our souls and sanity intact judah smith lead pastor the city church and new york times bestselling author of jesus is _____ swipe right is a timely wonderful prophetic and needed message for our generation christine caine founder of the a21 campaign and bestselling author of unashamed if you are wondering what gods plans are for your love life or leading those in search of his plan for theirs you need this book louie giglio pastor of passion city church founder of passion conferences and author of the comeback this is a good book study it ponder it and if you know a fifteenyearold tell them to read it max lucado new york times bestselling author we need the swipe right message now more than ever before lysa terkeurst new york times bestselling author and president of proverbs 31 ministries this is more than just a book its a life jacket  chris tomlin grammy awardwinning musician and author of good good father levi shows that god will light our way if we allow him to carl lentz pastor hillsong nyc funny and engaging while simultaneously practical and hardhitting craig groeschel pastor of lifechurch and author of from this day forward,romance,2017,levi lusko
dating game,when her husband of twentyfour years unexpectedly divorces her a devastated paris armstrong struggles to overcome a broken heart and the disappointment of single life,romance,2003,danielle steel
caged in winter,in this emotional and sexy new adult debut from brighton walsh the only thing more frightening than commitment is hope aspiring chef cade maxwell is immediately viscerally attracted to winter jacobson but its not her mouthwatering curves hes drawn toits the strange emptiness in her eyes when cade saves her from a drunken customer with grabby hands hes shocked at her response winter doesnt need cades help after a lifetime of getting by on her own shes happy to rely on herself shes exactly seventysix days away from graduating college and if she can hold it together that long shell finally be able to rise above the crappy hand she was dealt but now every time she turns around cade is there ready to push her smile at her distract her from her plans winter knows she cant afford to open upespecially to a man shes terrified to actually want,romance,2014,brighton walsh
chasing perfect,when she settles down in fools gold california city planner charity jones who has a past rife with romantic disasters is tempted to take a chance on the towns most famous resident former worldclass cyclist josh golden,romance,2010,susan mallery
texas lucky,following a suspicious fire at his familys ranch ladies man lucky tyler framed by old enemies must find devon haines the beautiful redhead he had rescued at a seedy bar and his only alibi in proving his innocence romance,romance,2008,sandra brown
sons and lovers,a provocative portrait of an artist torn between love for his possessive mother and desire for two young beautiful women it is also the story of paul morels growing into manhood torn by both inner and outer conflict,romance,1977,david herbert lawrence
tara road,thanks to a chance phone call ria from dublin and marilyn from new england switch houses for the summer with extraordinary results when they are drawn into lifestyles vastly different than their own,romance,1999,maeve binchy
gabriels angel,pregnant alone and on the run to protect her unborn child laura malone finds herself stranded on a snowy colorado road and at the mercy of gabriel bradley,romance,1989,nora roberts
unfinished business,its been twelve years but very little in hyattown maryland has changed vanessa sexton has finally come home to the small town after having her heart shattered all those years ago by her high school sweetheart brady tucker but the once reckless boy has become a solid dependable man can she ever trust him again,romance,2019,nora roberts
the risk,book two in the briar u series by new york times bestselling author elle kennedy,romance,2019,elle kennedy
the little paris bookshop,translated from the german by simon pare this is an internationally bestselling novel about the distance one man will travel for the sake of love and friendship with appeal to fans of the elegance of the hedgehog and the unlikely pilgrimmage of harold fry the international bestseller translated from the german by simon pare on a beautifully restored barge on the seine jean perdu runs a bookshop or rather a literary apothecary for this bookseller possesses a rare gift for sensing which books will soothe the troubled souls of his customers the only person he is unable to cure it seems is himself he has nursed a broken heart ever since the night twentyone years ago when the love of his life fled paris leaving behind a handwritten letter that he has never dared read his memories and his love have been gathering dust  until now the arrival of an enigmatic new neighbour in his eccentric apartment building on rue montagnard inspires jean to unlock his heart unmoor the floating bookshop and set off for provence in search of the past and his beloved,romance,2015,nina george
anne,while investigating a mysterious death at the resort where she works anne succeeds also in catching the attention of mark an attorney but her emotions are torn between her interest in mark and the fact he is not a christian,romance,1984,muriel canfield
a kiss of fate,from the majestic mansions of 18thcentury london to the mistshrouded wilds of the scottish highlands bestselling author mary jo putney brings readers her most breathtaking romantic adventure yet,romance,2004,mary jo putney
pretty reckless,they say revenge is a dish best served cold penn scully has had four years to stew on what daria followhill did to him and now his heart is completely iced over he took her first kiss and she took away the only person he ever loved he asked her to save the rest of her firsts for him and she walked all over his heart in stiletto heels and left it bleeding out on a bright summer day now everything has changed when circumstances leave penn homeless in his senior year the followhills take him in as their latest shiny project that means for the time being hes darias housemate living right across the hall and once he sees her again hes determined to make this spoiled princess pay for ruining the only good thing in his life but daria is used to being misunderstood being slammed for every snarky comment cynical eye roll and foot she puts in the way of the people who hurt her being the girl everyone wants to see cry and keeping her tears hidden penn wanted her firsts but she wants to be his last everything the problem is once they see past each others cutting barbs and wounded hearts the truths they uncover might just start something new altogether,romance,2023,l j shen
home front,from a distance michael and jolene zarkades seem to have it all a solid dependable marriage exciting careers and children they adore but after 12 blissful years together the couple has lost their way they are unhappy and edging towards divorce then an unexpected deployment tears their already fragile family apart,romance,2014,kristin hannah
maid for love,with more than 15 million copies of the new york times bestselling mccarthys of gansett island series sold since maid for love debuted in april 2011 this series has quickly become a fan favorite the mccarthys of gansett island book 1 maddie chester is determined to leave her hometown of gansett island a place that has brought her only bad memories and ugly rumors then shes knocked off her bike on the way to her housekeeping job at mccarthys resort hotel by gansetts favorite son mac mccarthy hes back in town to help his father with preparations to sell the family resort and has no intention of staying long when mac accidentally sends maddie flying over the handlebars badly injuring her he moves in to nurse her back to health and help care for her young son he soon realizes his plans for a hitandrun visit to the island are in serious jeopardy and he just may be maid for love the mccarthys of gansett island series book 1 maid for love book 2 fool for love book 3 ready for love book 4 falling for love book 5 hoping for love book 6 season for love book 7 longing for love book 8 waiting for love book 9 time for love book 10 meant for love book 105 chance for love a gansett island novella book 11 gansett after dark book 12 kisses after dark book 13 love after dark,romance,2016,marie force
the chase,everyone says opposites attract and they must be right because theres no logical reason why im so drawn to colin fitzgerald i dont usually go for tattoocovered videogaming hockeyplaying nerdjocks who think im flighty and superficial his narrow view of me is the first strike against him it doesnt help that hes buddybuddy with my brother and that his best friend has a crush on me and that i just moved in with them oh did i not mention were roommates i suppose it doesnt matter fitzy has made it clear hes not interested in me even though the sparks between us are liable to burn our house down im not the kind of girl who chases after a man though and im not about to start ive got my hands full dealing with a new school a sleazy professor and an uncertain future so if my sexy brooding roomie wises up and realizes what hes missing he knows where to find me,romance,2018,elle kennedy
the bartered bride,from the exotic temptations of the orient to the ruthless grandeur of 19thcentury london bestselling author putney embarks on a romantic journey that begins with a daring act of courage,romance,2002,mary jo putney
betrayed birthright,your usual abandoned kid grows up gets rich finds his mother story but this young man is half lakota indian and finds his mother living on her native lands with a young lakota girl that shed help raise after her sons uncle kidnapped him and his sister there are a few unexpected details in this book  the use of the lakota language and details about the indian tribes,romance,2005,sheri whitefeather
wife 101,final exam  question 1 is an independent woman destined to remain single forever or can a wife training course turn a mess into a mrs,romance,2011,andrea j wilson
lady of fortune,young mariechristine destelle was stripped of title family and fortune by the french revolution but after her escape to england she faced even greater danger at the hands of lord radcliffe whose lustfilled demand that she be his bride filled her with loathing there was only one way out for christa fleeing to regency london little did she expect that her disguise as a servant in the household of lord kingsley would put a heartbreaking gap between her and the irresistible viscount,romance,2006,mary jo putney
all your perfects,can a love story with a perfect beginning survive a lifetime between two imperfect people from the bestselling author of it ends with us then the last thing quinn expected was to meet the love of her life just outside her fiancés front door a year after leaving behind their cheating partners quinn and graham are in a perfect relationship that seems designed by fate now seven years later their perfect love is threatened by their imperfect marriage the memories mistakes and dreams that they have built up over the years are tearing them apart the one thing that could save them might also be the very thing that pushes their marriage past the point of no return written with the same emotional depth and keen insight that made colleen hoovers it ends with us and ugly love instant new york times bestsellers all your perfects is a powerfully moving story about a broken couple whose future hinges on promises made in the past reminding us that the enduring power of love is the ultimate saviour praise for all your perfects colleen hoover returns with an emotionally raw pageturner us weekly colleen hoover crafts the unraveling of a marriage with brutal unflinching honesty the genius is in how she stitches together the perfect ending this is one beautiful story tracey garvis graves author of the girl he used to know a poignant love story  with hoovers evocative style readers will experience the emotion of this story while sympathising with both quinn and graham booklist,romance,2022,colleen hoover
yours until dawn,blinded in battle an injury that costs him his beloved fiancée war hero gabriel fairchild lives as a recluse until the arrival of nurse samantha wickersham who sets out to heal not only his body but also his heart and mind,romance,2004,teresa medeiros
the dogs and the wolves,a wonderful panoramic novel and an achingly poignant love story from the bestselling author of suite française,romance,2010,irène némirovsky
morning is a long time coming,reprint orginally published new york dial press c1978,romance,1993,bette greene
the playboy and the nanny,the playboy and the nanny by anne mcallister released on nov 24 1998 is available now for purchase,romance,1998,anne mcallister
29 dates,seventeenyearold jisus parents send her from south korea to san francisco for a fresh academic start and to continue going on arranged dates with men of her social class  provided by publisher,romance,2018,melissa de la cruz
eden close,andrew an advertising executive in his mid30s returns to his hometown in upstate new york for his mothers funeral he does not intend to stay in the slow rural backwater he left seventeen years before but the dreams and memories persist and in the darkened farmhouse he relives that hot bloody night when eden close was blinded  by the same gun that killed her father the enigmatic eden had been andrews childhood companion together the two roamed summer cornfields smoked their first forbidden cigarettes skated fished and fought until the tomboy turned temptress  then their friendship ended now despite warnings andrew is drawn again to this lost blind girl of his youth drawn to save her from the cruel neglect she has endured for seventeen sightless years without him but first he must discover the grisly truth about that night   ,romance,1994,anita shreve
the prince of broadway,in the second novel in joanna shupes the uptown girl series a ruthless casino owner bent on revenge finds his plans upended by a beautiful women who proves to be more determined than he isand too irresistible to deny powerful casino owner ruthless mastermind destroyer of men he lives in the shadows    as the owner of the citys most exclusive casino clayton madden holds the fortunes of prominent families in the palms of his hands every night there is one particular family he burns to ruin however one that has escaped his grasp    until now she is societys darling    florence greene is no ones fool she knows clayton madden is using her to ruin her prestigious family    and shes using him right back she plans to learn all she can from the mysterious casino ownerthen open a casino of her own just for women with revenge on his mind clay agrees to mentor florence however she soon proves more adeptand more alluringthan clay bargained for when his plans are threatened clay must decide if he is willing to gamble his empire on love,romance,2019,joanna shupe
our chemical hearts,love is never quite what you expect henry page fancies himself quite a romantic but he has yet to find the slomo heart palpitating cant eatcant sleep kind of love that hes been hoping for but then grace town walks into his class and he knows everythings about to change grace isnt who henry pictured as his dream girl  she walks with a cane wears oversized boys clothes and rarely seems to shower but when grace and henry are chosen to coedit the school paper he quickly finds himself falling for her its obvious theres something broken about grace but henry wants nothing more than to help her put the pieces back together again equal parts wit and heartbreak this is a potent powerful portrait of the bittersweet bliss that is first loveback cover,romance,2022,krystal sutherland
angel,all were orphans when they met in their teens in the late seventies and they vowed to be a family as they reunite at a film party in london it is rosalind madigan the angel of the title who holds them together an academy awardwinning designer blessed with innate goodness rosie is troubled by commitments that leave her feeling estranged from herself and her friends gavin ambrose a hollywood megastar a brilliant actorproducer whose personal life is not as successful as it appears nell jeffrey head of an international public relations firm and rosies best friend a glamorous woman having a secret love affair and kevin madigan rosies brother an undercover cop in the nypd crime intelligence division who specializes in fighting organized crime an assignment that threatens his life into their midst come a dashing french aristocrat and the worlds most successful popular singer two men who disruptand irrevocably transformthe family angel told with the power that only barbara taylor bradford can bring to the page this stunning novel is about a group of friendsand also about individuals who facing their own mortality must reevaluate their lives and strengthen their commitments exciting and moving it will fascinate you from beginning to end from the paperback edition,romance,1993,barbara taylor bradford
anne of avonlea,in this sequel to anne of green gables teenage anne shirley becomes a schoolteacher in a small village on prince edward island,romance,1984,montgomery ian lucy maud montgomery
pearl in the mist,living in the dumas family mansion ruby is enjoying the love of a father she has never known when her father dies she is left to contend with the cruelty of her stepmother and stepsister and has to find every piece of strength to reclaim her home,romance,1995,virginia andrews
demon rumm,it was the publicity stunt from hell as far as kirsten rumm was concerned she may have been writing the book about her late husband aeronautical daredevil demon rumm but she didnt see the need to play host to the arrogant badboy actor starring in the film versions title role still for the good of the project kirsten agreed to share her beachfront home with the impossibly sexy screen idol any other woman would do anything to be in her sandals but kirsten wasnt falling for rylan north even if he did play his role of male lead to perfection his downhome charm his gentleness and virile charisma might be seducing her in every sense of the word but he was an actor after all seducing an audience was his job rylan could have any woman he wanted so why was he so desperately pretending to want her from the moment he saw her rylan north knew that kirsten rumm was the woman hed been waiting all his life to cast as the star in his reallife love story what did it matter if he was every womans fantasy if he couldnt get kirsten to so much as glance his way hed caught the look of past hurt behind her skyblue eyesa dark secret that shadowed the sparkle rylan was determined to find out what tragedy held this passionate woman back from a second chance at love even if it cost him his reputation his career and his life but first hed have to get kirsten to act on her instincts    and to trust the fleshandblood man behind the fantasy,romance,2005,sandra brown
five days in paris,follows the fiveday affair between a man and a woman in paris a relationship that decides the course of the rest of their lives reprint,romance,1997,danielle steel
devoted in death,when lieutenant eve dallas examines a body in a downtown manhattan alleyway the victims injuries are so extensive that she almost misses the clue carved into the skin is the shape of a heartand initials inside reading e and d  ellaloo and her boyfriend darryl had been separated while darryl was a guest of the state of oklahoma and now that his sentence has been served they dont ever intend to part again ellaloos got dreams and darryl believes there are better ways to achieve your dreams than working for them so they hit the road and when their car breaks down in arkansas they make plans to take someone elses then things get messy and they wind up killing someonean experience that stokes a fierce wild desire in ellaloo a desire for darryl and a desire to kill again as they cross state lines on their way to new york to find the life they think they deserve they will leave a trail of evil behind them but now theyve landed in the jurisdiction of lieutenant dallas and her team at the new york police and security department and with her husband roarke at her side she has every intention of hunting them down and giving them what they truly deserve,romance,2016,j d robb
dream baby,by the year 2000 baby what have you resolved to do by the year 2000 millennium baby when a friend pregnant and desperate suggests that nora holloway adopt the baby it looks as if noras dream of celebrating the millennium with a family of her own may come true then the babys uncle shows up with a plan that doesnt include nora jake burdettes guilt over his brothers death wont allow him to break his promise to look after the child he wont allow a stranger to adopt his nephew but the more he learns about nora the less of a stranger she becomes,romance,1999,ann evans
danger in the shadows,sara is terrified hidden away in the witness protection program shes falling in love with former pro football player adam black which is something that could get her killed fbi agent dave richman has his hands full keeping her safe from her sisters killer when events bring sara facetoface with terror will she rely on god for protection,romance,2002,dee henderson
jade star,kidnapped by lecherous white slaver juliana dupres the lovely daughter of a hawaiian missionary finds herself the coveted prize of a san francisco slave auction until she is rescued from degradation by a handsome mysterious doctor reissue,romance,2002,catherine coulter
the girls of mischief bay,through romance and heartbreak laughter and tears the girls of mischief bay will discover that life is richer with friends at your side nicole lord wants to be a good wife but theres a difference between being supportive and supporting her husband who quit his job to write a screenplay shes never seen he wont even help take care of their son leaving nicole to run the house and work fulltime sacrificing a personal life for her career is how shannon rigg became a vp at her firm but she wonders now whether she made the right choice an exciting new relationship with a great guy convinces her that it might not be too lateuntil he drops a bombshell that has her questioning whether she really can have it all although pam eiland adores her husband she feels restless now that the kids are grown finding sexy new ways to surprise him brings the heat and humor back to their marriage but when unexpected change turns her life upside down shell have to redefine herself again through romance and heartbreak laughter and tears the girls of mischief bay will discover that life is richer with friends at your side,romance,2016,susan mallery
marry me by sundown,published in 2018 by arrangement with galley books an imprint of simon  schuster inccopyright page,romance,2018,johanna lindsey
all the feels,following spoiler alert olivia dade returns with another utterly charming romantic comedy about a devilmaycare actorwho actually cares more than anyone knowsand the nononsense woman hired to keep him in line an absolutely witty swoon worthy behind the scenes romp delightful from beginning to endjulie murphy 1 new york times bestselling author of dumplin alexander woodroe has it all charm sex appeal wealth fame a starring role as cupid on tvs biggest show gods of the gates but the showrunners have wrecked his character hes dogged by old demons and his postshow future remains uncertain when all that reckless emotion explodes into a bar fight the tabloids and public agree his star is falling enter lauren clegg the former er therapist hired to keep him in line compared to her previous work watching over handsome but impulsive alex shouldnt be especially difficult but the more time they spend together the harder it gets to keep her professional remove and her heart intact especially when she discovers the reasons behind his recklessnessnot to mention his cupid fanfiction habit when another scandal lands alex in major hot water and costs lauren her job shell have to choose between protecting him and offering him what he really wantsher but hes determined to keep his improbably short impossibly stubborn and extremely endearing minder in his life any way he can and on a road trip up the california coast together he intends to show her exactly what a falling star will do to catch the woman he loves anything at all,romance,2021,olivia dade
tea for two,zack cooper tries his best to raise his children but hes losing his grip on them in their teen years theyve both had scrapes with the local law tea shop owner milly jewel has the perfect woman in mind to help zack counselor tina milano meets weekly at the tea shop with her womens group milly encourages zack and tina to work together to draw the teens back before they get into even hotter water tinas connections with the middleburg police department prove a mixed blessing for zack and his kids both her best friend and her old boyfriend are officers on the force when tinas womens group gets wind of her personal pursuits and clashes they want to help and as the groups meetings at the tea shop take on a slightly different flavor tina begins to wonder who exactly is counseling whom,romance,2011,trish perry
the mistake,the second book in the offcampus series from new york times bestselling author elle kennedy,romance,2015,elle kennedy
shoulda woulda coulda,romantic drama of family life,romance,2005,la jill hunt
viscount breckenridge to the rescue,attending a racy soiree in hopes of finding her dream man miss heather cynster finds her plan of landing a husband going dangerously awry after she is abducted and the interfering viscount breckenridge comes to her rescue,romance,2011,stephanie laurens
devoted in death hb,eve dallas tracks a young couple whose heated passion for each other is fueled by cold brutality,romance,2015,j d robb
the blue castle,valancy lives a drab life with her overbearing mother and prying aunt then a shocking diagnosis from dr trent prompts her to make a fresh start for the first time she does and says exactly what she feels as she expands her limited horizons valancy undergoes a transformation discovering a new world of love and happiness one of lucy maud montgomerys only novels intended for an adult audience the blue castle is filled with humour and romance,romance,1977,lucy maud montgomery
holiday in the hamptons,the perfect summer escape professional dogwalker felicity knight loves everything about new yorkuntil her exhusband starts working at her local vet clinic she hasnt seen seth carlyle in ten years but one glimpse of himtoo gorgeous and still too good for herand flisss heart hurts like their whirlwind marriage ended yesterday so when her grandmother in the hamptons needs help for the summer it seems the ideal way to escape her past their relationship might have lasted only a few scorching months but vet seth knows flissif shes run away to the hamptons its because she still feels their connection and it terrifies her he let her go once before when he didnt know any better but not this summer with the help of his adorable dog lulu and a sprinkling of beachside magic seth is determined to make fliss see that hes never stopped loving her sarah morgan delights with more love and laughter in her acclaimed series from manhattan with love which publishers weekly calls engaginga classic sweepyouoffyourfeet romantic experience dont miss beach house summer the ultimate beach read by usa today bestselling author sarah morgan one woman forges the most unlikely friendship of all and embarks on a summer of confronting her past in order to build the future she wants,romance,2017,sarah morgan romance fiction writer
because of lila,prim proper classic good girl and her least favorite label  icy lila kate carter has heard them all the last one being the newest she is not icy she just doesnt care for cruz kerrington and his spoiled selfish careless ways that doesnt make her icy that makes him a jerk tired of being labeled and doing what is expected of her lila kate leaves rosemary beach florida ready for an adventure wanting to recreate herself find a new path and become something more eli hardy is tired of women who always act the same do the same thing and expect the same thing hes ready to swear off women until he can get the rest of his life together two weeks into his nowomenrule he meets lila shes so damn sweet and polite like she walked right out of an etiquette book but hed already been drunk before she walked in so there was a good chance she might not be as stunning and perfect as he thinks hes just too drunk to worry about that the next morning he swears he can still smell her on his skin he just cant remember why or what happened after that third dance their worlds are about to collide and so are the secrets and lies,romance,2017,abbi glines
on a highland shore,when her scottish highland village is decimated in a viking raid two weeks before her wedding margaret macdonald and her surviving siblings find shelter in the home of warrior gannon macmagnus who agrees to help margaret locate her abducted younger brother,romance,2007,kathleen givens
the princess diaries,just in time for the disney featurefilm release comes the paperback edition of the princess diariesthe story of a 14yearold high school girl who discovers shes the crown princess of a european principality,romance,2001,meg cabot
a death in vienna,following the english assassin and the confessor this is the final novel in the trilogy to feature art restorer and spy gabriel allon he is sent to vienna to discover the truth behind a bombing which killed an old friend  a nazi hunter,romance,2004,daniel silva
home in carolina,theres no place like home especially if its serenity south carolina for annie sullivan though the homecoming is bittersweet shed always envisioned a life there with her childhood best friend tyler townsend but tys betrayal has cost her the family and the future theyd once planned for ty losing annie was heartbreaking still he cant imagine life without the threeyearold son whose mother left him for ty to raise ty wants it all annie his child and the future hed dreamed about and hes back home in serenity to fight for it but getting annie to forgive and forget may be the hardest challenge hes ever faced with the stakes so high this is one game he cant afford to losepage 4 of cover,romance,2016,sherryl woods
the love of landry,mildred osborne travels west to improve her health while there she falls in love with landry a cowboy,romance,1969,paul laurence dunbar
on the night of the seventh moon,for generations victoria holt has dazzled and entertained millions of readers with her spinetingling novels of romantic suspense on the night of the seventh moon is one of her most evocative magical and chillingcome take a journey into a dark and shadowy forest where nothing is as it seems on the night of the seventh moon according to ancient black forest legend loke the god of mischief is abroad in the world it is a night for singing and dancing and it is a night for love helena trant was enchanted by everything she found in the black forestits people its mysterious castles its legends and lore especially its legends of love until the day she started to live one of them and the enchantment turned suddenly into a terrifying nightmare,romance,1979,victoria holt
waiting,the story of lin kong a man living in two worlds struggling with the conflicting claims of two utterly different women,romance,2000,ha jin
the horse whisperer,his name is tom his voice can calm wild horses his touch can heal broken spirits and annie has traveled a long ways to find him desperate to heal her injured daughter her horse and her heart,romance,1996,nicholas evans
the independent bride,pepper is rendered uncharacteristically speechless when she encounters steven konig in a live tv debate the man is gorgeous but infuriatingly provocative and hes flirting with her having turned her back on her life as an heiress pepper is determined to make it alone but shes thrown into turmoil when steven challenges her to take their attraction furtheras far as the altar,romance,2003,sophie weston
ghosts of the shadow market,the shadow market is a meeting point for faeries werewolves warlocks and vampires there the downworlders buy and sell magical objects make dark bargains and whisper secrets they do not want the nephilim to know through two centuries however there has been a frequent visitor to the shadow market from the city of bones the very heart of the shadowhunters as a silent brother brother zachariah is sworn keeper of the laws and lore of the nephilim but once he was a shadowhunter called jem carstairs and his love then and always is the warlock tessa gray follow brother zachariah and see against the backdrop of the shadow markets dark dealing and festival anna lightwoods doomed romance matthew fairchilds great sin and tessa gray plunged into a world war valentine morgenstern buys a soul at the market and a young jace waylands soul finds safe harbor in the market is hidden a lost heir and a beloved ghost and noone can save you once you have traded away your heart not even brother zachariah the series features characters from cassandra clares mortal instruments infernal devices dark artifices and the upcoming last hours series,romance,2019,cassandra clare sarah rees brennan maureen johnson kelly link robin wasserman
the believers,rebecca fowler follows her husband to a shaker colony in early 19thcentury kentucky a portrayal of the shaker way of life,romance,1957,janice holt giles
me and mr jones,meet the women in love with the very different jones brothers izzy is determined to escape her troubled past but flirtatious charlie is causing complications alicias been happily married to loyal hugh for years but secretly craves excitement emmas relationship with david was once fun and romantic but trying for a baby has taken its toll as the future of the familys bb becomes uncertain izzy alicia and emma are thrown together unexpectedly me and mr jones is a sparkling tale of heartbreak hope friendship and love the new queen of the gripping lighthearted pageturner easy living,romance,2014,lucy diamond
boss,crystal scott has the world at her fingertips at the height of her career at a wildly popular magazine and on the rise in an enviable social circle shes beginning to think that maybe she can have it all but her entire life body and soul is threatened when troy mitchell the man who stole her heart and shattered her world a decade ago returns crystal has never felt the insatiable passion she felt for troy sinceand shes never forgotten the harsh sting at betrayal when he left her and her family devastated in his wake,romance,2017,tracy brown
the fall of legend,from new york times bestselling author meghan march comes a new deliciously dangerous alpha hero in the fall of legend the first book in the brand new and utterly addictive legend trilogy we come from two different worlds im from the streets she might as well live in an ivory tower i made my living with my fists i doubt she could even throw a punch our paths never should have crossed we never should have met that doesnt change the facts i would sell my soul to taste those red lips fight the devil himself to hear her laugh burn in hell to have a single night scarlett priest shouldnt even know men like me exist but sometimes temptation is stronger than will if this is how i go down itll be worth every second of the fall,romance,2019,meghan march
silverhill,from the day malinda rice first comes to silverhill  her mothers home  her hope turns to fear but she will not run for the beauty of silverhills setting hides more than one familys secrets and malinda must fight for both her sanity and her life before she discovers the full horrifying truth about the past evil and present terrors that may engulf her,romance,1967,phyllis a whitney
single by saturday,a year ago karen jones agreed to wed a famous actor to defuse rumors about his personal life now her divorce sits just around the corner along with a five million dollar payout however as she prepares to exit her fake marriage gracefully her dropdeadgorgeous brotherinlaw walks through the doorand into her heart,romance,2014,catherine bybee
last chance books,synopsis coming soon,romance,2021,kelsey rodkey
if you believe,this classic tale from the new york times bestselling author about a carefree drifter and a lonely spinster who discover passionand its priceis now repackaged at a special price reissue,romance,2004,kristin hannah
the best of us,during her aunt helens visit dr leigh culver takes her to sullivans crossing where each meet someone special and must decide if they are ready to take a risk on love,romance,2019,robyn carr
that month in tuscany,ren sawyer and lizzy harper live completely different lives hes a rock star with a secret he can no longer live with shes a regular person whose husband stood her up for a long planned anniversary trip on a flight across the atlantic headed for italy a drunken pity party and untimely turbulence literally drop lizzy into rens lap it is the last thing she can imagine ever happening to someone like her but despite their surface differences they discover an undeniable pull between them a pull that leads them both to remember who they had once been before letting themselves be changed by a life they had each chosen exploring the streets of florence and the hills of tuscany together  two people with seemingly nothing in common  changes them both forever and what they find in each other is something that might just heal them both,romance,2014,inglath cooper
sweet ember,nineteenyearold camp counselor stephanie wright left heartbroken and pregnant after one night of passion with tennis instructor douglas weston is forced to face the past when she returns to the camp eight years later with her sevenyearold daughter only to encounter her old love,romance,1999,barbara delinsky
science fact and science fiction,publisher description,science fiction,2006,brian m stableford
time in fiction,what can we learn about the world from engaging with fictional timeseriesstories involving time travellers recurring and rewinding time and foreknowledge of the future craig bourne and emily caddick bourne show how we can use the complexities of fictional time to get to the core of the relation between truth in fiction and possibility,science fiction,2016,craig bourne emily caddick bourne
worlds in science fiction,in this captivating exploration of science fiction we journey through the vast landscape of this beloved genre delving into the science behind the stories the impact of science fiction on society and its enduring legacy from the earliest tales of jules verne and hg wells to the modern masterpieces of authors like isaac asimov arthur c clarke and ursula k le guin science fiction has captured the hearts and minds of readers around the world this book explores the unique power of science fiction to hold a mirror up to our own world reflecting our hopes fears and dreams science fiction stories can explore the potential benefits and dangers of new technologies challenge our assumptions about the nature of reality and offer us a glimpse into possible futures they can also be a powerful tool for social change inspiring us to work towards a better world but science fiction is not just about serious issues it can also be a lot of fun science fiction stories can take us on thrilling adventures introduce us to fascinating alien cultures and allow us to experience the wonders of the universe in ways that would otherwise be impossible whether you are a lifelong fan of science fiction or you are just discovering the genre for the first time this book is for you join us on this journey through the worlds of science fiction and be inspired by the stories ideas and possibilities that you encounter along the way in this book you will  explore the science behind science fiction from the possibilities of space travel to the ethics of genetic engineering  discover the impact of science fiction on society from its role in shaping public opinion to its influence on popular culture  learn about the enduring legacy of science fiction from the greatest stories of all time to the most influential authors  gain a new appreciation for the power of science fiction to inspire entertain and challenge us if you like this book write a review,science fiction,2025,pasquale de marco
fiction in french  fiction in soviet,no detailed description available for fiction in french  fiction in soviet,science fiction,2013,british library
the history of science fiction,the history of science fiction traces the origin and development of science fiction from ancient greece up to the present day the author is both an academic literary critic and acclaimed creative writer of the genre written in lively accessible prose it is specifically designed to bridge the worlds of academic criticism and sf fandom,science fiction,2005,a roberts
science fiction prototyping,science fiction is the playground of the imagination if you are interested in science or fascinated with the future then science fiction is where you explore new ideas and let your dreams and nightmares duke it out on the safety of the page or screen but what if we could use science fiction to do more than that what if we could use science fiction based on science fact to not only imagine our future but develop new technologies and products what if we could use stories movies and comics as a kind of tool to explore the real world implications and uses of future technologies today science fiction prototyping is a practical guide to using fiction as a way to imagine our future in a whole new way filled with history real world examples and conversations with experts like best selling science fiction author cory doctorow senior editor at dark horse comics chris warner and hollywood science expert sidney perkowitz science fiction prototyping will give you the tools you need to begin designing the future with science fiction the future is brian david johnsons business as a futurist at intel corporation his charter is to develop an actionable vision for computing in 2021 his work is called future castingusing ethnographic field studies technology research trend data and even science fiction to create a pragmatic vision of consumers and computing johnson has been pioneering development in artificial intelligence robotics and reinventing tv he speaks and writes extensively about future technologies in articles and scientific papers as well as science fiction short stories and novels fake plastic love and screen future the future of entertainment computing and the devices we love he has directed two feature films and is an illustrator and commissioned painter table of contents preface  foreword  epilogue  dedication  acknowledgments  1 the future is in your hands  2 religious robots and runaway weretigers a brief overview of the science and the fiction that went into two sf prototypes  3 how to build your own sf prototype in five steps or less  4 i robot from asimov to doctorow exploring short fiction as an sf prototype and a conversation with cory doctorow  5 the men in the moon exploring movies as an sf prototype and a conversation with sidney perkowitz  6 science in the gutters exploring comics as an sf prototype and a conversation with chris warner  7 making the future now that you have developed your sf prototype whats next  8 einsteins thought experiments and asimovs second dream  appendix a the sf prototypes  notes  author biography,science fiction,2011,brian david johnson
science fiction and climate change,this is a timely comprehensive and thoroughly researched study of climate fiction from around the world including novels short stories films and other formats informed by a sociological perspective it will be an invaluable resource for students and scholars looking to enter and expand the field of climate fiction studies,science fiction,2020,andrew milner j r burgmann
justice in young adult speculative fiction,this book is the first to offer a justicefocused cognitive reading of modern ya speculative fiction in its narrative and filmic forms it links the expansion of ya speculative fiction in the 20th century with the emergence of human and civil rights movements with the communitarian revolution in conceptualizations of justice and with spectacular advances in cognitive sciences as applied to the examination of narrative fiction oziewicz argues that complex ideas such as justice are processed by the human mind as cognitive scripts that scripts when narrated take the form of multiply indexable stories and that ya speculative fiction is currently the largest conceptual testing ground in the forging of justice consciousness for the 21st century world drawing on recent research in the cognitive and evolutionary sciences oziewicz explains how poetic retributive restorative environmental social and global types of justice have been represented in narrative fiction from 19th century folk and fairy tales through 21st century fantasy dystopia and science fiction suggesting that the appeal of these and other nonmimetic genres is largely predicated on the dream of justice oziewicz theorizes new justice scripts as conceptual tools essential to help humanity survive the qualitative leap toward an environmentally conscious culturally diversified global world this book is an important contribution to studies of childrens and ya speculative fiction adding a new perspective to discussions about the educational as well as social potential of nonmimetic genres it demonstrates that the justice imperative is very much alive in ya speculative fiction creating new visions of justice relevant to contemporary challenges,science fiction,2015,marek c oziewicz
ecoanxiety in nuclear holocaust fiction and climate fiction,ecoanxiety in nuclear holocaust fiction and climate fiction doomsday clock narratives demonstrates that disaster fiction nuclear holocaust and climate change alike allows us to unearth and anatomise contemporary psychodynamics and enables us to identify pretraumatic stress as the common denominator of seemingly unrelated types of texts these doomsday clock narratives argue that earths demise is soon and certain they are set after some catastrophe and depict people waiting for an even worse catastrophe to come references to geology are particularly important in descriptions of the landscape the emphasis falls on waste and industrial bric a brac which is seen through the eyes of a future posthuman archaeologist their protagonists have the uncanny feeling that the countdown has already started and they are coping with both traumatic memories and pretraumatic stress readings of novels by walter m miller nevil shute john christopher j g ballard george turner maggie gee paolo bacigalupi ruth ozeki and yoko tawada demonstrate that the authors are both indebted to a century old tradition and inventively looking for new ways of expressing the pretraumatic stress syndrome common in contemporary society this book is written for an academic audience postgraduates researchers and academics specialising in british literature american literature and science fiction studies,science fiction,2023,dominika oramus
cognitive value of philosophical fiction,an examination of philosophical truth and knowledge in literary fiction,science fiction,2013,jukka mikkonen
revising fiction fact and faith,this book addresses how our revisionary practices account for relations between texts and how they are read it offers an overarching philosophy of revision concerning works of fiction fact and faith revealing unexpected insights about the philosophy of language the metaphysics of fact and fiction and the history and philosophy of science and religion using the novels of jrr tolkien as exemplars the authors introduce a fundamental distinction between the purely physical and the linguistic aspects of texts they then demonstrate how two competing theories of referencedescriptivism and referentialismare instead constitutive of a single semantic account needed to explain all kinds of revision the authors also propose their own metaphysical foundations of fiction and fact the next part of the book brings the authors philosophy of revision into dialogue with thomas kuhns famous analysis of factual and specifically scientific change it also discusses a complex episode in the history of paleontology demonstrating how scientific and popular texts can diverge over time finally the authors expand their philosophy of revision to religious texts arguing that rather than being distinct such texts are always read as other kinds that faith tends to be more important as evidence for religious texts than for others and that the latter explains why religious communities tend to have remarkable historical longevity revising fiction fact and faith offers a unique and comprehensive account of the philosophy of revision it will be of interest to a wide range of scholars and advanced students working in philosophy of language metaphysics philosophy of literature literary theory and criticism and history and philosophy of science and religion,science fiction,2020,nathaniel goldberg chris gavaler
ecofeminist science fiction,ecofeminist science fiction international perspectives on gender ecology and literature provides guidance in navigating some of the most pressing dangers we face today science fiction helps us face problems that threaten the very existence of humankind by giving us the emotional distance to see our current situation from afar separated in our imaginations through time space or circumstance extrapolating from contemporary science science fiction allows a critique of modern society imagining more lifeaffirming alternatives in this collection ecocritics from five continents scrutinize science fiction for insights into the fundamental changes we need to make to survive and thrive as a species contributors examine ecofeminist themes in films such as avatar star wars and the stepford wives as well as television series including doctor who and westworld other scholars explore an internationally diverse group of both canonical and lesserknown science fiction writers including oreet ashery iraj fazel bakhsheshi liu cixin louise erdrich hanns heinz ewers larissa lai ursula k le guin chen qiufan mary doria russell larissa sansour karen traviss and jeanette winterson ecofeminist science fiction explores the origins of humancaused environmental change in the twin oppressions of women and of nature driven by patriarchal power and ideologies female embodiment is examined through diverse natural and artificial forms and queer ecologies challenge heteronormativity the links between war and environmental destruction are analyzed and the capitalist motivations and means for exploiting nature are critiqued through postcolonial perspectives,science fiction,2021,douglas a vakoch
the philosophy of science fiction film,the science fiction genre maintains a remarkable hold on the imagination and enthusiasm of the filmgoing public captivating large audiences worldwide and garnering everlarger profits science fiction films entertain the possibility of time travel and extraterrestrial visitation and imaginatively transport us to worlds transformed by modern science and technology they also provide a medium through which questions about personal identity moral agency artificial consciousness and other categories of experience can be addressed in the philosophy of science fiction film distinguished authors explore the storylines conflicts and themes of fifteen science fiction film classics from metropolis to the matrix editor steven m sanders and a group of outstanding scholars in philosophy film studies and other fields raise science fiction film criticism to a new level by penetrating the surface of the films to expose the underlying philosophical arguments ethical perspectives and metaphysical views sanderss introduction presents an overview and evaluation of each essay and poses questions for readers to consider as they think about the films under discussionthe first section enigmas of identity and agency deals with the nature of humanity as it is portrayed in blade runner dark city frankenstein invasion of the body snatchers and total recall in the second section extraterrestrial visitation time travel and artificial intelligence contributors discuss 2001 a space odyssey the terminator 12 monkeys and the day the earth stood still and analyze the challenges of artificial intelligence the paradoxes of time travel and the ethics of war the final section brave newer world science fiction futurism looks at visions of the future in metropolis the matrix alphaville and screen adaptations of george orwells 1984,science fiction,2007,steven sanders
why we read fiction,why we read fiction offers a lucid overview of the most exciting area of research in contemporary cognitive psychology known as theory of mind and discusses its implications for literary studies it covers a broad range of fictional narratives from richardson s clarissa dostoyevskis crime and punishment and austen s pride and prejudice to woolfs mrs dalloway nabokovs lolita and hammett s the maltese falcon zunshines surprising new interpretations of wellknown literary texts and popular cultural representations constantly prod her readers to rethink their own interest in fictional narrative written for a general audience this study provides a jargonfree introduction to the rapidly growing interdisciplinary field known as cognitive approaches to literature and culture,science fiction,2006,lisa zunshine
science fiction,this book compares science fiction with science fact,science fiction,1995,isaac asimov greg walzchojnacki francis reddy
fiction in american magazines before 1800,an easytouse identification manual for plants in eastern united states identification is through keys in which the matching of plant characteristics leads to family genus species and common name the book also lists flowering dates habitat and degree of rarity,science fiction,1993,edward w r pitcher
music in contemporary british fiction,movie watchers guide to enlightenment describes helpful movies in healing and awakening to truth,science fiction,2008,gerry smyth
science  technology in fact and fiction,grade level 8 9 10 11 12 i s,science fiction,1990,dayann m kennedy stella s spangler mary ann vanderwerf
a readers guide to australian fiction,this authoritative and comprehensive reference book is the first chronological account of the major australian fiction writers from 1830 to the 1990s brief biographical information on the writers accompanies a critical discussion of the work each entry stands alone but the book can be read as a chronological account of the extraordinary development of australian fiction over a period of 160 years,science fiction,1992,laurie clancy
the supernatural and english fiction,this book is the first ever to describe and discuss all the principal english writers who have handled the subject of the supernatural among those included in glen cavalieros absorbing study are james hogg sheridan le fanu henry james rudyard kipling walter de la mare m r james john cowper powys william golding iris murdoch and muriel spark as well as analysing the senses in which the supernatural may be understood he relates them to different kinds of fiction such as the gothic novel the occultist romance the ghost story novels of paranormal psychology nature mysticism and late twentiethcentury uses of allegory and fable he examines the impact of supernaturalist themes upon naturalistic writers and discusses the relevance of the supernatural to the question of the truthfulness of fiction and to contemporary literary theory and its ideological accompaniments,science fiction,1995,glen cavaliero
space cosmology and fiction,space cosmology and fiction begins with the confrontation between galileo and the church it then follows some of the scientific discoveries which led to modern cosmology to the excitement of science fiction and to the present possibilities of space technologypage 4 of cover,science fiction,1983,joan solomon
history and fiction in galdóss narratives,galdos wrote prolifically in two distinct narrative modes some twenty major contemporary novels in the realist tradition and a special sort of historical novel he called the episodio nacional the reign of isabella ii 184368 and the revolutionary period which followed until 1875 was a time of exceptional volatility in spain and geoffrey ribbanss comprehensive study shows how each of galdoss two narrative modes adopts a particular technique in its treatment of spanish history and politics the episodio is tightly bound to historical events and timescale though it skilfully incorporates its fictional characters into this framework the novel on the other hand is embedded in historical reality in a constant but less systematic manner,science fiction,1993,geoffrey ribbans
stranger than fiction,this account explores the world of killer bees fire ants  other such bugs,science fiction,1990,melvin berger
contentbased chapter books fiction science planet patrol antarctic adventure,four students travel to dry icy antarctica to study the adeì1lie penguins they use all they have learned to make an important rescue by themselvespublishers website,science fiction,2007,rebecca l johnson
fact fiction and forecast,here in a new edition is nelson goodmans provocative philosophical classica book that according to science raised a storm of controversy when it was first published in 1954 and one that remains on the front lines of philosophical debate how is it that we feel confident in generalizing from experience in some ways but not in others how are generalizations that are warranted to be distinguished from those that are not goodman shows that these questions resist formal solution and his demonstration has been taken by nativists like chomsky and fodor as proof that neither scientific induction nor ordinary learning can proceed without an a priori or innate ordering of hypotheses in his new foreword to this edition hilary putnam forcefully rejects these nativist claims the controversy surrounding these unsolved problems is as relevant to the psychology of cognitive development as it is to the philosophy of science no serious student of either discipline can afford to misunderstand goodmans classic argument,science fiction,1983,nelson goodman
british fantasy and sciencefiction writers before world war i,essays on british writers of fantasy and science fiction during a time when science technology and industrialization made increasingly impressive inroads from the enlightenment to world war ia gradual emphasis on social improvement including literature involved efforts to increase literacy through expanding material to read during this period publication of newspapers penny dreadfuls and dime novels lead to pulp magazines and other popular periodicals,science fiction,1997,darren harrisfain
from science fiction to science facts,from science fiction to science facts is the nonfiction companion study guide to the fantastic sciencefiction novel accused by faceteyes it is a unique teachinglearning approach which pairs literary entertainment with fascinating life science facts academic enrichment for natureloving readers middle highschool and college students intended for mainstream supplementary and home schooling education readers will learn why honeybees are endangered worldwide their pivotal role in pollination and will better appreciate the essential mutual interdependence with humankind eyeopening life science facts point out important interactions of biology chemistry and physics with contemporary issues in ecology and humaninduced environmental hazards from a global social perspective from science fiction to science facts is a great timesaver for busy educators over 400 easily accessed references support the science facts an overview of the science topics shows their relevance to the national science education standards categories the analytical format and discussion questions encourage critical thought and debates cb dons original captivating photographs bring foraging honeybees on garden flowers to life,science fiction,2005,c b don
blockbuster science,if youve ever wondered how much real science goes into movies like gravity novels like the martian and television shows like dr who this is the book for you written by an author who is both a data scientist and a science fiction writer this entertaining science primer provides lucid jargonfree explanations of key scientific principles while referencing wellknown science fiction books movies and tv shows the reader learns about relativity through orson scott cards enders gameand the movie interstellar black holes and wormholes in connection with contactand planet of the apes theories about the origin of life as reflected in battlestar galactica star trek the next generation and the hitchhikers guide to the galaxy computer science and artificial intelligence in reference to ai artificial intelligence and much much morewritten with wit clarity and a great sense of fun blockbuster science will inspire science fiction fans to get excited about real science while also putting an engaging pop culture spin on science for any curious reader,science fiction,2017,david siegel bernstein
a geography of victorian gothic fiction,this is the first major fulllength study of victorian gothic fiction combining original readings of familiar texts with a rich store of historical sources a geography of victorian gothic fiction is an historicist survey of nineteenthcentury gothic writingfrom dickens to stoker wilkie collins to conan doyle through european travelogues sexological textbooks ecclesiastic histories and pamphlets on the perils of selfabuse critics have thus far tended to concentrate on specific angles of gothic writing gender or race or the belief that the gothic returned at the socalled fin de siècle robert mighall by contrast demonstrates how the gothic mode was active throughout the victorian period and provides historical explanations for its development from late eighteenth century through the urban gothic fictions of the midvictorian period the suburban gothic of the sensation vogue through to the somatic horrors of stevenson machen stoker and doyle at the centurys close mighall challenges the psychological approach to gothic fiction which currently prevails demonstrating the importance of geographical historical and discursive factors that have been largely neglected by critics and employing a variety of original sources to demonstrate the contexts of gothic fiction and explain its development in the victorian period,science fiction,1999,robert mighall
shikitei sanba and the comic tradition in edo fiction,this book is a critical treatment of a shikitei sanba 17761822 a major writer of gesaku playful compositions many in the comic vein,science fiction,1985,robert w leutner
the monist,vols 2 and 5 include appendices,science fiction,1910,paul carus
walfords guide to reference material generalia language and literature the arts,from its first edition the purpose of walford has been to identify and evaluate the widest possible range of reference materials no rigid definition of reference is applied in addition to the expected bibliographies indexes dictionaries encyclopaedias and directories a number of important textbooks and manuals of general practice are included while the majority of the items are books walford is a guide to reference material thus periodical articles microforms online and cdrom sources are all represented in this volume a particular effort has been made to improve coverage of the latter two categories,science fiction,1996,albert john walford marilyn mullay priscilla schlicke library association
the heart of time,knight describes modern chinese fictions unique contribution to ethical and literary debates over the possibility for meaningful moral action by analyzing discourses of agency and fatalism and the ethical import of narrative structures the author explores how representations of determinism and moral responsibility changed over the 20th century,science fiction,2006,sabina knight
the tyrannosaurus prescription and 100 other essays,includes essays on a variety of topics plus articles written for sciquest magazine and book introductions,science fiction,1989,isaac asimov
nanovision,divexamines the cultural history of nanotechnology in contemporary literature film and digital mediadiv,science fiction,2008,colin milburn
screening science,vieth contemporary communications central queensland u australia looks at how science was portrayed in the 1950s in the medium of science fiction films he argues that the portrayal of science can provide a threedimensional insight into particular cultural and social contexts after looking at the contextual elements of history culture and the film industry vieth continues with a discussion of the nature of science and the scientist looking at both the nonhuman sciences ie those not related to the human organism as well as medical and psychological sciences c book news inc,science fiction,2001,errol vieth
meaning intentions and argumentation,what is the relationship between words and reality which are the best ways to convince or persuade other people besides philosophy and grammar ancient greeks developed rhetoric to answer these questions the twentiethcentury brought the birth of semantics and pragmatics for a systematic study of linguistic meaning and linguistic acts meaning intentions and argumentation brings together the work of leading contemporary scholars approaching those issues from various perspectivesfrom the old disciplines of philosophy and rhetoric to the newest thinking on semantics and pragmaticsto illuminate crucial aspects of meaning communication argumentation and persuasion,science fiction,2008,kepa korta joana garmendia
public understanding of science,a forum for the emerging interdisciplinary field of public understanding of science this journal encourages open debate of contrasting and even conflicting viewpoints on all aspects of the interrelationships between science and the public,science fiction,2009,
brave new words,the first historical dictionary devoted to science fiction this shows how sciencefictional words and their associated concepts have developed over time with full citations and bibliographic information it also documents the enduring legacy of authors and their fans,science fiction,2007,jeff prucher
reaching for the high frontier,reaching for the high frontier tells the story of the prospace movement from the end of the moon landing program to the beginning of the space station program it describes the origins constituencies and goals of the various groups in the movement and reviews their tactics successes and the opportunities they may have missed,science fiction,1986,michael michaud
modern biology  visions of humanity,ethical questions arising from developments in modern biology such as if we are genetically determined where is free will is it right for humans to create new foods and should organizations be allowed to hold the keys to the production of vast amounts of food globally in the form of a patent are discussed in this collection of presentations from the 2004 european commission sponsored conference modern biology and visions of humanity organized into four sections the contributions from this event reflect on the complex relationship between science and society and touch on such subjects as what are the benefits of science who decides its uses and how science relates to other areas of human creativity leading figures in the worlds of science and the arts take sides in these essays in either promoting the products and services biology provides challenging biologys vision of humanity or questioning the whole approach of western science from a political perspective,science fiction,2004,european group on life sciences
anticipations of the reaction of mechanical and scientific progress upon human life and thought,it is proposed in this book to present in as orderly an arrangement as the necessarily diffused nature of the subject admits certain speculations about the trend of present forces speculations which taken all together will build up an imperfect and very hypothetical but sincerely intended forecast of the way things will probably go in this new century necessarily diffidence will be one of the graces of the performance hitherto such forecasts have been presented almost invariably in the form of fiction and commonly the provocation of the satirical opportunity has been too much for the writer the narrative form becomes more and more of a nuisance as the speculative inductions become sincerer and here it will be abandoned altogether in favour of a texture of frank inquiries and arranged considerations our utmost aim is a rough sketch of the coming time a prospectus as it were of the joint undertaking of mankind in facing these impending years the reader is a prospective shareholderhe and his heirsthough whether he will find this anticipatory balancesheet to his belief or liking is another matter for reasons that will develop themselves more clearly as these papers unfold it is extremely convenient to begin with a speculation upon the probable developments and changes of the means of land locomotion during the coming decades,science fiction,1902,herbert george wells
elements of literature,this comprehensive broadlybased collection gives the student a wide variety of selections in five major forms of literature in addition it offers a survey of the historical development of each genre brief biographies of each author a clear concise editorial apparatus lively introductions and critical remarks as well as glossary and an index,science fiction,1986,carl h klaus
practising science communication in the information age,practising science communication in the information age reviews the trends and issues that are engaging practitioners of science communication critically exploring topics as diverse as peer review open access pulication the protection of intellectual property the popularization of science and the practices of public engagement,science fiction,2009,richard holliman
student handbook,a hudson group book includes index a onevolume shortentry encyclopedia containing information about the characters plots authors and other topics found in classic and contemporary books for young readers,science fiction,1993,gorton carruth
opus three hundred,contains a collection of essays studies and short stories divided into subject categories includes behindthescenes accounts of how the author conceives his writings,science fiction,1984,isaac asimov
scifi in the minds eye,from the publisher what does our favorite science fiction tell us about the culture of science what do stories of cyborg women and genetic engineering show us about how science and values interact and how science and politics affect each other in scifi in the minds eye leading scholars look at the way science fiction informs and inspires contemporary research in science and technology and how scientific breakthroughs spur authors on to yet more creative science fiction narratives alongside investigations into the meaning of science fiction scifi in the minds eye gives us previously unpublished interventions by acclaimed science fiction authors l timmel duchamp nicola griffith nancy kress terry bisson and stanislaw lem,science fiction,2007,margret grebowicz
science,vols for 191113 contain the proceedings of the helminothological society of washington issn 00180120 1st15th meeting,science fiction,1923,john michels journalist
annual report of the board of regents of the smithsonian institution,reports for 1884188687 issued in 2 pts pt 2 being the report of the national museum,science fiction,1905,smithsonian institution
margaret atwoods dystopian fiction,this volume details margaret atwoods dystopian novels through the themes of the ambivalent ethics of science and technology the position of women in the maledominated world and the ambiguous role played by religion and spirituality the books unique and original approach places atwoods fiction within the contemporary world with all the problems of our fastchanging reality furthermore it provides an excellent reading of her dystopias in a broader humanist context with an emphasis on the social cultural and political issues that have been important for both her the writer and us the readers,science fiction,2017,sławomir kuźnicki
holt anthology of science fiction,includes an introduction to the genre of science fiction  stories relating to the various areas of science by leading authors in the field  bibliographical information on authors  references for additional reading  critical thinking questions,science fiction,2000,holt rinehart  winston
masters theses in library science 19701974,the following index was compiled with the hope that it would make this body of library science research material available to the entire library science community to aid in acquisitions the addresses of the schools are listed at the end of the subject index,science fiction,1976,shirley magnotti
vulnerable people,a careful study of modern american novelists kurt vonnegut arthur c clark truman capote john updike saul bellow john gardner thomas pynchon and other and the value of modern fiction as reflecting changes in our adaption to life the book combines social awareness with psychological insight to relate economic climate feminism masculinity and the desire for selfimprovement,science fiction,1979,josephine hendin
after mao,preliminary material jeffrey c kinkley introduction jeffrey c kinkley lobby literature the archeology and present functions of science fiction in china rudolf g wagner love stories the meaning of love and marriage in china kam louie chinese crime fiction and its formulas at the turn of the 1980s jeffrey c kinkley obscure poetry a controversy in postmao china william tay the politics of technique perspectives of literary dissidence in contemporary chinese fiction leo oufan lee the nonofficial magazine today and the younger generations ideals for a new literature pan yuan and pan jie fiction and the reading public in guangzhou and other chinese cities 1979 1980 jeffrey c kinkley notes jeffrey c kinkley glossary jeffrey c kinkley index jeffrey c kinkley harvard east asian monographs jeffrey c kinkley,science fiction,1985,national endowment for the humanities
analog essays on science,for over 60 years analog magazine has been publishing stories and essays by the biggest names in science fiction and science factmany of whom got their start there this book contains some the best of analogs sciencefact offerings for the 1980s includes contributions by arthur c clarke robert forward john gribben and eric drexler readings address current topics such as cosmology evolution the search for extraterrestrial life and spaceflight contains a glimpse of what the next generations technology might look like,science fiction,1990,stanley schmidt
exploitation conservation preservation,using a geographic approach to the study of the environment and environmental policy the authors have successfully integrated physical economic social and political considerations of the major natural resource issues facing the world today features many maps photos and other visual materials to reinforce learning new to this edition is material on toxic substances and land resources as well as a focus on current issues in the topic,science fiction,1991,susan l cutter hilary lambert renwick william h renwick
cybersexualities,cyberspace the cyborg and cyberpunk have given feminists new imaginative possibilities for thinking about embodiment and identity in relation to technology this is the first anthology of the key essays on these potent metaphors divided into three sections technology embodiment and cyberspace cybersubjects cyborgs and cyberpunks cyborg futures the book addresses different aspects of the humantechnology interface the extensive introduction surveys the ways cyborg and cyberspace metaphors have been used in relation to current critical theory and indicates the context for the specific essays this is an invaluable guide for students studying any aspects of contemporary theory and culture brings together in a unique collection the work of key authors in feminist and cyber theory demonstrates the wide range of contemporary critical work challenges constructions of gender race and class an extensive introduction surveys the ways cyborg and cyberspace metaphors have been used in relation to current critical theory brief section introductions indicate the context for the specific essays,science fiction,1999,jenny wolmark
war stars,in this groundbreaking cultural analysis of the superweapon in american society h bruce franklin explores a pattern of thought that has beguiled americans since the 18th century the belief that miraculous new weapons will somehow end war and bring global triumph to american ideals franklin begins his analysis with robert fulton who claimed that an age of reasonincluding an end to ignorance poverty and warwould be ushered in by his three defensive inventions the submarine the torpedo and the steam warship he then traces this seductive idea as it weaves through american cultural artifacts such as the flood of future war novels appearing between 1880 and world war i the animated disney feature victory through air power and a 1940 novel in which america uses atomic bombs to win world war ii and establish a pax americana along the lines of the 1946 baruch plan in all franklin explores over two hundred movies stories and novels rediscovering obscure works that directly influenced later decisionmaking and brilliantly reinterpreting such modern classics as catch 22 slaughterhouse five and dr strangelove more important he shows how these cultural images shaped the imagination and public discourse responsible for the actual superweapons now looming over human destiny,science fiction,1988,howard bruce franklin
dune,what the lord of the rings is to fantasy dune is to science fiction presenting one of the most influential works of all time which has inspired countless other stories for more than half a century this is an aweinspiring world and a story of truly epic scope an astonishing science fiction phenomenon washington post i know nothing comparable to it except the lord of the rings arthur c clarke it is possible that dune is even more relevant now than when it was first published new yorker paul atreides son of duke leto atreides and all of his family have been sent to the planet arrakis having been outmanoeuvred by their archenemy baron harkonnen arrakis  also known as dune  is an arid place but a planet of fabulous wealth the only source of a drug prized throughout the galactic empire spice what will happen next will change everything there are secrets on dune known only to the planets native people the fremen they have been waiting for their moment to make their move paul will be brought into the path by terrible events beyond his control but paul himself is important he is the child of destiny a child of prophecy and within him is the power to bring the empire to its knees joint winner of the hugo award for best novel 1966 winner of the nebula award for best novel 1965 read the book which inspired the academy awardwinning and jawdropping cinematic events dune part one 2021 and dune part two 2024 a science fiction spectacular like no other this is a deeply climate conscious novel and a compelling family saga for the ages,science fiction,2010,frank herbert
women and gaming,today virtual worlds abound avatars are every day occurrences and video games are yesterdays news but todays games are not just a pastime for millions  they are also a technological focal point for new forms of learning james paul gee and elisabeth hayes are leading researchers in the field of gaming and here they argue that women gamersa group too often marginalizedare at the forefront of todays online learning world by utilizing the tools of gaming in ways never before imagined  actively engaging in game design writing fan fiction and organizing themselves into collaborative learning communities  women of all ages acquire the tools to successfully navigate the complex social cultural  and economic problems of the 21st century women are leading the way to a new understanding of online learning techniques from cultural production to learning communities to technical proficiency in the latest software this book draws on case studies about women who play the sims the best selling game in history to argue for a new general theory of learning for the 21st century,science fiction,2010,james paul gee elisabeth r hayes
the magazine in america 17411990,this carefully researched and sweeping work ranges from tales of the earliest magazine the general magazine of benjamin franklin and american magazine of andrew bradford to contemporary giants such as tv guide and sports illustrated and includes a history of the business press,science fiction,1991,john william tebbel mary ellen zuckerman
the writing on the cloud,this book is a pathbreaking collection of essays which explore the diverse and complex ways american culture has been shaped by the looming presence of the atomic bomb the central icon of technology diplomacy and war of the second half of the twentieth century these essays were originally presented as papers at a 1995 conference at bowling green state university commemorating the fiftieth anniversary of the bomb this collection is unusual in the range of subjects addressed which range from abstract expressionism and modernist poetry to television sitcoms and advertisements for lipstick and appliances the papers fall into four general areas of investigation and interpretation the analysis of widespread cultural issues or social movements the examination of particular cultural artifacts the explorations of aspects of political diplomatic or military history and recollections or interpretations of personal experience contents the consequences of the atomic bomb the end of the soviet union and the beginning of environmental hysteria edward teller bert the turtle meets doctor spock parenting in atomic age america daniel gomes commercial fallout the image of progress and the feminine consumer in the atomic age 19451962 john gregory stocke from the missile gap to the culture gap modernism in the fallout from sputnik david howard detonating on canvas the abstract bomb in american art richard martin sane and beyond sane poets and the hbomb 19581960 daniel belgrad from science to science fiction leo szilard and fictional persuasion michael l lewis shboom or how early rock  roll taught us to stop worrying and love the bomb richard aquila are you ready for the great atomic power music and protest 19451960 joseph c ruff stories told by godzilla and rodan helen schwartz the berlin crisis the bomb shelter craze and bizarre television expressions of an atomic age counterculture in the early 1960s margot a henricksen peace on earth without goodwill t,science fiction,1997,alison m scott christopher d geist
sublime voices,since the 1950s abe kōbō 19241993 has achieved an international reputation for his surreal or grotesque brand of literature bolton explores how this reconciliation of ideas and dialects is for abe part of the process whereby texts and individuals form themselvesa search for identity that occurs at the level of the self and society at large,science fiction,2009,christopher bolton
dying planet,for more than a century mars has been at the center of debates about humanitys place in the cosmos focusing on perceptions of the red planet in scientific works and science fiction dying planet analyzes the ways mars has served as a screen onto which humankind has projected both its hopes for the future and its fears of ecological devastation on earth robert markley draws on planetary astronomy the history and cultural study of science science fiction literary and cultural criticism ecology and astrobiology to offer a crossdisciplinary investigation of the cultural and scientific dynamics that have kept mars on front pages since the 1800s markley interweaves chapters on science and science fiction enabling him to illuminate each arena and to explore the ways their concerns overlap and influence one another he tracks all the major scientific developments from observations through primitive telescopes in the seventeenth century to data returned by the rovers that landed on mars in 2004 markley describes how major science fiction writersh g wells kim stanley robinson philip k dick edgar rice burroughs ray bradbury robert heinlein and judith merrilresponded to new theories and new controversies he also considers representations of mars in film on the radio and in the popular press in its comprehensive study of both science and science fiction dying planet reveals how changing conceptions of mars have had crucial consequences for understanding ecology on earth,science fiction,2005,robert markley
practices of the sentimental imagination,the history of the book in nineteenthcentury japan follows an uneven course that resists the simple chronology often used to mark the divide between premodern and modern literary history by examining the obscured histories of publication circulation and reception of widely consumed literary works from late edo to the early meiji period jonathan zwicker traces a genealogy of the literary field across a long nineteenth century one that stresses continuities between the generic conventions of early modern fiction and the modern novel in the literature of sentiment zwicker locates a tearstreaked lens through which to view literary practices and readerly expectations that evolved across the century practices of the sentimental imagination emphasizes both qualitative and quantitative aspects of literary production and consumption balancing close readings of canonical and noncanonical texts sophisticated applications of critical theory and careful archival research into the holdings of nineteenthcentury lending libraries and private collections by exploring the relationships between and among japanese literary works and texts from late imperial china europe and america zwicker also situates the japanese novel within a larger literary history of the novel across the global nineteenth century,science fiction,2006,jonathan e zwicker
science fiction science fact,compares what writers over the centuries have written about an imaginary future with the reality revealed by time,science fiction,1991,isaac asimov
gay and gaia,gay and gaia is daniel spencers bold passionate call to rethink sexuality ecology and the sacred contending that ecological ethics must become the grounding for all ethics the author asserts that genuine justice requires right relation among all of creation not simply among human beings spencer urges us  gay and straight bisexual transgendered  to reject a humancentered anthropocentric worldview in favor of an ecocentric worldview yet our responses to the ecological crises need to be rooted in and nourished by our appreciation of the erotic only when we are able to integrate our sexuality with our spirituality will we fully experience the divine  and fully live out our ethical values,science fiction,1996,daniel teberg spencer
red cosmos,often called the grandfather of russian rocketry k e tsiolkovskii first conceived of multistage rockets that would later be adapted as the basis of both the us and soviet rocket programs mining a myriad of russian archives andrews produces a study of soviet technological propaganda local science education public culture in the 1920s and 1930s and the cultural ramifications of space flight,science fiction,2009,james t andrews
integrating science and language arts,this excellent new resource presents a substantive integration of science and language arts curriculum organized in teaching units activities are organized topically to allow teachers to work with complete teaching units for planning purposes all the science activities have been fully researched and are explained with appropriate background information the language arts activities have a whole language approach elementary classroom teachers a longwood professional book,science fiction,1996,donna gail shaw claudia s dybdahl
the country of the pointed firs and other fiction,this volume includes jewetts classic novella and 13 of her short stories written towards the end of her career the introduction a pharmacopoeia and extensive explanatory notes suggest a variety of ways to explore jewetts subtle fiction,science fiction,1996,sarah orne jewett
archangel,a twelveyearold boy discovers the wonders of science and the natural world from motorized bicycles to airplanes to xray technology and genetics in this collection of five stories,science fiction,2013,andrea barrett
the holodeck in the garden,collecting twenty essays written by distinguished scholars from the united states and germany the holodeck in the garden offers an informative tour of the complex interrelations between science technology and contemporary american literature contributors include michael berube writing on colson whiteheads the intuitionist joseph conte on william gibson and bruce sterling david cowart on don delillos cosmopolis carl djerassi on scienceinfiction n katherine hayles on neal stephensons cryptonomicon ursula heise on risk and narrative in the contemporary novel john johnston on network theory brian mchale on harry mathews kathy acker and gilbert sorrentino joseph tabbi on william gaddis and curtis white on the great american disaster machine,science fiction,2004,peter freese charles b harris
sound rising from the paper,chinese martial arts novels from the late nineteenth century are full of suggestive sounds characters curse in colorful dialect accents and action scenes come to life with the loud clash of swords paize keulemans examines the relationship between these novels and earlier storyteller manuscripts to explain the purpose and history of these sounds,science fiction,2014,paize keulemans
bulletin of the georgia academy of science,beginning in 1947 includes program and abstracts of papers presented at its annual meeting,science fiction,1975,georgia academy of science
an introduction to modern greek literature,the book highlights those writers and works which have enjoyed critical or popular acclaim and emphasizes the relationships which link one work with another and with its historical context it moves from the varying responses to european romanticism which defined greek literature in the nineteenth century culminating in the work of palamas and cavafy in the first decades of this century to the modernist influenced work of the years from the 1920s to 1945,science fiction,1994,roderick beaton
postmodern time and space in fiction and theory,postmodern time and space in fiction and theory seeks to place the contemporary transformation of notions of space and time often attributed to the technologies we use in the context of the ongoing transformations of modernity bringing together examples of modern and contemporary fiction from defoe to delillo frankenstein to finnegans wake and theoretical discussions of the modern and the postmodern the author explores the legacy of modern transformations of space and time under five headings the space of nature the space of the city postmodern or most modern time the time and space of the work of art in the age of digital reproduction and travel from modernity to these five essays reexamine the meanings of modernity and its aftermath in relation to the spaces and times of the natural the urban and the media environment,science fiction,2020,michael kane
climate change communication,proceedings of a conference that provided a foundation to begin addressing matters related to communicating the climate change issue in order to raise awareness confer understanding and motivate action presentations are organized under the following themes climate change perceptions among scientists  decision makers influences on public understanding of climate change organizational roles in communicating about climate change national  regional communication strategies climate change perceptions among the public assessment of media representations of climate change promotion of community action stakeholder framing of climate change communication and the sciencepolicy interface lessons for civic engagement from other participatory processes social marketing strategies communitybased communication strategies climate change education through science fiction climate change curriculum development values and responsibility scenarios as communication tools engaging youth  educators linking climate change knowledge  action stakeholder engagement in the agricultural sector motivating change developing an international climate change communication network communication of natural variability  extremes the role of libraries  the internet and climate change from an inuit perspective the final section includes summaries of conference workshops public forums and poster papers,science fiction,2000,daniel james scott canada environment canada university of waterloo
space  amern imagination,examining popular images that have helped motivate the most ambitious civil space program in the world mccurdy argues that the spacefaring dream tapped into several of americas most deeply rooted cultural ideals he also explains how space advocates playing on the publics cold war fears convinced politicians that control of space meant control of the earthhe also contends that the gaps between expectations and reality led to public policy obligated to entertain as well as inform 43 photos,science fiction,1997,howard e mccurdy
reading mavis gallant,this book examines the nature and scope of the work of mavis gallant the noted canadian short story writer and novelist who delights readers with the elegance and authority of her prose while disconcerting them with the sharp edge of her vision examining her fiction journalism and work in the theatre keefer explores her preoccupation with the prison of childhood and the constricted world of women as well as her continual concern with the function of memory keefer also focuses closely on both the rewards and the problems that readers encounter in any sustained engagement with gallants work raising important questions about the nature of contemporary fiction and gallants unique canadian perspective,science fiction,1989,janice kulyk keefer
pseudoscience and science fiction,aliens flying saucers esp the bermuda triangle antigravity  are we talking about science fiction or pseudoscience sometimes it is difficult to tell the difference both pseudoscience and science fiction sf are creative endeavours that have little in common with academic science beyond the superficial trappings of jargon and subject matter the most obvious difference between the two is that pseudoscience is presented as fact not fiction yet like sf and unlike real science pseudoscience is driven by a desire to please an audience  in this case people who want to believe this has led to significant crossfertilization between the two disciplines sf authors often draw on real pseudoscientific theories to add verisimilitude to their stories while on other occasions pseudoscience takes its cue from sf  the symbiotic relationship between ufology and hollywood being a prime example of this this engagingly written well researched and richly illustrated text explores a wide range of intriguing similarities and differences between pseudoscience and the fictional science found in sf andrew may has a degree in natural sciences from cambridge university and a phd in astrophysics from manchester university after many years in academia and the private sector he now works as a freelance writer and scientific consultant he has written pocket biographies of newton and einstein as well as contributing to a number of popular science books he has a lifelong interest in science fiction and has had several articles published in fortean times magazine,science fiction,2016,andrew may
different engines,since its emergence in the seventeenth century science fiction has been a sustained coherent and subversive check on the promises and pitfalls of science in their turn invention and discovery have forced fiction writers to confront the nature and limits of reality different engines explores how this fascinating symbiosis shapes what we see do and dream from johannes keplers somnium to arthur c clarkes 2001 science fiction has emerged as a mode of thinking complementary to the scientific method science fictions field of interest is the gap between the new worlds uncovered by experimentation and exploration and the fantastic worlds of the imagination its proponents find drama in the tension between the familiar and the unfamiliar its readers many of them scientists and politicians find inspiration in the contrast between the ordinary and the extraordinary brake and hooks different engines is a unique provocative and compelling account of science fiction as the arbiter of progress,science fiction,2007,mark brake neil hook
the oxford companion to australian film,the oxford companion to australian film is an indispensable reference for anyone interested in australian movies this companion is a comprehensive guide to the people and ideas that have made australian cinema it contains more than a thousand entries and was written by almost a hundred scholars and writers with expertise in different facets of australian film no other reference book on this subject contains so many features  succinct yet detailed entries on key figures actors directors producers writers designers composers etc  incisive discussions of major films with credits and plot summaries  longer essays on critical and historical themes  a series of extended interviews specially prepared for this companion with some of the luminaries of australian film including goeffrey rush and pamela rabe  over 100 illustrations portraits stills and posters  thorough bibliography  full list of afi awards  subject index providing easy access to relevant entries this companion celebrates australias love of the movies and provides a comprehensive and entertaining account of its unique contribution to the art,science fiction,1999,brian mcfarlane geoff mayer ina bertrand
native american writers of the united states,contains fortythree alphabetically arranged essays that provide biographical and critical information about indian authors from throughout historymost of whom live or lived in the us and who wrote or write primarily in englishwho have made significant contributions to the body of native american literature,science fiction,1997,kenneth m roemer
bulgarian horizons,no 6 include separately paged literary supplements with articles in english french german and russian,science fiction,1984,
out of the alleyway,these chapters trace the biographical thread running through nakagamis works while foregrounding such diverse facets of his writing as his interest in the modern possibilities of traditional myths and forms of storytelling his deployment of shocking tropes and images and his crafting of a unique poetic language,science fiction,2007,eve zimmerman
the planets,consists of essays by astronomers speculations by science fiction authors and illustrations by space artists,science fiction,1985,byron preiss
cosmic catastrophes,a meteorite destroying los angeles another ice age a star explosion impossible not so according to astronomer gerrit verschuur who combines science fiction and science fact in this remarkable new book cosmic catastrophes predicts disasters on the largest possible scale catastrophes that could destroy our entire planet they could happen in a billion years or a thousand in a decade or tomorrow a nearby star explodes a large meteorite strikes the earth the temperature drops 10o to produce an ice age the magnetic field drops to zero a black hole orbiting the sun churns the earths oceans into huge tidal waves dr verschuur points out that we are an integral part of the universenot just observersand that cosmic events can and will affect our lives he uses science fiction to explore some of the more chilling possibilities then presents the science facts behind each of the potential disasters cosmic catastrophesa fascinating book for armchair astronomers and science fiction buffs alikepg 4 of cover,science fiction,1978,gerrit l verschuur
the cyborg handbook,on cybernetic organisms cyborgs,science fiction,1995,chris hables gray steven mentor
time for discovery informational books,fiftyseven excerpts from nonfiction books in the physical biological and social sciences includes a discussion of the use of these books and an annotated bibliography of other selected books for children and young people,science fiction,1971,
dreams must explain themselves,ursula k le guin has won or been nominated for over 200 awards for her fiction including the hugo nebula world fantasy and sfwa grand master awards she is the acclaimed author of the earthsea sequence and the left hand of darkness  which alone would qualify her for literary immortality  as well as a remarkable body of short fiction including the powerful hugowinning the ones who walk away from omelas and the masterpiece of anthropological and environmental sf the word for world is forest  winner of the hugo award for best novella but ursula le guins talents do not stop at fiction over the course of her extraordinary career she has penned numerous essays around themes important to her anthropology environmentalism feminism social justice and literary criticism to name a few she has responded in detail to criticism of her own work and even reassessed that work in the context of such critiques this selection of the best of le guins nonfiction shows an agile mind an unparalleled imagination and a ferocious passion to argue against injustice in 2014 ursula le guin was awarded the national book foundations medal for distinguished contribution to american letters and her widely praised acceptance speech is one of the highlights of this volume which shows that one of modern literatures most original voices is also one of its purest consciences,science fiction,2018,ursula k le guin
opus 100,isaac asimovs 100th book a collection including samples of the range of his writings,science fiction,1969,isaac asimov
nova 19651975,a chronicle of the magazine novas visual impact and influence during the eleven years it was published,science fiction,1993,david hillman
the book of mars,from myth to musk astrology to astronomy the red planet in fact and fiction  dr stuark clark selects the very best writing about mars,science fiction,2022,stuart clark
the oxford dictionary of phrase saying and quotation,compiles over 10000 quotations proverbs and phrases on over 350 themes among them actors and acting bores and boredom elections food and drink kissing madness schools taxes the weather and youth many are attributed with reference to particular works while others merely explain the meaning and sometimes the background for example a carthaginian peace is a peace settlement that imposes very severe terms of the defeated side and refers to the ultimate destruction of carthage by rome in the punic wars a keyword index presents abbreviated versions to facilitate finding a particular perhaps half remembered quotation annotation copyrighted by book news inc portland or,science fiction,1997,elizabeth m knowles
comeuppance,flesch delivers the freshest most generous thinking about the novel since walter benjamin wrote on the storyteller and wayne c booth on the rhetoric of fiction in clear and engaging prose flesch integrates evolutionary psychology into literary studies creating a new theory of fiction in which form and content flawlessly intermesh,science fiction,2009,william flesch
english fiction and the evolution of language 18501914,victorian science changed language from a tool into a natural phenomenon evolving independently of its speakers will abberley explores how science and fiction interacted in imagining different stories of language evolution popular narratives of language progress clashed with others of decay and degeneration furthermore the blurring of language evolution with biological evolution encouraged victorians to reimagine language as a mixture of social convention and primordial instinct abberley argues that fiction by authors such as charles kingsley thomas hardy and h g wells not only reflected these intellectual currents but also helped to shape them genres from utopia to historical romance supplied narrative models for generating thought experiments in the possible pasts and futures of language equally fiction that explored the instinctive roots of language intervened in debates about language standardisation and scientific objectivity these textual readings offer new perspectives on twentyfirstcentury discussions about language evolution and the language of science,science fiction,2015,will abberley
psience fiction,science fiction has often been considered the literature of futuristic technology fantastic warfare among the stars or ruinous apocalypses on earth the last century however saw through john w campbell the introduction of psience fiction which explores such themes of mental powers as telepathy precognition of the future teleportation etcand symbolic machines that react to such forces the author surveys this longignored literary shift through a series of influential novels and short stories published between the 1930s and the present this discussion is framed by the sudden surge of interest in parapsychology and its absorption not only into the sf genre but also into the real world through military experiments such as the star gate program,science fiction,2018,damien broderick
proceedings of the west virginia academy of science,list of members in v 2,science fiction,1951,west virginia academy of science
the routledge anthology of climate fiction,the routledge anthology of climate fiction brings together key works from the bible to the twentieth century in an accessible resource for students and teachers alike with a robust variety of works including h g wells clare winger harris h p lovecraft leslie f stone and arthur conan doyle the routledge anthology of climate fiction offers vital new perspectives and critical introductions all the way back to humanitys earliest surviving literary texts,science fiction,2024,bill gillard
on the origin of stories,brian boyd explains why we tell stories and how our minds are shaped to understand them after considering art as adaptation boyd examines homers odyssey and dr seusss horton hears a who demonstrating how an evolutionary lens can offer new understanding and appreciation of specific works,science fiction,2010,brian boyd
dystopias and utopias on earth and beyond,foreword ecofeminism and speculative fiction  a writers reflection  vandana singh  preface  douglas a vakoch  introduction  patrick d murphy  climate change and future earth dystopias an ecofeminist reading of octavia butlers parable of the sower and parable of talents  hatice övgü tüzün  an ecofeminist treatment of nourishment and feeding in margaret atwoods maddaddam trilogy  debra wain  margaret atwoods ecodystopic sf  approaching ethics gender and ecology  izabel f o brandão and ildney cavalcant  ecofeminist post iceage ecotopia  doris lessings mara and dann books  julia kuznetsk  ecofeminist climate fiction  merlinda bobiss locust girl  iris ralph  utopias on earth and beyond extinction is forever  ecofeminism and apocalypse in louise lawrences young adult short fiction  michelle deininger and gemma scammel  ecofeminist utopian speculations in henrietta augusta dugdales a few hours in a faroff age 1883 catherine helen spences a week in the future 1888 mary anne moorebentleys a woman of mars or australias enfranchised woman 1901 and joyce vincents the celestial hand a sensational story  nicole anae  alien ecofeminist societies  sharers in joan slonczewskis a door into ocean  irene sanz alonso  rereading ursula k le guins sf  the daoist yin principle in ecofeminist novels  amy chan kitsze  keeping grows giving flows  reciprocal relations and the gift of always coming home  karl zuelke  the revolt of the mother  romanticizing nature and rejecting science in sally miller gearharts the wanderground and other feminist utopias  christy tidwell,science fiction,2021,douglas a vakoch
consciousness and science fiction,science fiction explores the wonderful baffling and wildly entertaining aspects of a universe unimaginably old and vast and with a future even more immense it reaches into that endless cosmos with the tools of rational investigation and storytelling at the core of both science and science fiction is the engaged human minda consciousness that sees and feels and thinks and loves but what is this mind this aware and selfaware consciousness that seems unlike anything else we experience what makes consciousness the hard problem of philosophy still unsolved after millennia of probing this book looks into the heart of this mystery  at the science and philosophy of consciousness and at many inspiring fictional examples  and finds strange challenging answers the books content and entertaining style will appeal equally to science fiction enthusiasts and scholars including cognitive and neuroscientists as well as philosophers of mind it is a refreshing romp through the science and science fiction of consciousness,science fiction,2018,damien broderick
the near future in 21st century fiction,explores contemporary fiction set in the near future to shed new light on our cultures relationship to the anthropocene,science fiction,2022,david sergeant
tropeing the light fantastic,physicist computer engineer science popularizer and awardwinning sciencefiction author edward m lerner entertainingly examines the tropes that surround science fiction the science behind the fiction,science fiction,2018,edward m lerner
future humans in fiction and film,this book will appeal to everyone who reads science fiction or thinks about science and its impact on our lives it raises profound economic ethical political sociological and psychological questions it explores our fears and fantasies as it examines a range of fictions films and tv programs that speculate about the possibilities of humans in the future the contributions here ask central questions that have provoked the creators and readers of science fiction since mary shelley inaugurated the genre with her novel frankenstein what are the aims and limits of science and technology what are our responsibilities toward the products of our advancing science and technology what kinds of creatures will we produce or encounter in the future what rights will we grant to these creatures or  more worryingly  will they grant to us do science and technology make us more civilized or more barbaric how should we treat each other ultimately what does it mean to be human,science fiction,2019,louisa mackay demerjian karen f stein
american novelists since world war ii,contains biographical sketches of writers who either began writing novels after 1945 or have done their most important work since then,science fiction,1996,james richard giles wanda h giles
science fiction and futurism,science and science fiction have become inseparablewith common stories interconnected thought experiments and shared language this reference book lays out that relationship and its allbutmagical terms and ideas those who think seriously about the future are changing the world reshaping how we speak and how we think this book fully covers the terms that collected clarified and crystallized the futurists ideas sometimes showing them off sometimes slowing them down and sometimes propelling them to fame and making them the common currency of our culture the many entries in this encyclopedic work offer a guided tour of the vast territories occupied by science fiction and futurism in his foreword david brin says provocative and enticing filled with huh moments and leads to great stories that describes this volume,science fiction,2017,ace g pilkington
american environmental fiction 17821847,while ralph waldo emerson and henry david thoreau are often credited with inventing american environmental writing matthew wynn sivils argues that the works of these transcendentalists must be placed within a larger literary tradition that has its origins in early republic natural histories indian captivity narratives gothic novels and juvenile literature authors such as william bartram ann eliza bleecker and samuel griswold goodrich to name just a few enabled the development of a credibly american brand of protoenvironmental fiction sivils argues that these seeds of environmental literature would come to fruition in james fenimore coopers the pioneers which he argues is the first uniquely environmental american novel he then connects the biogeographical politics of coopers the prairie with european antiamericanism and concludes this study by examining how james kirke paulding thomas cole and james fenimore cooper imaginatively addressed the problem of human culpability and nationalistic cohesiveness in the face of natural disasters with their focus on the character and implications of the imagined american landscape these key works of early environmental thought contributed to the growing influence of the natural environment on the identity of the fledgling nation decades before the influences of emersons nature and thoreaus walden,science fiction,2016,matthew wynn sivils
sauls fall,herbert lindenbergers satire on authorship milton j wolfson an assistant professor of english at stanford receives in the mail a playscript sauls fall so lindenbergers book is wolfsons critical edition full text of sauls fall a of subsidiary jottings then a raft of critical essays,science fiction,1979,herbert lindenberger
the secret window,in this series of meditations on seven of tanizaki junichiros novels and novellas chambers focuses on the thread of fantasy that tanizaki weaves throughout his work he examines tanizakis subtle use of storytelling devices to evoke his characters alternate sense of reality and to encourage the readers participation in their fantasies,science fiction,1994,anthony hood chambers
nineteenth century popular fiction medicine and anatomy,this book investigates the relationship between the fascinating and misunderstood penny blood early victorian popular fiction for the working class and victorian anatomy in 1832 the controversial anatomy act sanctioned the use of the body of the pauper for teaching dissection to medical students deeply affecting the victorian poor the ensuing decade such famous penny bloods as manuscripts from the diary of a physician varney the vampyre sweeney todd and the mysteries of london addressed issues of medical ethics social power and bodily agency challenging traditional views of penny bloods as a lowlier unreadable genre this book rereads these four narratives in the light of the 1832 anatomy act putting them in dialogue with different popular artistic forms and literary genres as well as with the spaces of death and dissection in victorian london exploring their role as channels for circulating discourses about anatomy and ethics among the victorian poor,science fiction,2019,anna gasperini
the war of the worlds,wells novel a scientific romance attained perhaps its greatest fame in another form the infamous realistic 1939 radio broadcast invasion from mars by the redoubtable orson welles it was also notably made into an early fifties science fiction adventure movie and there have been other adaptations as well so indelible is the association that the novel like the panic inducing broadcast and the hollywood flick now is taken as little more than a light fantasy of outerspace terror and human heroism far from the authors original vision the war of the worlds is a philosophical tale and as such is profoundly ideological the world of the martians represents the progressive future of humanity in a cultural war with our world of tradition and reactionthese are the two worlds in question the mars from which the invaders come is united by a planetwide system of irrigation canals for wells this indicates a socialist worldstate the red planet is red in more than one sense pointing the direction of terrestrial progress the martians in the novel are octopoidal monsters bodily anticipating the tentacular allcontrolling totalitarian regimes of the twentieth century,science fiction,2018,h g wells
the science of science fiction,let mark brake open your eyes to how science fiction helped us dream of things to come and building the future we inhabitfrom star trek to the martian from back to the future to guardians of the galaxy from 2001 a space odyssey to the avengers media headlines declare this the age of automation the tv talks about the coming revolution of the robot tweets tell tales of jets that will ferry travelers to the edge of space and social media reports that the first human to live for a thousand years has already been born the science we do the movies we watch and the culture we consume is the stuff of fiction that became fact the future imagined in our pastthe future we now inhabit the science of science fiction is the story of how science fiction shaped our world no longer a subculture science fiction has moved into the mainstream with the advent of the information age it helped realize explore how science fiction has driven science with topics that include guardians of the galaxy is space full of extraterrestrials jacking in will the future be like ready player one mad max is society running down into chaos the internet will humans tire of mere reality blade runner 2049 when will we engineer human lookalikes and many more this book is the story of how science fiction shaped our world no longer a subculture science fiction has moved into the mainstream with the advent of the information age it helped realize explore how science fiction has driven science this book will open your eyes to the way science fiction helped us dream of things to come forced us to uncover the nature and limits of our own reality and helped us build the sciencefictiondriven world we live in today,science fiction,2018,mark brake
time machines,this book explores the idea of time travel from the first account in english literature to the latest theories of physicists such as kip thorne and igor novikov this very readable work covers a variety of topics including the history of time travel in fiction the fundamental scientific concepts of time spacetime and the fourth dimension the speculations of einstein richard feynman kurt goedel and others time travel paradoxes and much more,science fiction,2001,paul j nahin
microworlds,in this bold and controversial examination of the past present and future of science fiction lem informs the raging debate over the literary merit of the genre with ten arch incisive provocative essays edited and with an introduction by franz rottensteiner translated by rottensteiner and others a helen and kurt wolff book,science fiction,1986,stanisław lem
the legacies of ursula k le guin,the legacies of ursula k le guin explores how le guins fiction and essays have built a speculative ethical practice engaging indigenous knowledge and feminism while crafting utopias in which human and otherthanhuman life forms enter into new relations her work also delineates new ways of making sense of the science of science fiction the authors of this collection provide uptodate discussions of wellknown works as well as more experimental writings written in an accessible style legacies will appeal to any readers interested in literature science fiction and fantasy as well as specialists of science and technology studies philosophy of science ethics gender studies indigenous studies and posthumanism,science fiction,2021,christopher l robinson sarah bouttier pierrelouis patoine
new light through old windows exploring contemporary science through 12 classic science fiction tales,this book presents the reader with some of the earliest classic sf short stories  all of them published between 1858 and 1934 featuring both wellknown and longforgotten writers  dealing for the first time with topics to which science had some answers only at much later stages this includes aspects of alien life forms transmogrification pandemics life on mars android robots big data matter transmission and impact events to name but a few the short stories are reprinted in full alongside extensive commentaries which also examine some of the latest scientific thinking surrounding the storys main theme and provide the reader with suggestions for further reading,science fiction,2019,stephen webb
just like being there,just like being there is the first collection of science fiction stories by awardwinning author and aerospace engineer eric choi spanning his 25 year writing career the stories are hard science fiction in which some element of engineering or science is so central there would be no story if that element were removed story topics include space exploration artificial intelligence virtual reality cryptography quantum computing online privacy mathematics statistics neuroscience psychology space medicine extraterrestrial intelligence undersea exploration commercial aviation and the history of science a special feature of the book is that each story is followed by an afterword that explains the underlying engineering or science this collection will entertain and inform all aficionados of science and science fiction,science fiction,2022,eric choi
science fiction by scientists,this anthology contains fourteen intriguing stories by active research scientists and other writers trained in science science is at the heart of real science fiction which is more than just westerns with ray guns or fantasy with spaceships the people who do science and love science best are scientists scientists like isaac asimov arthur c clarke and fred hoyle wrote some of the legendary tales of golden age science fiction today there is a new generation of scientists writing science fiction informed with the expertise of their fields from astrophysics to computer science biochemistry to rocket science quantum physics to genetics speculating about what is possible in our universe here lies the sense of wonder only science can deliver all the stories in this volume are supplemented by afterwords commenting on the science underlying each story,science fiction,2016,michael brotherton
the orchid cage,this book is a new english translation of the classic science fiction story written in 1961 by herbert w franke widely held to be the most important germanlanguage sciencefiction writer a dead city on a distant planet two groups of people trying to explore it step by step they penetrate the outer ring with its ultramodern technology the halfruined medieval city center and finally the mysterious center but is the eerie city really dead suddenly the factories start working again the automatons intervene and somewhere in the background there is still something hidden that could perhaps awaken but is it people or machines herbert w franke leads the reader into an oppressively strange world only after the startling resolution does it become clear what lies behind the adventures of the intruders  not a cosmic strangeness but a threatening development that could affect humans in the same way frankes novel is thus a parable of the evolution of all humans in the age of technical communication ,science fiction,2024,herbert w franke
hivaids,the scientific literature is clear 1 new york city is the epicenter of the aids epidemic 2 the theory that hiv came from monkeys is a fallacy the theory that aids originated in african monkeys arose from an incident of laboratory contamination and 3 the african aids epidemicasholocaust never manifested based on a forensic review of over 3000 scientific and medical journal articles hivaids the facts and the fiction redefines global concepts for the prevalence and distribution of hiv infection and has powerful implications for hivaids funding research prerogatives and global health care interventionspublishers website,science fiction,2012,chris jennings
environmentality,this book addresses the role and potential of literature in the process of contesting and reevaluating concepts of nature and animality describing ones individual environment as the starting point for such negotiations it employs the notion of the literary event to discuss the specific literary quality of verbal art conceptualised as environmentality environmentality is grounded on the understanding that fiction does not explain or second scientific and philosophical notions but that it poses a fundamental challenge to any form of knowledge manifesting in processes determined by the human capacity to think beyond a given hermeneutic situation bartosch foregrounds the dialectics of understanding the other by means of literary interpretation in ecocritical readings of novels by amitav ghosh zakes mda yann martel margaret atwood and jm coetzee arguing that environmentality helps us as readers of fiction to learn from the books we read that which can only be learned by means of reading to think like a mountain aldo leopold and to know what it is like to be a bat thomas nagel,science fiction,2013,roman bartosch
the invisible man,with his face swaddled in bandages his eyes hidden behind dark glasses and his hands covered even indoors griffin  the new guest at the coach and horses  is at first assumed to be a shy accidentvictim but the true reason for his disguise is far more chilling he has developed a process that has made him invisible and is locked in a struggle to discover the antidote forced from the village and driven to murder he seeks the aid of an old friend kemp the horror of his fate has affected his mind however  and when kemp refuse to help he resolves to wreak his revenge,science fiction,2007,hg wells
other animals in twentyfirst century fiction,this book is about ordinary animals and how they are imagined in twentyfirst century fiction examining contemporary animal representations and the fraught and potent distinctions humans fashion between themselves and all other animals it asks how a range of novels make remake or unmake traditional conceptions of the creatures we love admire eat vilify and abuse other animals detailed readings of horses an animalised human a donkey ants chickens and chimpanzees develop new critical practices in literary animal studies they explore the connections between fictional animal representation narrative form ethics and the lives and warm bodies of the realworld creatures that precede and exceed our imagination humananimal relationships are conditioned by our imaginative shapings of other animals and by our sense of distinction from them and other animals opens out how fictional animal forms and tropes respond to participate in or challenge the ways animals lives are lived out in consequence of human imaginings of them,science fiction,2017,catherine parry
climate fiction and cultural analysis,climate fiction and cultural analysis argues that the popularity of the term climate fiction has paradoxically exhausted the terms descriptive power and that it has developed into a black box containing all kinds of fictions which depict climatic events and has consequently lost its true significance aware of the prospect of ecological collapse as well as our apparent inability to avert it we face geophysical changes of drastic proportions that severely challenge our ability to imagine the consequences this book argues that this crisis of imagination can be partly relieved by climate fiction which may help us comprehend the potential impact of the crisis we are facing strictly assigning climate fiction to fictions that incorporate the climatological paradigm of anthropogenic global warming into their plots this book sets out to salvage the terms speculative quality it argues that climate fiction should be regarded as no less than a vital supplement to climate science because climate fiction makes visible and conceivable future modes of existence within worlds not only deemed likely by science but which are scientifically anticipated focusing primarily on english and german language fictions climate fiction and cultural analysis shows how western climate fiction sketches various affective and cognitive relations to the world in its utilization of a small number of recurring imaginaries or imagination forms this book will be of great interest to students and scholars of ecocriticism the environmental humanities and literary and culture studies more generally,science fiction,2020,gregers andersen
the psychology of time travel,perfect for fans of naomi aldermans the power and margot lee shetterlys hidden figures comes the psychology of time travel a mindbending timetravel debut in 1967 four female scientists worked together to build the worlds first time machine but just as they are about to debut their creation one of them suffers a breakdown putting the whole projectand future of time travelin jeopardy to protect their invention one member is exiled from the teamerasing her contributions from history fifty years later time travel is a big business twentysomething ruby rebello knows her beloved grandmother granny bee was one of the pioneers though no one will tell her more but when bee receives a mysterious newspaper clipping from the future reporting the murder of an unidentified woman ruby becomes obsessed could it be bee who would want her dead and most importantly of all can her murder be stopped traversing the decades and told from alternating perspectives the psychology of time travel introduces a fabulous new voice in fiction and a new mustread for fans of speculative fiction and womens fiction alike,science fiction,2019,kate mascarenhas
surreal entanglements,this edited collection approaches the most pressing discourses of the anthropocene and posthumanist culture through the surreal yet instructive lens of jeff vandermeers fiction in contrast to universalist and essentializing ways of responding to new material realities vandermeers work invites us to reimagine human subjectivity and other collectivities in the light of historically unique entanglements we face today the ecological technological aesthetic epistemological and political challenges of life in the anthropocene era situating these messy multiscalar material complexities of life in close relation to their ecological material and colonialist histories his fiction renders them at once troublingly familiar and strangely generative of other potentialities and insight the collection measures vandermeers work as a new kind of speculative surrealism his texts capturing the strangeness of navigating a world in which nature has become radically uncanny due to global climate change and powerful biotechnologies the first collection to survey academic engagements with vandermeer this book brings together scholars in the fields of environmental literature science fiction genre studies american literary history philosophy of technology and digital cultures to reflect on the environmentally culturally aesthetically and politically central questions his fiction poses to predominant understandings of the anthropocene,science fiction,2021,louise economides laura shackelford
in the field,a selected title of the national book foundation and the alfred b sloan foundations science  literature program brilliant terribly stubborn and illsuited to the expectations of the period kate croft has shattered her widowed mothers traditional hopes for her in favor of higher education rejecting domestic pressures she has cleaved out an alternative channel for herself one that deprioritizes marriage and children more subversive still are the complexities of her sexuality her pursuit of queer relationships in an intensely heteronormative era most notably though she has taken a hammer to her field making debris of its governing premises and challenging the very fundamentals of evolutionary theory spanning nearly sixty years we follow kate from her first introductory biology course at cornell to her receipt of the prize a journey ridden with obstacles kates scientific medium maize is unglamorous and undervalued in academia her research is so visionary that it alienates her peers who are unable to grasp its complex implications subject to both implicit and explicit sexism kate finds herself perpetually on the defensive struggling to distinguish between those who care for her and those who wish to oppress her a dynamic that traps even her longtime friendships in a state of precarity she struggles to straddle the chasm between the physical field where her corn grows her oasis and the corresponding professional field beleaguered by bias and petty politics,science fiction,2022,rachel pastan
nation and region in modern american and european fiction,in his book nation and region in modern american and european fiction thomas o beebee analyzes fictional texts as a discursive territoriality that shape readers notions of and ambivalence about national and regional belonging several canonical works of literary fiction have provided their readers with verbal maps that in their depictions of boundary spaces construct indirect images of national territory and geography beebee analyzes the historical and cultural diversity in johann wolfgang von goethes nikolai gogols and ivan turgenevs competing geographies of russia and its empire euclides da cunhas ambivalent nomination of the sertanejo backlander as the bedrock of the brazilian race william faulkners and jose lins do regos cultural memories of the plantation jose maria arguedass novelistic ethnogeographies of andean culture juan benets construction of region as both metaphor and metonym for francoist spain and the utopian north american us and canada desert landscapes of mary austin nicole brossard and joy harjo,science fiction,2008,thomas o beebee
the skeptics guide to the future,from the bestselling authors and hosts of the skeptics guide to the universe a hightech roadmap of the future in their beloved voice cracking open the follies of futurists past and how technology will profoundly change our world redefining what it means to be human our predictions of the future are a wild fantasy inextricably linked to our present hopes and fears biases and ignorance whether they be the outlandish leaps predicted in the 1920s like multipurpose utility belts with climate control capabilities and planes the size of luxury cruise ships or the forecasts of the 60s which didnt anticipate the sexual revolution or womens liberation the path to the present is littered with failed predictions and incorrect estimations the best we can do is try to absorb the lessons from futurisms checkered past perhaps learning to do a little better in the skeptics guide to the future steven novella and his coauthors build upon the work of futurists of the past by examining what they got right what they got wrong and how they came to those conclusions by exploring the pitfalls of each era they give their own speculations about the distant future transformed by unbelievable technology ranging from genetic manipulation to artificial intelligence and quantum computing applying their trademark skepticism they carefully extrapolate upon each scientific development leaving no stone unturned as they lay out a vision for the future,science fiction,2022,dr steven novella
trents last case,a powerful and ruthless american capitalist is found dead in the garden of his english country house but why is he not wearing his false teeth why is his young widow so relieved at his death the artist and amateur detective philip trent arrives to find that there is more to the case than the solving of a puzzle he must also accept his own fallibility in detection and in romance,science fiction,1995,edmund clerihew bentley
ecosickness in contemporary us fiction,the 1970s brought a new understanding of the biological and intellectual impact of environmental crises on human beings and as efforts to prevent ecological and human degradation aligned a new literature of sickness emerged ecosickness fiction imaginatively rethinks the link between ecological and bodily endangerment and uses affect and the sick body to bring readers to environmental consciousness tracing the development of ecosickness through a compelling archive of modern us novels and memoirs this study demonstrates the modes crucial role in shaping thematic content and formal and affective literary strategies examining works by david foster wallace richard powers leslie marmon silko marge piercy jan zita grover and david wojnarowicz heather houser shows how these authors unite experiences of environmental and somatic damage through narrative affects that draw attention to ecological phenomena organize perception and convert knowledge into ethics traversing contemporary cultural studies ecocriticism affect studies and literature and medicine houser juxtaposes ecosickness fiction against new forms of environmentalism and technoscientific innovations such as regenerative medicine and alternative ecosystems ecosickness in contemporary us fiction recasts recent narrative as a laboratory in which affective and perceptual changes both support and challenge political projects,science fiction,2014,heather houser
steam meets story,this innovative steam guide will help general and special education teachers to increase effective instruction with adolescents grades 510 the authors show teachers how to link stem concepts with popular fiction and film selections as a catalyst to launch student interactions discussions projects and investigations this approach will promote problem solving and reasoning skills by initiating the scientific process rather than simply presenting established facts the book includes a wealth of lesson plans that connect abstract stem ideas to realistic experiences that students encounter sample lessons call on students to produce drawings and models that move stem to steam grounded in popular film and some of the mostread young adult books the text includes teaching strategies found to be effective with traditionally underserved students and those with disabilities book features standardsbased stem lessons interrelated and interwoven with writing reading speaking and other skills practical ideas and handson activities for engaging adolescents in both traditional and virtual environments guidance for working with diverse populations such as students with different abilities culturally and linguistically diverse students translingual students and transnational students templates handouts and lessons linked to star wars the giver the immortal life of henrietta lacks harry potter to kill a mockingbird star trek the matrix holes and more,science fiction,2021,gloria d campbellwhatley diane rodríguez jugnu agrawal
world views,world views examines literary representations of spatial form within the contexts of the emerging disciplines of geography geopolitics and international relations positing that modernisms experimental engagements with space intended to imagine alternatives to the new world order,science fiction,2012,jon hegglund
the octopus,excerpt from the octopus or the devilfish of fiction and of fact i am indebted to my friend mr thomas davidson c for the beautiful portrait of the octopus which forms the frontispiece to this volume to mrs edward harris for the drawing of its eggs fig to miss gertrude woodward for that of its tongue fig 4 and to messrs west and co and mr charles a ferrier for the care they have respectively bestowed on the lithographing and engraving of the illustrations about the publisher forgotten books publishes hundreds of thousands of rare and classic books find more at wwwforgottenbookscom this book is a reproduction of an important historical work forgotten books uses stateoftheart technology to digitally reconstruct the work preserving the original format whilst repairing imperfections present in the aged copy in rare cases an imperfection in the original such as a blemish or missing page may be replicated in our edition we do however repair the vast majority of imperfections successfully any imperfections that remain are intentionally left to preserve the state of such historical works,science fiction,2018,henry lee
the brothers vonnegut,while kurt writes press releases by day and labors over short stories by night bernard builds silver iodide generators and sends planes to bomb cloud banks with dry ice these experiments dubbed project cirrus soon attract the attention of military menmaybe weather will even become the new superweapon but as evidence mounts that project cirrus is causing alarming changes in the atmosphere bernard begins to have misgivings about the harmful uses of his inventions and kurt starts writing a new kind of story depicting scientists grappling with moral questions and with fantastic inventions gone awry set against a backdrop of atomic anxiety and the dawn of the digital age the brothers vonnegut is a wild collision of science and literature,science fiction,2015,ginger strand
beautiful chaos,explores the way chaos theory is incorporated in the work of such writers as toni morrison thomas pynchon john barth don delillo and michael crichton,science fiction,2000,gordon e slethaug professor gordon e slethaug phd
perfect pairs,a teachers guide to using fiction and nonfiction picture books to teach life sciences,science fiction,2014,melissa stewart nancy chesley
dear reader,ready now reader easy then that should put you in the right historical frame of mind put you in mind of the right historical frame for it did seem easier then certainly more relaxed like the addressed and otherwise rendered nineteenthcentury reader who is my subject of study you are invited to take it slow while we back our way into the last century we do so by moving from an unexpected modernist sendup of victorian direct address an early twist of phrase in e m forsters 1907 the longest journey to the underlying aesthetic of classic realism on which even this one rhetorical irony is by no means intended to pull the plug on the way back to the nineteenth century certain realist assumptions help mark out our coursefrom dear reader with the great tradition from austen through dickens and eliot to hardy read here for the first time alongside the noncanonical bestsellers of the period we get a revised picture of an evolving readership narrated rather than merely implied the mass audience conscripted written with figured in redirecting response aesthetics away from the a priori reader function toward this reader figure garrett stewarts dear reader intercepts two tendencies in the recent criticism of fiction the blanket audience determinations of ideological critique and the thinness of historicizing discourse analysis when divorced from literary historys own discursive field,science fiction,1996,garrett stewart james o freedman professor of letters university of iowa garrett stewart
the invisible man and the island of dr moreau a readers library classic hardcover,two of h g wellss most famous novels in one book  the invisible man and the island of dr moreau,science fiction,2021,h g wells
the new martians,the year is 2035 and the crew from the first expedition to mars is returning to earth the crewmembers are anxious to get home and ennui pervades the ship the mood is broken by a series of mysterious events that jeopardize their safety someone or something is threatening the crew is it an alien being a psychotic crewmember a malfunctioning computer the truth raises questions about the crewmembers fate and that of the human racein this novel the intent is to show real psychological issues that could affect a crew returning from a longduration mission to mars the storyline presents a mystery that keeps the reader guessing yet the issues at stake are based on the findings from the authors research and other spacerelated work over the past 40 years the novel touches on actual plans being discussed for such an expedition as well as notions involving the search for martian life and panspermiathe underlying science in particular the psychological psychiatric and interpersonal elements are introduced and discussed by the author in an extensive appendixnick kanas is an emeritus professor of psychiatry at the university of california san francisco where he directed the group therapy training program for over 20 years he conducted research on group therapy and for nearly 20 years after that he was the principal investigator of nasafunded research on astronauts and cosmonauts he is the coauthor of space psychology and psychiatry which won the 2004 international academy of astronautics life science book award and the author of humans in space the psychological hurdles which won the 2016 international academy of astronautics life science book award dr kanas has presented talks on space psychology and on celestial mapping at several regional and worldcon science fiction conventions a fellow of the royal astronomical society london he has been an amateur astronomer for over 50 years and is an avid reader of science fiction he is also the author of two nonfiction books star maps history artistry and cartography and solar system maps from antiquity to the space age and two science fiction novels the new martians andthe protos mandate all published by springer,science fiction,2013,nick kanas
recontextualizing texts,offering the first systematic examination of five modern japanese fictional narratives all of them available in english translations atsuko sakaki explores natsume sōsekis kokoro and the threecornered world ibuse masujis black rain mori ōgais wild geese and tanizaki junichirōs quicksand,science fiction,1999,atsuko sakaki
science medicine and aristocratic lineage in victorian popular fiction,science medicine and aristocratic lineage in victorian popular fiction explores the dialogue between popular literature and medical and scientific discourse in terms of how they represent the highly visible an pathologized british aristocratic body this books explores and complicates the two major portrayals of aristocrats in nineteenthcentury literature that of the medicalised frail debauched and diseased aristocrat and that of the heroic active beautiful noble both of which are frequent and resonant in popular fiction of the long nineteenth century abigail boucher argues that the concept of class in the long nineteenth century implicitly includes notions of blood lineage and bodily correctness and that class was therefore frequently portrayed as an empirical scientific and medical certainty due to their elevated and highly visual social positions both historical and fictional aristocrats were frequently pathologized in the public mind and watched for signs of physical excellence or deviance using popular fiction boucher establishes patterns across decades genres and demographics and considers how these patterns react to normalise or feed into the advent of new scientific and medical understandings,science fiction,2023,abigail boucher
about time,about time aims to bring about a productive exchange between narratology social theory and the philosophy of time in order to address a need in the humanities for an analysis of temporal structures and representations of time,science fiction,2010,mark currie
prophets of the posthuman,prophets of the posthuman provides a fresh and original reading of fictional narratives that raise the question of what it means to be human in the face of rapidly developing bioenhancement technologies christina bieber lake argues that works by nathaniel hawthorne walker percy flannery oconnor toni morrison george saunders marilynne robinson raymond carver james tiptree jr and margaret atwood must be reevaluated in light of their contributions to larger ethical questions drawing on a wide range of sources in philosophical and theological ethics lake claims that these writers share a commitment to maintaining a category of personhood more meaningful than that allowed by utilitarian ethics prophets of the posthuman insists that because technology can never ask whether we should do something that we have the power to do literature must step into that role each of the chapters of this interdisciplinary study sets up a typical ethical scenario regarding human enhancement technology and then illustrates how a work of fiction uniquely speaks to that scenario exposing a realm of human motivations that might otherwise be overlooked or simplified through the vision of the writers she discusses lake uncovers a deep critique of the ascendancy of personal autonomy as americas most cherished value this ascendancy coupled with technologys glamorous promises of happiness helps to shape a utilitarian view of persons that makes responsible ethical behavior toward one another almost impossible prophets of the posthuman charts the essential role that literature must play in the continuing conversation of what it means to be human in a posthuman world,science fiction,2013,christina bieber lake
time travel,fact or fiction real or impossible movement through time explored explained and examined albert einsteins theory of relativity postulates and scientists have proven that the faster you travel the slower time moves clocks on airplanes satellites and rockets are slower than clocks on earth and time travel is indeed real can time machines timetunnel wormholes or tales of fictional timetraveling heroes be so farfetched covering the history of time travel in both reality and fiction time travel the science and sciencefiction investigates the long history myths science and stories of movement from the present to the past and into the future timely in its telling time travel chronicles more than 30 instances accounts stories and famous examples of time slips such as  the theory of relativity showing the link between time and space hg wells epic novel of 1895 the time machine british physicist stephen hawkings famous paradoxes surrounding time travel charlton hestons character taylor in the planet of the apes discovering that he is home 2000 years in the future wormholes the shortcuts through both space and time and many more the idea of time travel fascinates because it offers the possibility however remote of revisiting and recapturing moments from our youth and if travelers of the future have secretly visited uswell that proves that our future is secure stories of time travel abound in books and film and its been a source of endless fascinationand speculationsurrounding ufo sightings and conspiracy theories this richly researched reference ripples with fascinating information with more than 120 photos and graphics this tome is nicely illustrated time travel also includes a helpful bibliography and an extensive index adding to its usefulness time will fly by as you ponder the possibilities dont hesitate theres no time like the present get your copy today the future is waiting,science fiction,2021,visible ink press
biopolitical futures in twentyfirstcentury speculative fiction,a theorization of how the bioeconomy and biotechnology remake life itself creating crises in ethics and governance,science fiction,2021,sherryl vint
citizen science fiction,citizen science fiction draws on an interdisciplinary swath of literature and media to make the case that the science fiction genre can help rethink the pedagogical use of citizen science as a tool to interrogate our collective civic engagement with science and the incorporation of science into a rigorous exciting writingbased curriculum the book revolves around recent developments in specific scientific disciplines including biology ecology computer science astronomy and cognitive science winter closely studies a range of sciencefiction texts and tropes  such as aliens robots clones mind uploads galactic empires  for what they have to contribute to the ongoing scholarly discussion on psychological mindset and mindful argument reading for probing inquiry and productive uncertainty in the age of the anthropocene reading for voice with a view to our digitally dominated future and reading for threshold concepts in a scientifically driven society,science fiction,2021,jerome winter
the caloris network,the year is 2130 the firstever expedition is sent to mercury to search for the cause of an unknown source of electromagnetic radiation that can destroy space ships passing by the planet thought to be inhospitable and lifeless the surface of mercury provides startling surprises for the crew that endanger their lives and challenge their established notions of what it means to be a sentient being and some of the crew members have their own separate agendas the scientific appendix at the end of the book introduces readers to the wondrous world of mercury and how it has been portrayed in literary fiction up to the present time the author then uses scientific literature to present a concept of life that is not based on carbon chemistry or the need for water there is also a discussion of consciousness based on electromagnetic wave theory references are provided for further readingnick kanas is an emeritus professor of psychiatry at the university of california san francisco where he directed the group therapy training program for over 20 years he conducted research on group therapy and for nearly 20 years after that he was the principal investigator of nasafunded research on astronauts and cosmonauts he is the coauthor of space psychology and psychiatry which won the 2004 international academy of astronautics life science book award and the author of humans in space the psychological hurdles which won the 2016 international academy of astronautics life science book award dr kanas has presented talks on space psychology and on celestial mapping at several regional and worldcon science fiction conventions a fellow of the royal astronomical society london he has been an amateur astronomer for over 50 years and is an avid reader of science fiction he is also the author of two nonfiction books star maps history artistry and cartography and solar system maps from antiquity to the space age and two science fiction novels the new martians and the protos mandate all published by springer,science fiction,2016,nick kanas
christofiction,françois laruelles lifelong project of nonphilosophy or nonstandard philosophy thinks past the theoretical limits of western philosophy to realize new relations between religion science politics and art in christofiction laruelle targets the rigid selfsustaining arguments of metaphysics rooted in judaic and greek thought and the radical potential of christ whose crossing disrupts their circular discourse laruelles christ is not the authoritative figure conjured by academic theology the apostles or the catholic church he is the embodiment of generic man founder of a science of humans and the herald of a gnostic messianism that calls forth an immanent faith explicitly inserting quantum science into religion laruelle recasts the temporality of the cross the entombment and the resurrection arguing that it is god who is sacrificed on the cross so equals in faith may be born positioning itself against orthodox religion and naive atheism alike christofiction is a daring heretical experiment that ties religion to the human experience and the lived world,science fiction,2015,
tales of space and time,a collection of short stories the crystal egg the star a story of the stone age a story of the days to come  the man who could work miracles,science fiction,2016,h g wells
dh lawrence and survival,although darwins ideas about evolution were dominant in dh lawrences day little scholarly work has been done on the influence of these concepts on his work this work argues that lawrence employed ideas based on evolution in his fiction particularly during the transition between his marriage and leadership periods 191922 when he embarked on a major rethinking of the direction of his creative work and that these ideas contributed to the deterioration in his fiction after women in love the book shows that lawrences deliberate use of darwinian elements in his narrative strategy occurred at a time when he was increasingly concerned about survival both personally due to illness and as an artist the result in his fiction is a subtext in which his anxieties are projected onto female characters and the evolution of his writing is frustrated by unresolved emotional conflicts through new readings of the major fiction of lawrences transitional period ronald granofsky demonstrates that lawrences deterioration as a writer and the misogyny of his later work was primarily the result of a deliberate effort on his part to move the ideological yardsticks of his fiction,science fiction,2003,ronald granofsky
nonhuman agencies in the twentyfirstcentury anglophone novel,this book offers an overview on the growing field of nonhuman studies in relation to anglophone novels it illuminates the variety of nonhuman actors that take centre stage in the twentyfirstcentury novel and the formal changes that the anthropocene the digital turn the animal rights movement and research into plant consciousness have brought to the novel as a form the book is divided into four sections each focusing on a different aspect of twentyfirstcentury literature that engages with the nonhuman the collection investigates how the environmental changes and the increasing use of ai technologies have fostered the flourishing of genres like the new weird climate fiction and speculative fiction how it makes us embrace new perceptions of life in relation to genetic engineering and how it forces us to engage with newly emerging political contexts,science fiction,2021,yvonne liebermann judith rahn bettina burger
visions of the future,visions of the future is a collection of stories and essays including nebula and hugo awardwinning works in this anthology youll find stories and essays about artificial intelligence androids fasterthanlight travel and the extension of human life youll read about the future of human institutions and culture but these literary works are more than just a reprisal of the classical elements of science fiction and futurism at their core each of these pieces has one consistent repeated theme us,science fiction,2015,j batt gregory benford david brin joe haldeman hugh howey ben bova allen steele kevin anderson ray kurzweil alan dean foster martin rees jasper scott brenda cooper ramez naam zoltan istvan douglas rushkoff douglas richards robert sawyer james gunn catherine asaro
animals in detective fiction,this book explores the vast array of animals that populate detective fiction if the genre begins as is widely supposed with edgar allan poes murders in the rue morgue 1841 then detective fictions very first culprit is an animal animals moreover consistently appear as victims clues and companions while the abstract conception of animality is closely tied to the idea of criminality although it is often described as an essentially conservative form detective fiction can unsettle the binary of human and animal to intersect with developing concerns in animal studies animal agency the ethical complexities of humananimal interaction the politics and literary aesthetics of violence and animal metaphor gathering its 14 essays into sections on ontologies ethics politics and forms animals in detective fiction provides a compelling and nuanced analysis of the central role creatures play in this enduringly popular and continually morphing literary form,science fiction,2022,ruth hawthorn john miller
in the days of the comet,h g wells in his 1906 in the days of the comet uses the vapors of a comet to trigger a deep and lasting change in humanitys perspective on themselves and the world in the buildup to a great war poor student william leadford struggles against the harsh conditions the lowerclass live under he also falls in love with a middleclass girl named nettie but when he discovers that nettie has eloped with a man of upperclass standing william struggles with the betrayal and in the disorder of his own mind decides to buy a revolver and kill them both all through this a large comet lights the night sky with a green glow bright enough that the street lamps are left unlit,science fiction,2018,h g wells
generation robot,generation robot covers a century of science fiction fact and speculationfrom the 1950 publication of isaac asimovs seminal robot masterpiece i robot to the 2050 singularity when artificial and human intelligence are predicted to merge beginning with a childhood informed by popculture robots in movies in comic books and on tv in the 1960s to adulthood where the possibilities of selfdriving cars and virtual reality are daily conversation terri favro offers a unique perspective on how our relationship with robotics and futuristic technologies has shifted over time peppered with popculture funfacts about supermans kryptonite the humanmachine relationships in the cult tv show firefly and the sexual and moral implications of the film ex machina generation robot explores how the technotriumphs and resulting anxieties of reality bleed into the fantasies of our collective culture clever and accessible generation robot isnt just for the serious scientific readerits for everyone interested in robotics and technology since their sciencefiction origins by looking back at the future she once imagined analyzing the pluggedin present and speculating on what is on the horizon terri favro allows readers the chance to consider what was what is and what could be this is a captivating book that looks at the popculture of our society to explain how the world worksnow and tomorrow,science fiction,2018,terri favro
law fiction and activism in a time of climate change,narrating climate change  climate catastrophism and legal aporia  telling the tale of the children  the narrative of rights on a warming planet  wild time  beyond reason beyond rules  the sense of an ending,science fiction,2019,nicole rogers
science fiction and the moral imagination,in this highly original book russell blackford discusses the intersection of science fiction and humanitys moral imagination with the rise of science and technology in the 19th century and our continually improving understanding of the cosmos writers and thinkers soon began to imagine futures greatly different from the present science fiction was born out of the realization that future technoscientific advances could dramatically change the world along with the developments described in modern science fiction  space societies conscious machines and upgraded human bodies to name but a few  come a new set of ethical challenges and new forms of ethics blackford identifies these issues and their reflection in science fiction his fascinating book will appeal to anyone with an interest in philosophy or science fiction or in how they interact this is a seasoned balanced analysis of a major issue in our thinking about the future seen through the lens of science fiction a central art of our time everyone from humanists to technologists should study these ideas and examples blackfords book is wise and savvy and a delight to read as well greg benford author of timescape,science fiction,2017,russell blackford
the architecture of the imagination,the architecture of the imagination will be an essential resource for the growing number of philosophers and psychologists studying the nature of the imagination and on its role in philosophy aesthetics and everyday life,science fiction,2006,shaun nichols
ecofacts and ecofiction,ozonefriendly recyclable zerowaste elimination of toxic chemicals  such environmental ideals are believed to offer solutions to the environmental crisis where do these ideals come from is the environmental debate communicating the right problems ecofacts and ecofiction examines serious errors in perceptions about human and environmental health drawing on a wealth of everyday examples of local and global concerns the author explains basic concepts and observations relating to the environment removing fear of science and technology and eliminating wrong perceptions lead to a more informed understanding of the environment as a science a philosophy and a lifestyle by revealing the flaws in todays environmental vocabulary this book stresses the urgent need for a common language in the environmental debate such a common language encourages the effective communication between environmental science and environmental decisionmaking that is essential for finding solutions to environmental problems,science fiction,2013,william h baarschers
the world set free,in the world set free hg wells takes a science fictional look at the future where if world peace is to be attained through labour internationalism it will have to be at the price of complete social and economic reconstruction but first comes a phase of revolution  violent very bloody and prolonged which in the end may fail to achieve anything but social destruction    the world set free is a vision of highly educated and highly favoured leading and ruling men voluntarily setting themselves to the task of reshaping the world,science fiction,2018,h g wells
hellhounds of the cosmos,hellhounds of the cosmos by clifford donald simak,science fiction,2017,clifford donald simak
fighting the future war,the period between world war i and world war ii was one of intense change everything was modernizing including our technology for making warwitness machine guns trench warfare biological agents and ultimately the final solution this modernization and eye toward the future was reflected in many facets of pop culture including fashion homewear design and the popular literature of the time in scifi a specific genre emergedthat of the future war fred krome has collected many of these future war stories together for the first time in fighting the future war bolstered by a comprehensive introduction and introduced with historical information about both the authors of the stories and the historical time period these stories provide a view into the field of pulp science fiction writing the issues that informed the time period between the world wars and the way people envisioned the wars of tomorrow revealing anxieties about society technology race and politics the genre of the future war story is important material for students of history and literature,science fiction,2012,frederic krome
ten billion tomorrows,an exciting new book about reallife technology derived from science fiction and its impact on the world,science fiction,2015,brian clegg
the edges of the earth in ancient thought,the edges of the earth became the basis of a literary tradition surveyed here revealing that the greeks and to a somewhat lesser extent the romans saw geography not as a branch of physical science but as an important literary genre,science fiction,1994,james s romm
flatland,classic of science and mathematical fiction  charmingly illustrated by the author  describes the adventures of a square a resident of flatland in spaceland three dimensions lineland one dimension and pointland no dimensions,science fiction,1976,edwin abbott abbott
the call of the ecoweird in fiction films and games,this edited volume identifies and analyses the ecoweird as an interdisciplinary theoretical tool for engaging in fictional philosophical filmic and ludic texts it is the first volume to engage in the study of the ecoweird which is a developing field at the intersection of environmental thought and weird fiction broadly construed to include literature games films art and television shows the ecoweird has intersections with other literary and scholarly fields including horror studies game studies phenomenology literary criticism and ecocriticism but provides a unique set of tools to engage both its texts and the ongoing environmental crises of climate change environmental justice pollution and more,science fiction,2025,brian hisao onishi nathan m bell
time machine tales,this book contains a broad overview of time travel in science fiction along with a detailed examination of the philosophical implications of time travel the emphasis of this book is now on the philosophical and on science fiction rather than on physics as in the authors earlier books on the subject in that spirit there are for example no tech notes filled with algebra integrals and differential equations as there are in the first and second editions of time machines writing about time travel is today a respectable business it hasnt always been so after all time travel prima facie appears to violate a fundamental law of nature every effect has a cause with the cause occurring before the effect time travel to the past however seems to allow indeed to demand backwards causation with an effect the time traveler emerging into the past as he exits from his time machine occurring before its cause the time traveler pushing the start button on his machines control panel to start his trip backward through time time machine tales includes new discussions of the advances by physicists and philosophers that have appeared since the publication of time machines in 1999 examples of which are the chapters on time travel paradoxes those chapters have been brought uptodate with the latest philosophical thinking on the paradoxes,science fiction,2016,paul j nahin
the time machine hypothesis,every age has characteristic inventions that change the world in the 19th century it was the steam engine and the train for the 20th electric and gasoline power aircraft nuclear weapons even ventures into space today the planet is awash with electronic business chatter and virtualreality entertainment so brilliant that the division between real and simulated is hard to discern but one new idea from the 19th century has failed so far to enter realitytime travel using machines to turn the time dimension into a twoway highway will it come true as foreseen in science fiction might we expect visits to and from the future sooner than from space that is the time machine hypothesis examined here by futurist damien broderick an awardwinning writer and theorist of the genre of the future broderick homes in on the topic through the lens of science as well as fiction exploring some fifty different timetravel scenarios and conundrums found in the science fiction literature and film,science fiction,2019,damien broderick
the eruption of mount st helens,a contentbased fiction booksciencecover p 1,science fiction,2007,rebecca l johnson
out of the everywhere,topics include astronomy humanity radiation magnetism fuel and time,science fiction,1990,isaac asimov
quantum shorts,this book presents winning and shortlisted stories from past editions of the international quantum shorts competition inspired by the weird and wonderful world of quantum physics the shorts range from bold imaginings of a quantum future to contemplations rooted in the everyday they feature characters of all sorts lovers beginning their lives together an atom having an existential crisis and of course cats these quantum shorts will unleash in your mind a multiverse of ideas,science fiction,2019,michael brooks jenny hogan puah xin yi
novel science,novel science is the first indepth study of the shocking groundbreaking and sometimes beautiful writings of the gentlemen of the heroic age of geology and of the contribution these men made to the literary culture of their day for these men literature was an essential part of the practice of science itself as important to their efforts as mapmaking fieldwork and observation the reading and writing of imaginative literatures helped them to discover imagine debate and give shape and meaning to millions of years of previously undiscovered earth history borrowing from the historical fictions of walter scott and the poetry of lord byron they invented geology as a science discovered many of the creatures we now call the dinosaurs and were the first to unravel and map the sequence and structure of stratified rock as adelene buckland shows they did this by rejecting the grand narratives of older theories of the earth or of biblical cosmogony theirs would be a humble science faithfully recording minute details and leaving the big picture for future generations to paint buckland also reveals how these scientistsjust as they had drawn inspiration from their literary predecessorsgave victorian realist novelists such as george eliot charles kingsley and charles dickens a powerful language with which to create dark and disturbing ruptures in the tooseductive sweep of story,science fiction,2013,adelene buckland
fantastic voyages,by revealing the facts behind the fiction of some of the finest films in the scifi genre fantastic voyages offers a novel approach to teaching science using scenes from science fiction films to illustrate fundamental concepts of physics astronomy and biology,science fiction,2006,leroy w dubeck suzanne e moshier judith e boss
holy scifi,can a computer have a soul are religion and science mutually exclusive is there really such a thing as free will if you could time travel to visit jesus would you and should you for hundreds of years philosophers scientists and science fiction writers have pondered these questions and many more in holy scifi popular writer paul nahin explores the fertile and sometimes uneasy relationship between science fiction and religion with a scope spanning the history of religion philosophy and literature nahin follows religious themes in science fiction from feynman to foucault and from asimov to aristotle an intriguing journey through popular and wellloved books and stories holy scifi shows how scifi has informed humanitys attitudes towards our faiths our future and ourselves,science fiction,2014,paul j nahin
