title,description,genre,published_date,authors,processed_description
the silver chair,two english children undergo hairraising adventures as they go on a search and rescue mission for the missing prince rilian who is held captive in the underground kingdom of the emerald witch,fantasy,1998,clive staples lewis,two english child undergo hairraising adventure go search rescue mission missing prince rilian held captive underground kingdom emerald witch
a game of thrones,fantasyroman,fantasy,2011,george r r martin,fantasyroman
fablehaven,when kendra and seth go to stay at their grandparents estate they discover that it is a sanctuary for magical creatures and that a battle between good and evil is looming,fantasy,2007,brandon mull,kendra seth go stay grandparent estate discover sanctuary magical creature battle good evil looming
a wizard of earthsea,originally published in 1968 ursula k le guins a wizard of earthsea marks the first of the six now beloved earthsea titles ged was the greatest sorcerer in earthsea but in his youth he was the reckless sparrowhawk in his hunger for power and knowledge he tampered with longheld secrets and loosed a terrible shadow upon the world this is the tumultuous tale of his testing how he mastered the mighty words of power tamed an ancient dragon and crossed deaths threshold to restore the balance,fantasy,2012,ursula k le guin,originally published 1968 ursula k le guins wizard earthsea mark first six beloved earthsea title ged greatest sorcerer earthsea youth reckless sparrowhawk hunger power knowledge tampered longheld secret loosed terrible shadow upon world tumultuous tale testing mastered mighty word power tamed ancient dragon crossed death threshold restore balance
lodestar,betrayed by one of their closest allies sophies whole world has been turned inside out the battles are shaping up and the stakes have never been higher in this fifth installment of the bestselling series 5 18 x 7 58,fantasy,2017,shannon messenger,betrayed one closest ally sophies whole world turned inside battle shaping stake never higher fifth installment bestselling series 5 18 x 7 58
the lord of the rings,contains the complete set of the six books of lord of the rings,fantasy,2001,jrr tolkien john ronald reuel tolkien,contains complete set six book lord ring
keeper of the lost cities,at age 12 sophie learns that the remarkable abilities that have always caused her to stand out identify her as an elf after being brought to eternalia to hone her skills she discovers that she has secrets buried in her memory for which some would kill,fantasy,2012,shannon messenger,age 12 sophie learns remarkable ability always caused stand identify elf brought eternalia hone skill discovers secret buried memory would kill
the wizard of oz,0000000000this is the story of dorothy and her little dog toto who are carried away from kansas by a cyclone and transported to the wonderful world of oz she meets three companions  the scarecrow the tin woodman and the cowardly lion  and the three journey to the emerald city of oz to ask the wizard of oz to give them their hearts desires which in dorothys case is to return home to kansas on their way to oz and while fulfilling the tasks that the surprising wizard asks of them they encounter witches winged monkeys the deadly desert fighting trees and magic shoesthis edition is evocatively illustrated with the original drawings of w w denslow with an afterword by ned halley,fantasy,2009,l frank baum,0000000000this story dorothy little dog toto carried away kansa cyclone transported wonderful world oz meet three companion scarecrow tin woodman cowardly lion three journey emerald city oz ask wizard oz give heart desire dorothys case return home kansa way oz fulfilling task surprising wizard asks encounter witch winged monkey deadly desert fighting tree magic shoesthis edition evocatively illustrated original drawing w w denslow afterword ned halley
the dragonbone chair,simon a young kitchen boy and magicians apprentice finds his world torn apart by a civil war fueled by immortal enemies and the dark powers of sorcery,fantasy,2005,tad williams,simon young kitchen boy magician apprentice find world torn apart civil war fueled immortal enemy dark power sorcery
horton hears a who,originally copyrighted 1954 renewed 1982,fantasy,1982,dr seuss,originally copyrighted 1954 renewed 1982
the cat in the hat,the cat in the hat entertains two children on a rainy day,fantasy,2012,dr seuss,cat hat entertains two child rainy day
the wind in the willows,the escapades of four animal friends who live along a river in the english countrysidetoad mole rat and badger,fantasy,1993,kenneth grahame,escapade four animal friend live along river english countrysidetoad mole rat badger
the illustrated man,eighteen science fiction stories,fantasy,1951,ray bradbury,eighteen science fiction story
guardians of the west,garion the king of riva finds himself caught between the dark prophecy and the prophecy of light when he searches a previously obscure part of the mrin codex to identify someone or something called zandramas,fantasy,1987,david eddings,garion king riva find caught dark prophecy prophecy light search previously obscure part mrin codex identify someone something called zandramas
bridge to terabithia,one of the most celebrated newbery medal winners of all time gets a magical makeover in this new edition complete with a readers guide thats ideal for teachers book clubs or anyone looking for insight into this favorite book,fantasy,1979,katherine paterson,one celebrated newbery medal winner time get magical makeover new edition complete reader guide thats ideal teacher book club anyone looking insight favorite book
throne of glass,after serving out a year of hard labor in the salt mines of endovier for her crimes 18yearold assassin celaena sardothien is dragged before the crown prince prince dorian offers her her freedom on one condition she must act as his champion in a competition to find a new royal assassin her opponents are menthieves and assassins and warriors from across the empire each sponsored by a member of the kings council if she beats her opponents in a series of eliminations shell serve the kingdom for three years and then be granted her freedom celaena finds her training sessions with the captain of the guard westfall challenging and exhilirating but shes bored stiff by court life things get a little more interesting when the prince starts to show interest in her but its the gruff captain westfall who seems to understand her best then one of the other contestants turns up dead quickly followed by another can celaena figure out who the killer is before she becomes a victim as the young assassin investigates her search leads her to discover a greater destiny than she could possibly have imagined,fantasy,2012,sarah j maas,serving year hard labor salt mine endovier crime 18yearold assassin celaena sardothien dragged crown prince prince dorian offer freedom one condition must act champion competition find new royal assassin opponent menthieves assassin warrior across empire sponsored member king council beat opponent series elimination shell serve kingdom three year granted freedom celaena find training session captain guard westfall challenging exhilirating shes bored stiff court life thing get little interesting prince start show interest gruff captain westfall seems understand best one contestant turn dead quickly followed another celaena figure killer becomes victim young assassin investigates search lead discover greater destiny could possibly imagined
an ember in the ashes,book one in the new york times bestselling series one of time magazines 100 best fantasy books of all time instant new york times bestseller from 1 new york times bestselling author sabaa tahir amazons best young adult book of 2015 peoples choice award winner  favorite fantasy bustles best young adult book of 2015 this novel is a harrowing haunting reminder of what it means to be human  and how hope might be kindled in the midst of oppression and fear  the washington post an ember in the ashes could launch sabaa tahir into jk rowling territoryit has the addictive quality of the hunger games combined with the fantasy of harry potter and the brutality of game of thronespublic radio international an ember in the ashes glows burns and smoldersas beautiful and radiant as it is searinghuffington post a worthy novel  and one as brave as its characters the new york times book review laia is a slave elias is a soldier neither is free under the martial empire defiance is met with death those who do not vow their blood and bodies to the emperor risk the execution of their loved ones and the destruction of all they hold dear it is in this brutal world inspired by ancient rome that laia lives with her grandparents and older brother the family ekes out an existence in the empires impoverished backstreets they do not challenge the empire theyve seen what happens to those who do but when laias brother is arrested for treason laia is forced to make a decision in exchange for help from rebels who promise to rescue her brother she will risk her life to spy for them from within the empires greatest military academy there laia meets elias the schools finest soldierand secretly its most unwilling elias wants only to be free of the tyranny hes being trained to enforce he and laia will soon realize that their destinies are intertwinedand that their choices will change the fate of the empire itself,fantasy,2020,sabaa tahir,book one new york time bestselling series one time magazine 100 best fantasy book time instant new york time bestseller 1 new york time bestselling author sabaa tahir amazon best young adult book 2015 people choice award winner favorite fantasy bustle best young adult book 2015 novel harrowing haunting reminder mean human hope might kindled midst oppression fear washington post ember ash could launch sabaa tahir jk rowling territoryit addictive quality hunger game combined fantasy harry potter brutality game thronespublic radio international ember ash glow burn smoldersas beautiful radiant searinghuffington post worthy novel one brave character new york time book review laia slave elia soldier neither free martial empire defiance met death vow blood body emperor risk execution loved one destruction hold dear brutal world inspired ancient rome laia life grandparent older brother family ekes existence empire impoverished backstreets challenge empire theyve seen happens laias brother arrested treason laia forced make decision exchange help rebel promise rescue brother risk life spy within empire greatest military academy laia meet elia school finest soldierand secretly unwilling elia want free tyranny he trained enforce laia soon realize destiny intertwinedand choice change fate empire
harry potter and the deathly hallows,at a time when the forces of evil seem to be gaining the upper hand harry comes of age in the wizarding world and must take on and defeat voldemortor be killed himself,fantasy,2007,j k rowling,time force evil seem gaining upper hand harry come age wizarding world must take defeat voldemortor killed
prince caspian movie tiein edition rack,this movie tiein edition of the full original prince caspian novel will be rack size and feature a movie cover and an 8page movie still insert,fantasy,2008,c s lewis,movie tiein edition full original prince caspian novel rack size feature movie cover 8page movie still insert
the ice dragon,a tale of courage and sacrifice set in the world of the 1 new york times bestselling series a song of ice and fire basis for hbos megahit game of thrones,fantasy,2014,george r r martin,tale courage sacrifice set world 1 new york time bestselling series song ice fire basis hbos megahit game throne
a wrinkle in time,this special edition ofa wrinkle in timeincludes a new essay that explores the science behind the fantasy rediscover one of the most beloved childrens books of all timea wrinkle in timeby madeleine lengle meg murray her little brother charles wallace and their mother are having a midnight snack on a dark and stormy night when an unearthly stranger appears at their door he claims to have been blown off course and goes on to tell them that there is such a thing as a tesseract which if you didnt know is a wrinkle in time megs father had been experimenting with timetravel when he suddenly disappeared will meg charles wallace and their friend calvin outwit the forces of evil as they search through space for their father,fantasy,1973,madeleine lengle,special edition ofa wrinkle timeincludes new essay explores science behind fantasy rediscover one beloved childrens book timea wrinkle timeby madeleine lengle meg murray little brother charles wallace mother midnight snack dark stormy night unearthly stranger appears door claim blown course go tell thing tesseract didnt know wrinkle time meg father experimenting timetravel suddenly disappeared meg charles wallace friend calvin outwit force evil search space father
crown of midnight,it puts this entire castle in jeopardy  and the life of your friend,fantasy,2013,sarah j maas,put entire castle jeopardy life friend
the little prince,a man has an accident in the sahara desert and encounters the little prince,fantasy,2000,,man accident sahara desert encounter little prince
bartholomew and the oobleck,the king tired of rain snow sun and fog commands his magicians to make something else come down from the sky but when oobleck falls in sticky greenish droplets bartholomew cubbins shames the king and saves the kingdom,fantasy,1949,,king tired rain snow sun fog command magician make something else come sky oobleck fall sticky greenish droplet bartholomew cubbins shame king save kingdom
the adventures of pinocchio,the adventures of a talking wooden marionette whose nose grew whenever he told a lie,fantasy,1927,carlo collodi,adventure talking wooden marionette whose nose grew whenever told lie
the talisman,on a brisk autumn day a thirteenyearold boy stands on the shores of the gray atlantic near a silent amusement park and a fading ocean resort called the alhambra the past has driven jack sawyer here his father is gone his mother is dying and the world no longer makes sense but for jack everything is about to change for he has been chosen to make a journey back across americaand into another realm one of the most influential and heralded works of fantasy ever written the talisman is an extraordinary novel of loyalty awakening terror and mystery jack sawyer on a desperate quest to save his mothers life must search for a prize across an epic landscape of innocents and monsters of incredible dangers and even more incredible truths the prize is essential but the journey means even more let the quest begin   ,fantasy,1984,stephen king peter straub,brisk autumn day thirteenyearold boy stand shore gray atlantic near silent amusement park fading ocean resort called alhambra past driven jack sawyer father gone mother dying world longer make sense jack everything change chosen make journey back across americaand another realm one influential heralded work fantasy ever written talisman extraordinary novel loyalty awakening terror mystery jack sawyer desperate quest save mother life must search prize across epic landscape innocent monster incredible danger even incredible truth prize essential journey mean even let quest begin
james and the giant peach,a young boy escapes from two wicked aunts and embarks on a series of adventures with six giant insects he meets inside a giant peach,fantasy,1973,roald dahl,young boy escape two wicked aunt embarks series adventure six giant insect meet inside giant peach
smith of wootton major,the author creates the magical story of the village of wootton major which hosts a special feast every twentyfour years at which one fortunate citizen is admitted into the land of the faery,fantasy,1967,john ronald reuel tolkien,author creates magical story village wootton major host special feast every twentyfour year one fortunate citizen admitted land faery
legendborn,includes a short story from selwyn kanes point of view,fantasy,2022,tracy deonn,includes short story selwyn kanes point view
moomin mymble and little my,finnish artist tove janssons moomin stories have been continually in print for more than half a century in 35 languages they are among europes best loved and enduring childrens classics and through the tv animation bbc2 the warmhearted whimsical creatures of moomin valley have been brought to a new younger british audienceintroducing the first sort of childrens classic in a new english version by sophie hannah sort of books proudly presents the original full colour moomin picture book with its irresistible cutout page designs and playful rhyming text in a new version by one of britains star poets,fantasy,2001,tove jansson,finnish artist tove janssons moomin story continually print half century 35 language among europe best loved enduring childrens classic tv animation bbc2 warmhearted whimsical creature moomin valley brought new younger british audienceintroducing first sort childrens classic new english version sophie hannah sort book proudly present original full colour moomin picture book irresistible cutout page design playful rhyming text new version one britain star poet
secrets of the dragon sanctuary,when kendra and seth go to stay at their grandparents estate they discover that it is a sanctuary for magical creatures and that a battle between good and evil is looming,fantasy,2010,brandon mull,kendra seth go stay grandparent estate discover sanctuary magical creature battle good evil looming
the golden compass,accompanied by her daemon lyra belacqua sets out to prevent her best friend and other kidnapped children from becoming the subject of gruesome experiments in the far north,fantasy,1997,philip pullman,accompanied daemon lyra belacqua set prevent best friend kidnapped child becoming subject gruesome experiment far north
peter pan,the adventures of peter pan the boy who would not grow up,fantasy,2001,j m barrie,adventure peter pan boy would grow
where the wild things are,max is sent to bed without supper and imagines sailing away to the land of wild things where he is made king winner 1964 caldecott medalnotable childrens books of 19401970 ala1981 boston globehorn book award for illustration1963 1982 fanfare honor list the horn bookbest illustrated childrens books of 1963 1982 nyta reading rainbow selection1964 lewis carroll shelf awardchildrens books of 1981 library of congress1981 childrens books ny public library100 books for reading and sharing 1988 ny public library,fantasy,1963,maurice sendak,max sent bed without supper imago sailing away land wild thing made king winner 1964 caldecott medalnotable childrens book 19401970 ala1981 boston globehorn book award illustration1963 1982 fanfare honor list horn bookbest illustrated childrens book 1963 1982 nyta reading rainbow selection1964 lewis carroll shelf awardchildrens book 1981 library congress1981 childrens book ny public library100 book reading sharing 1988 ny public library
house of many ways,charmain baker is in over her head looking after greatuncle williams tiny cottage while hes ill should have been easy but greatuncle william is better known as the royal wizard norland and his house bends space and time its single door leads to any number of placesthe bedrooms the kitchen the caves under the mountains the past and the royal mansion to name just a few by opening that door charmain has become responsible for not only the house but for an extremely magical stray dog a muddled young apprentice wizard and a box of the kings most treasured documents she has encountered a terrifying beast called a lubbock irritated a clan of small blue creatures and wound up smack in the middle of an urgent search the king and his daughter are desperate to find the lost fabled elfgiftso desperate that theyve even called in an intimidating sorceress named sophie to help and where sophie is can the wizard howl and fire demon calcifer be far behind of course with that magical family involved theres bound to be chaosand unexpected revelations no one will be more surprised than charmain by what howl and sophie discover,fantasy,2008,diana wynne jones,charmain baker head looking greatuncle williams tiny cottage he ill easy greatuncle william better known royal wizard norland house bend space time single door lead number placesthe bedroom kitchen cave mountain past royal mansion name opening door charmain become responsible house extremely magical stray dog muddled young apprentice wizard box king treasured document encountered terrifying beast called lubbock irritated clan small blue creature wound smack middle urgent search king daughter desperate find lost fabled elfgiftso desperate theyve even called intimidating sorceress named sophie help sophie wizard howl fire demon calcifer far behind course magical family involved there bound chaosand unexpected revelation one surprised charmain howl sophie discover
through the lookingglass,publisher description,fantasy,1993,lewis carroll,publisher description
little black sambo,the classic story by helen bannerman of a young indian lad who meets up with a tiger and turns him into butter,fantasy,1921,helen bannerman,classic story helen bannerman young indian lad meet tiger turn butter
the life and adventures of santa claus,a human foundling child adopted by a woodnymph and raised by the creatures who inhabit a magical forest grows up to be the immortal santa claus,fantasy,1902,lyman frank baum,human foundling child adopted woodnymph raised creature inhabit magical forest grows immortal santa claus
another fine myth,after a magicians death his apprentice who is a thief experiences a variety of adventures via a shortcircuited dimension jumper,fantasy,1978,robert asprin,magician death apprentice thief experience variety adventure via shortcircuited dimension jumper
the black cauldron,taran the gallant assistant pigkeeper and his companions once again fare forth to destroy the evil that threatens their beloved country prydain a wise and wondrous tale written in epic fashion booklist,fantasy,1980,lloyd alexander,taran gallant assistant pigkeeper companion fare forth destroy evil threatens beloved country prydain wise wondrous tale written epic fashion booklist
lucindas secret,with goblins trolls and the house boggart all trying to get them the grace children turn to great aunt lucinda for help,fantasy,2003,tony diterlizzi holly black,goblin troll house boggart trying get grace child turn great aunt lucinda help
the hobbit or there and back again,this definitive paperback edition features nine illustrations and two maps drawn by jrr tolkien and a preface by christopher tolkien bilbo baggins is a hobbit who enjoys a comfortable unambitious life rarely travelling further than the pantry of his hobbithole in bag end but his contentment is disturbed when the wizard gandalf and a company of thirteen dwarves arrive on his doorstep one day to whisk him away on an unexpected journey there and back again they have a plot to raid the treasure hoard of smaug the magnificent a large and very dangerous dragon the prelude to the lord of the rings the hobbit has sold many millions of copies since its publication in 1937 establishing itself as one of the most beloved and influential books of the twentieth century,fantasy,1996,john ronald reuel tolkien,definitive paperback edition feature nine illustration two map drawn jrr tolkien preface christopher tolkien bilbo baggins hobbit enjoys comfortable unambitious life rarely travelling pantry hobbithole bag end contentment disturbed wizard gandalf company thirteen dwarf arrive doorstep one day whisk away unexpected journey back plot raid treasure hoard smaug magnificent large dangerous dragon prelude lord ring hobbit sold many million copy since publication 1937 establishing one beloved influential book twentieth century
the tombs of atuan,with a new afterword from the authorjkt,fantasy,2012,ursula k le guin,new afterword authorjkt
the farthest shore,when the prince of enlad declares the wizards have forgotten their spells ged sets out to test the ancient prophecies of earthsea,fantasy,2012,ursula k le guin,prince enlad declares wizard forgotten spell ged set test ancient prophecy earthsea
the drawing of the three,in 1978 stephen king introduced the world to the last gunslinger roland of gilead nothing has been the same since more than twenty years later the quest for the dark tower continues to take readers on a wildly epic ride through parallel worlds and across time roland must brave desolate wastelands and endless deserts drifting into the unimaginable and the familiar a classic tale of colossal scopecrossing over terrain from the stand the eyes of the dragon insomnia the talisman black house hearts in atlantis salems lot and other familiar king hauntsthe adventure takes hold with the turn of each page and the tower awaits the second volume in the epic dark tower series the drawing of the three while pursuing his quest for the dark tower through a world that is a nightmarishly distorted mirror image of our own roland is drawn through a mysterious door that brings him into contemporary america here he links forces with the defiant young eddie dean and with the beautiful brilliant and brave odetta holmes in a savage struggle against underworld evil and otherworldly enemies once again stephen king has masterfully interwoven dark evocative fantasy and icy realism,fantasy,1987,stephen king,1978 stephen king introduced world last gunslinger roland gilead nothing since twenty year later quest dark tower continues take reader wildly epic ride parallel world across time roland must brave desolate wasteland endless desert drifting unimaginable familiar classic tale colossal scopecrossing terrain stand eye dragon insomnia talisman black house heart atlantis salem lot familiar king hauntsthe adventure take hold turn page tower awaits second volume epic dark tower series drawing three pursuing quest dark tower world nightmarishly distorted mirror image roland drawn mysterious door brings contemporary america link force defiant young eddie dean beautiful brilliant brave odetta holmes savage struggle underworld evil otherworldly enemy stephen king masterfully interwoven dark evocative fantasy icy realism
the tales of beedle the bard,and as for this book said hermione the tales of beedle the bard irsquove never even heard of them yoursquove never heard of the tales of beedle the bard said ron incredulously youre kidding right taken from harry potter and the deathly hallows bloomsbury in association with the childrens high level group is delighted to announce the tales of beedle the bard the first new book from j k rowling since the publication of the final book in the harry potter series harry potter and the deathly hallows the tales of beedle the bard played a crucial role in assisting harry aided by his friends ron and hermione to finally defeat lord voldemort fans will be thrilled to have this opportunity to read the tales in full the tales of beedle the bard is without doubt an exciting addition to the canon of harry potter they also reveal the wonderful versatility of the author as she tackles with relish the structure and varying tones of a classic fairy tale there are five tales included in the book the tale of the three brothers which is recounted in harry potter and the deathly hallows plus four more mdash the fountain of fair fortune the warlocks hairy heart the wizard and the hopping pot and babbitty rabbitty and her cackling stump each tale has its own magical character and will variously bring delight laughter and the thrill of mortal peril the tales of beedle the bard translated from the original runes by hermione granger is introduced and illustrated by j k rowling also included are notes on the stories by professor albus dumbledore which appear by generous permission of the hogwarts headmasters archive,fantasy,2008,j k rowling,book said hermione tale beedle bard irsquove never even heard yoursquove never heard tale beedle bard said ron incredulously youre kidding right taken harry potter deathly hallows bloomsbury association childrens high level group delighted announce tale beedle bard first new book j k rowling since publication final book harry potter series harry potter deathly hallows tale beedle bard played crucial role assisting harry aided friend ron hermione finally defeat lord voldemort fan thrilled opportunity read tale full tale beedle bard without doubt exciting addition canon harry potter also reveal wonderful versatility author tackle relish structure varying tone classic fairy tale five tale included book tale three brother recounted harry potter deathly hallows plus four mdash fountain fair fortune warlock hairy heart wizard hopping pot babbitty rabbitty cackling stump tale magical character variously bring delight laughter thrill mortal peril tale beedle bard translated original rune hermione granger introduced illustrated j k rowling also included note story professor albus dumbledore appear generous permission hogwarts headmaster archive
the story of doctor dolittle,an abridged version of the adventures of a kindhearted doctor who is fond of animals and understands their language as he travels to africa with some of his favorite pets to cure the monkeys of a terrible sickness,fantasy,2005,hugh lofting,abridged version adventure kindhearted doctor fond animal understands language travel africa favorite pet cure monkey terrible sickness
harry potter and the philosophers stone,harry potter is an ordinary boy who lives in a cupboard under the stairs at his aunt petunia and uncle vernons house which he thinks is normal for someone like him whos parents have been killed in a car crash he is bullied by them and his fat spoilt cousin dudley and lives a very unremarkable life with only the odd hiccup like his hair growing back overnight to cause him much to think about that is until an owl turns up with a letter addressed to harry and all hell breaks loose he is literally rescued by a world where nothing is as it seems and magic lessons are the order of the day read and find out how harry discovers his true heritage at hogwarts school of wizardry and witchcraft the reason behind his parents mysterious death who is out to kill him and how he uncovers the most amazing secret of all time the fabled philosophers stone all this and muggles too now what are they,fantasy,1997,j k rowling,harry potter ordinary boy life cupboard stair aunt petunia uncle vernons house think normal someone like who parent killed car crash bullied fat spoilt cousin dudley life unremarkable life odd hiccup like hair growing back overnight cause much think owl turn letter addressed harry hell break loose literally rescued world nothing seems magic lesson order day read find harry discovers true heritage hogwarts school wizardry witchcraft reason behind parent mysterious death kill uncovers amazing secret time fabled philosopher stone muggles
the lion the witch and the wardrobe movie tiein edition adult,the new adult softcover edition of the lion the witch and the wardrobe now has a movie still cover and an eightpage movie still insert,fantasy,2005,c s lewis,new adult softcover edition lion witch wardrobe movie still cover eightpage movie still insert
six of crows,six dangerous outcasts and one impossible heist kazs crew is the only thing that might stand between the world and destruction if the crew members dont kill each other first,fantasy,2018,leigh bardugo,six dangerous outcast one impossible heist kazs crew thing might stand world destruction crew member dont kill first
the wonderful wizard of oz,the wonderful wizard of oz remains one of the worlds most beloved and widely read books throughout a century of remarkable change the popularity of l frank baums classic tale has endured and grown embraced by generation after generation of children and the young at heart to honour the centennial of its publication in 1900 the university press of kansas is presenting this special anniversary edition that combines baums original text with the contributions of two renowned artists book illustrator michael mccurdy and writer ray bradbury the book embraces and celebrates the oftkidded connection between baums wondrous story and the state of kansas,fantasy,1999,lyman frank baum,wonderful wizard oz remains one world beloved widely read book throughout century remarkable change popularity l frank baum classic tale endured grown embraced generation generation child young heart honour centennial publication 1900 university press kansa presenting special anniversary edition combine baum original text contribution two renowned artist book illustrator michael mccurdy writer ray bradbury book embrace celebrates oftkidded connection baum wondrous story state kansa
the handmaids tale,the republic of gilead offers offred only one function to breed  if she deviates she will like dissenters be hanged at the wall or sent out to die slowly of radiation sickness but even a repressive state cannot obliterate desire  neither offreds n,fantasy,1996,margaret atwood,republic gilead offer offred one function breed deviate like dissenter hanged wall sent die slowly radiation sickness even repressive state obliterate desire neither offreds n
moominpappa at sea,leave moominvalley is it possible yes even the moomin family need a change of scenery sometimes so theyre off to live in a lighthouse on a tiny island here they find space to grow and to do things they couldnt in their comfortable cluttered valley home as they discover their new home the family also discover surprising and wonderfully funny new things about themselves,fantasy,2010,tove jansson,leave moominvalley possible yes even moomin family need change scenery sometimes theyre live lighthouse tiny island find space grow thing couldnt comfortable cluttered valley home discover new home family also discover surprising wonderfully funny new thing
avatar,young waterbender katara and her warrior brother sokka rescue a mysterious boy named aang who is an airbender and the longlost avatarwhose destiny it is to save the world original,fantasy,2010,michael dante dimartino bryan konietzko nickelodeon firm,young waterbender katara warrior brother sokka rescue mysterious boy named aang airbender longlost avatarwhose destiny save world original
the castle of llyr,when princess eilonwy is kidnapped taran and his companions seek to rescue her,fantasy,2006,lloyd alexander,princess eilonwy kidnapped taran companion seek rescue
the gremlins,friendly little gremlins help a royal air force fighter pilot in world war ii,fantasy,2006,roald dahl,friendly little gremlin help royal air force fighter pilot world war ii
moominsummer madness,when a flood sweeps through the valley the moomins must find a new house and with typical moomin good luck one just happens to be floating by it looks normal enough but there are curtains where one wall should be strange rows of lights and other odd amenities then moomintroll and the snork maiden disappear and the family realize that the house may hold the answers to more than they ever dreamed,fantasy,2010,tove jansson,flood sweep valley moomins must find new house typical moomin good luck one happens floating look normal enough curtain one wall strange row light odd amenity moomintroll snork maiden disappear family realize house may hold answer ever dreamed
rangers apprentice,on a mission to pay the ransom of a new ally apprentice will and his father find themselves in a desert wasteland awash with enemies,fantasy,2005,john anthony flanagan john f flanagan,mission pay ransom new ally apprentice father find desert wasteland awash enemy
comet in moominland,when moomintroll learns that a comet will be passing by he and his friend sniff travel to the observatory on the lonely mountains to consult the professors along the way they have many adventures but the greatest adventure of all awaits them when they learn that the comet is headed straight for their beloved moominvalley,fantasy,2010,tove jansson,moomintroll learns comet passing friend sniff travel observatory lonely mountain consult professor along way many adventure greatest adventure awaits learn comet headed straight beloved moominvalley
finn family moomintroll,it is spring in the valley and the moomins are ready for adventure moomintroll and his friends snufkin and sniff find the hobgoblins top hat all shiny and new and just waiting to be taken home they soon realize that his is no ordinary hat it can turn anythingor anyoneinto something else,fantasy,2010,tove jansson,spring valley moomins ready adventure moomintroll friend snufkin sniff find hobgoblin top hat shiny new waiting taken home soon realize ordinary hat turn anythingor anyoneinto something else
the horse and his boy,our hardcover and paperback digest editions of the chronicles of narnia are now graced with new jacket and cover art by 2time caldecott medalist david wiesner,fantasy,1970,clive staples lewis,hardcover paperback digest edition chronicle narnia graced new jacket cover art 2time caldecott medalist david wiesner
harry potter and the chamber of secrets,witchcraft wizardry  fiction,fantasy,1999,j k rowling,witchcraft wizardry fiction
charlottes web,wilbur the pig is desolate when he discovers that he is destined to be the farmers christmas dinner until his spider friend charlotte decides to help him,fantasy,1997,elwyn brooks white,wilbur pig desolate discovers destined farmer christmas dinner spider friend charlotte decides help
a winters promise,when ophelia who can travel through mirrors is betrothed to an influential member of a faraway clan she journeys to the towering city of citaceleste where she realizes she has become a pawn in a dangerous political game,fantasy,2018,christelle dabos,ophelia travel mirror betrothed influential member faraway clan journey towering city citaceleste realizes become pawn dangerous political game
the city of ember,in the year 241 twelveyearold lina trades jobs on assignment day to be a messenger to run to new places in her decaying but beloved city perhaps even to glimpse unknown regions,fantasy,2003,jeanne duprau,year 241 twelveyearold lina trade job assignment day messenger run new place decaying beloved city perhaps even glimpse unknown region
tales from moominvalley,here are nine delightfully funny stories about the triumphs and tribulations of the citizens of moominvalley readers will discover how the moomin family save young ninny from permanent invisibility and what happens when moomintroll catches the last dragon in the world some of the characters in these tales will be brandnew to moomin fans but there are lots of old friends to meet as well,fantasy,2010,tove jansson,nine delightfully funny story triumph tribulation citizen moominvalley reader discover moomin family save young ninny permanent invisibility happens moomintroll catch last dragon world character tale brandnew moomin fan lot old friend meet well
neverseen,sophie battles the rebelsand recovers dark memories from her past she must question everything to find a truth that will either save her worldor shatter it,fantasy,2016,shannon messenger,sophie battle rebelsand recovers dark memory past must question everything find truth either save worldor shatter
the field guide,when the grace children go to stay at their greataunt and other creatures and begin to have some unusual experiences,fantasy,2003,tony diterlizzi holly black,grace child go stay greataunt creature begin unusual experience
the brothers lionheart,two brothers share many adventures after their death when they are reunited in nangiyala the land from which sagas come,fantasy,2004,astrid lindgren,two brother share many adventure death reunited nangiyala land saga come
the fantastic flying books of mr morris lessmore,morris lessmore loved words he loved stories he loved books but every story has its upsets everything in morris lessmores life including his own story is scattered to the winds but the power of story will save the day,fantasy,2012,william joyce,morris lessmore loved word loved story loved book every story upset everything morris lessmores life including story scattered wind power story save day
the winter king,a retelling of the arthurian legend from the point of view of derfel cadarn one of arthurs warriors who later becomes a monk,fantasy,1997,bernard cornwell,retelling arthurian legend point view derfel cadarn one arthur warrior later becomes monk
where the wild things are,in the forty years since max first cried let the wild rumpus start maurice sendaks classic picture book has become one of the most highly acclaimed and bestloved childrens books of all time now in celebration of this special anniversary introduce a new generation to maxs imaginative journey to where the wild things are,fantasy,1988,,forty year since max first cried let wild rumpus start maurice sendaks classic picture book become one highly acclaimed bestloved childrens book time celebration special anniversary introduce new generation max imaginative journey wild thing
the princess bride,a writers views on life and art are revealed in his effort to edit the childrens classic that shaped his literary ambitions,fantasy,2007,william goldman,writer view life art revealed effort edit childrens classic shaped literary ambition
tales from earthsea,exploring the legend of earthseas history people languages literature and magic this collection of four magical stories is now available in a paperback edition,fantasy,2002,ursula k le guin,exploring legend earthseas history people language literature magic collection four magical story available paperback edition
dark carousel,in this intoxicating carpathian novel from 1 new york times bestselling author christine feehan a woman falls prey to the seductive allure of the pastand a vampire warriors intoxicating embrace the moment charlotte vintage walks into his club tariq asenguards blood is set on fire the ancient carpathian had given up hope of finding his lifemate but now he will do anything to make charlotte his own what tariq doesnt know is that charlotte is using herself and her best friend as baitto try to draw out the bloodthirsty killers who have already murdered charlottes brother and mentor charlotte is familiar with tariq not only is he one of the richest and most eligible bachelors in the city but hes also a renowned collector of old carousel horses which charlotte restores their shared passion opens charlotte up to trusting him with her life and with the desire she can no longer control but it also makes her vulnerable to a centuriesold curse that will unite her and tariq in a war against the enemies of humans and carpathians alike,fantasy,2016,christine feehan,intoxicating carpathian novel 1 new york time bestselling author christine feehan woman fall prey seductive allure pastand vampire warrior intoxicating embrace moment charlotte vintage walk club tariq asenguards blood set fire ancient carpathian given hope finding lifemate anything make charlotte tariq doesnt know charlotte using best friend baitto try draw bloodthirsty killer already murdered charlotte brother mentor charlotte familiar tariq one richest eligible bachelor city he also renowned collector old carousel horse charlotte restores shared passion open charlotte trusting life desire longer control also make vulnerable centuriesold curse unite tariq war enemy human carpathians alike
prince caspian,four children help prince caspian and his army of talking beasts to free narnia from evil,fantasy,1995,clive staples lewis,four child help prince caspian army talking beast free narnia evil
the lightning thief,after learning that he is the son of a mortal woman and poseidon god of the sea twelveyearold percy is sent to a summer camp for demigods like himself and joins his new friends on a quest to prevent a war between the gods,fantasy,2005,rick riordan,learning son mortal woman poseidon god sea twelveyearold percy sent summer camp demigod like join new friend quest prevent war god
winniethepooh,little ones who love winniethepooh and terrific textures to touch and feel will delight in this years winniethepoohs touch and feel on every sturdy page baby will have endless interactive fun with ten tactile elements ranging from poohs sticky honey to piglets rubbery red balloon to a mirror displaying tiggers stripy reflection the youngest pooh admirers wont be able to keep their hands off this charming book filled with ernest h shepards bright and lively fullcolor artwork and classic vignettes from a a milnes timeless volumesand the mirth and merriment of winniethepooh,fantasy,1954,alan alexander milne,little one love winniethepooh terrific texture touch feel delight year winniethepoohs touch feel every sturdy page baby endless interactive fun ten tactile element ranging poohs sticky honey piglet rubbery red balloon mirror displaying tiggers stripy reflection youngest pooh admirer wont able keep hand charming book filled ernest h shepard bright lively fullcolor artwork classic vignette milne timeless volumesand mirth merriment winniethepooh
the gunslinger,the end is near start at the beginningprepare for the climax of stephen kings careerget ready for the final dark tower books this fallstock up on the first dark tower book this summerthe i bestsellerbook one in mass market paperback from signet,fantasy,1982,stephen king,end near start beginningprepare climax stephen king careerget ready final dark tower book fallstock first dark tower book summerthe bestsellerbook one mass market paperback signet
brisingr,following the colossal battle against the empires warriors eragon and saphira narrowly escaped with their lives but more awaits the rider and his dragon as eragon finds himself bound by promises he may not be able to keep including his oath to cousin,fantasy,2009,christopher paolini,following colossal battle empire warrior eragon saphira narrowly escaped life awaits rider dragon eragon find bound promise may able keep including oath cousin
the moomins and the great flood,the first moomin story moomin moominmamma and sniff search through forest and flood for long lost moominpappa in a series of adventures along the way they encounter hemulens stranded kittens and the bluehaired tulippa,fantasy,2012,tove jansson,first moomin story moomin moominmamma sniff search forest flood long lost moominpappa series adventure along way encounter hemulens stranded kitten bluehaired tulippa
the magic of oz,a young citizen of oz learns an important magic word and falls prey to the wickedness of the nomes exking who wants to destroy dorothy the wizard and princess ozma,fantasy,1919,lyman frank baum,young citizen oz learns important magic word fall prey wickedness nome exking want destroy dorothy wizard princess ozma
the foot book,beginners text describes all sorts of feet doing all sorts of things,fantasy,1968,dr seuss,beginner text describes sort foot sort thing
the neverending story,for use in schools and libraries only shy awkward bastian is amazed to discover that he has become a character in the mysterious book he is reading and that he has an important mission to fulfill,fantasy,1984,michael ende,use school library shy awkward bastian amazed discover become character mysterious book reading important mission fulfill
to green angel tower,book three ofmemory sorrow and thorn,fantasy,1994,tad williams,book three ofmemory sorrow thorn
sea fairies,nobody said capn bill solemnly ever sawr a mermaid an lived to tell the tale why not asked trot looking earnestly up into the old sailors face they were seated on a bench built around a giant acacia tree that grew just at the edge of the bluff below them rolled the blue waves of the great pacific a little way behind them was the house a neat frame cottage painted white and surrounded by huge eucalyptus and pepper trees still farther behind that  a quarter of a mile distant but built upon a bend of the coast  was the village overlooking a pretty bay,fantasy,2012,l frank baum,nobody said capn bill solemnly ever sawr mermaid lived tell tale asked trot looking earnestly old sailor face seated bench built around giant acacia tree grew edge bluff rolled blue wave great pacific little way behind house neat frame cottage painted white surrounded huge eucalyptus pepper tree still farther behind quarter mile distant built upon bend coast village overlooking pretty bay
eragon eldest,in aagaesia a fifteenyearold boy of unknown lineage called eragon finds a mysterious stone that weaves his life into an intricate tapestry of destiny magic and power peopled with dragons elves and monsters,fantasy,2005,christopher paolini,aagaesia fifteenyearold boy unknown lineage called eragon find mysterious stone weave life intricate tapestry destiny magic power peopled dragon elf monster
the left hand of darkness,a groundbreaking work of science fiction the left hand of darkness tells the story of a lone human emissary to winter an alien world whose inhabitants can change their gender his goal is to facilitate winters inclusion in a growing intergalactic civilization but to do so he must bridge the gulf between his own views and those of the completely dissimilar culture that he encounters embracing the aspects of psychology society and human emotion on an alien world the left hand of darkness stands as a landmark achievement in the annals of intellectual science fiction copyright  libri gmbh all rights reserved,fantasy,1987,ursula k le guin,groundbreaking work science fiction left hand darkness tell story lone human emissary winter alien world whose inhabitant change gender goal facilitate winter inclusion growing intergalactic civilization must bridge gulf view completely dissimilar culture encounter embracing aspect psychology society human emotion alien world left hand darkness stand landmark achievement annals intellectual science fiction copyright libri gmbh right reserved
harry potter and the sorcerers stone,rescued from the outrageous neglect of his aunt and uncle a young boy with a great destiny proves his worth while attending hogwarts school for wizards and witches,fantasy,1998,j k rowling,rescued outrageous neglect aunt uncle young boy great destiny prof worth attending hogwarts school wizard witch
glinda of oz,book 14 of l frank baums immortal oz series in which ozma and dorothy travel to an enchanted island to prevent an impending battle between the skeezers and the flatheads but are instead imprisoned in the city just before the island is submerged,fantasy,1920,lyman frank baum,book 14 l frank baum immortal oz series ozma dorothy travel enchanted island prevent impending battle skeezers flathead instead imprisoned city island submerged
the magicians of caprona,in the worlds of chrestomanci anything can happen this adventure takes place in the italian dukedom of caprona where spells are as slippery and as tricksy as spaghetti casa montana and casa petrocchi look after the magical business in the dukedom of caprona watched over by its magnificent guardian statue the angel the families have been feuding for years so when all the spells start going wrong each naturally blames the other then young tonino montana and angelica petrocchi disappear could the terrible rumours of a white devil who threatens caprona be true after all,fantasy,2000,diana wynne jones,world chrestomanci anything happen adventure take place italian dukedom caprona spell slippery tricksy spaghetti casa montana casa petrocchi look magical business dukedom caprona watched magnificent guardian statue angel family feuding year spell start going wrong naturally blame young tonino montana angelica petrocchi disappear could terrible rumour white devil threatens caprona true
the lion the witch and the wardrobe,the bestselling rack edition of the lion the witch and the wardrobe now has a movie still cover and an eightpage movie still insert excellent for homeschool use,fantasy,1961,clive staples lewis,bestselling rack edition lion witch wardrobe movie still cover eightpage movie still insert excellent homeschool use
stardust,stardust is an enchanting and enthralling novel from sunday times bestseller and master storyteller neil gaiman charming in every sense of the word and deeply satisfying time out it will delight fans of terry pratchett and jrr tolkiens the hobbit as well as those who loved the feature film starring robert de niro claire danes rupert everett and michelle pfeiffer among others life moves at a leisurely pace in the tiny town of wall  named after the imposing stone barrier which separates the town from a grassy meadow here young tristran thorn has lost his heart to the beautiful victoria forester and for the coveted prize of her hand tristran vows to retrieve a fallen star and deliver it to his beloved it is an oath that sends him over the ancient wall and into a world that is dangerous and strange beyond imagining    includes extra material exclusive to this headline edition,fantasy,2005,neil gaiman,stardust enchanting enthralling novel sunday time bestseller master storyteller neil gaiman charming every sense word deeply satisfying time delight fan terry pratchett jrr tolkien hobbit well loved feature film starring robert de niro claire dane rupert everett michelle pfeiffer among others life move leisurely pace tiny town wall named imposing stone barrier separate town grassy meadow young tristran thorn lost heart beautiful victoria forester coveted prize hand tristran vow retrieve fallen star deliver beloved oath sends ancient wall world dangerous strange beyond imagining includes extra material exclusive headline edition
pippi in the south seas,the adventures of the strongest girl in the world who takes her two friends with her when she travels from sweden to visit her father king of an island in the south seas,fantasy,1959,astrid lindgren,adventure strongest girl world take two friend travel sweden visit father king island south sea
the ickabog,as the legend of the fearsome ickabog spreads terror in the peaceful kingdom of cornucopia best friends bert and daisy set out to discover the truth and bring happiness back to the kingdom,fantasy,2020,j k rowling,legend fearsome ickabog spread terror peaceful kingdom cornucopia best friend bert daisy set discover truth bring happiness back kingdom
green eggs and ham,by combining the funniest stories craziest creatures and zaniest pictures with his unique blend of rhyme rhythm and repitition this book helps children of all ages and abilities learn to read,fantasy,2010,dr seuss,combining funniest story craziest creature zaniest picture unique blend rhyme rhythm repitition book help child age ability learn read
howls moving castle,a new look for one of diana wynne jones funniest and most popular novels,fantasy,2009,diana wynne jones,new look one diana wynne jones funniest popular novel
mistborn,fantasy roman,fantasy,2007,brandon sanderson,fantasy roman
percy jackson and the sea of monsters,percy jackson the young demigod is back for his second exciting adventure in the bestselling series by rick riordan you cant tell by looking at me that my dad is poseidon god of the sea its not easy being a halfblood these days you mortals cant even see the monsters we have to fight all the time so when a game of dodgeball turned into a death match against an ugly gang of cannibal giants i couldnt exactly ask my gym teacher for help and that was just for starters this is the one where camp half blood is under attack and unless i get my hands on the golden fleece the whole camp will be invaded by monsters big ones can percy survive the treacherous sea of monsters and restore order to halfblood hill,fantasy,2008,rick riordan,percy jackson young demigod back second exciting adventure bestselling series rick riordan cant tell looking dad poseidon god sea easy halfblood day mortal cant even see monster fight time game dodgeball turned death match ugly gang cannibal giant couldnt exactly ask gym teacher help starter one camp half blood attack unless get hand golden fleece whole camp invaded monster big one percy survive treacherous sea monster restore order halfblood hill
the magicians nephew,when diggory and polly try to return the wicked witch jadis to her own world the magic gets mixed up and they all land in narnia where they witness aslan blessing the animals with human speech,fantasy,2014,c s lewis,diggory polly try return wicked witch jadis world magic get mixed land narnia witness aslan blessing animal human speech
a court of thorns and roses,a gorgeously written tale as lush and romantic as it is ferocious  absolutely spellbinding  new york times bestselling author alexandra brackenfeyre is a huntress and when she sees a deer in the forest being pursued by a wolf she kills the predator and takes its prey to feed herself and her sisters but the wolf was not what it seemed and feyre cannot predict the high price she will have to pay for its death dragged away from her family for the murder of a faerie feyre discovers that her captor his face obscured by a jewelled mask is hiding even more than his piercing green eyes suggest as feyres feelings for tamlin turn from hostility to passion she learns that the faerie lands are a far more dangerous place than she realized and feyre must fight to break an ancient curse or she will lose him foreversarah j maas is a global 1 bestselling author her books have sold more than nine million copies and been translated into 37 languages discover the sweeping romantic fantasy for yourselfcontains mature content not suitable for younger readers,fantasy,2015,sarah j maas,gorgeously written tale lush romantic ferocious absolutely spellbinding new york time bestselling author alexandra brackenfeyre huntress see deer forest pursued wolf kill predator take prey feed sister wolf seemed feyre predict high price pay death dragged away family murder faerie feyre discovers captor face obscured jewelled mask hiding even piercing green eye suggest feyres feeling tamlin turn hostility passion learns faerie land far dangerous place realized feyre must fight break ancient curse lose foreversarah j maas global 1 bestselling author book sold nine million copy translated 37 language discover sweeping romantic fantasy yourselfcontains mature content suitable younger reader
moominland midwinter,everyone knows that the moomins sleep through the winter but this year moomintroll discovers that winter is worth waking up for after all,fantasy,1971,tove jansson,everyone know moomins sleep winter year moomintroll discovers winter worth waking
eragon,when eragon finds a polished stone in the forest he thinks it is the lucky discovery of a poor farm boy perhaps it will buy his family meat for the winter but when the stone brings a dragon hatchling eragon soon realizes he has stumbled upon a legacy,fantasy,2005,christopher paolini,eragon find polished stone forest think lucky discovery poor farm boy perhaps buy family meat winter stone brings dragon hatchling eragon soon realizes stumbled upon legacy
harry potter and the prisoner of azkaban,during his third year at hogwarts school for witchcraft and wizardry harry potter must confront the devious and dangerous wizard responsible for his parents deaths,fantasy,2013,inc scholastic j k rowling mary grandpré kazu kibuishi,third year hogwarts school witchcraft wizardry harry potter must confront devious dangerous wizard responsible parent death
pippi goes aboard,first published oup 1956,fantasy,1977,astrid lindgren,first published oup 1956
harry potter and the goblet of fire,young wizardintraining harry potter prepares for a competition between hogwarts school of magic and two rival schools develops a crush on cho chang and wishes above all to be a normal fourteenyearold,fantasy,2000,jk rowling,young wizardintraining harry potter prepares competition hogwarts school magic two rival school develops crush cho chang wish normal fourteenyearold
nils,selfish and lazy fourteenyearold nils learns kindness and wisdom after he is bewitched into an elfsized boy and carried off by a barnyard goose to join the migration of wild geese across sweden to lapland,fantasy,2000,selma lagerlof,selfish lazy fourteenyearold nil learns kindness wisdom bewitched elfsized boy carried barnyard goose join migration wild goose across sweden lapland
mary poppins opens the door,mary poppins returns to the banks family in a rocket and involves the banks children in more magical adventures including those with peppermint horses the marble boy and the cat that looked at the king,fantasy,1991,p l travers,mary poppins return bank family rocket involves bank child magical adventure including peppermint horse marble boy cat looked king
charlie and the great glass elevator,mr willy wonka might be a genius with chocolate but charlie and his family dont trust his flying skills one bit and right now hes at the helm of a giant glass elevator thats picking up speed and hurtling through space  with charlie and the entire bucket family stuck inside roald dahls uproarious sequel to charlie and the chocolate factory is certain to delight and entertain a new generation of readers from the hardcover edition,fantasy,1988,roald dahl,mr willy wonka might genius chocolate charlie family dont trust flying skill one bit right he helm giant glass elevator thats picking speed hurtling space charlie entire bucket family stuck inside roald dahl uproarious sequel charlie chocolate factory certain delight entertain new generation reader hardcover edition
quidditch through the ages,did you know that there are 700 ways of committing a foul in quidditch the game first began to evolve on queerditch marsh what bumphing is that puddlemere united is oldest team in the britain and ireland league founded 1163 all this information and much more could be yours once you have read this book this is all you could ever need to know about the history the rules  and the breaking of the rules  of the noble wizarding sport of quidditch,fantasy,2009,j k rowling,know 700 way committing foul quidditch game first began evolve queerditch marsh bumphing puddlemere united oldest team britain ireland league founded 1163 information much could read book could ever need know history rule breaking rule noble wizarding sport quidditch
the last battle,when evil comes to narnia jill and eustace help fight the great last battle and aslan leads his people to a glorious new paradise,fantasy,1956,clive staples lewis,evil come narnia jill eustace help fight great last battle aslan lead people glorious new paradise
harry potter and the halfblood prince,sixthyear hogwarts student harry potter gains valuable insights into the boy voldemort once was even as his own world is transformed by maturing friendships schoolwork assistance from an unexpected source and devastating losses,fantasy,2013,j k rowling mary grandpré,sixthyear hogwarts student harry potter gain valuable insight boy voldemort even world transformed maturing friendship schoolwork assistance unexpected source devastating loss
anansi boys,charlie nancy leads a normal boring existence in london however when he calls the us to invite his estranged father to his wedding he learns that the man just died after jetting off to florida for the funeral charlie not only discovers a brother he didnt know he had but also learns that his father was the west african trickster god anansi charlies brother who possesses his own magical powers later visits him at home and spins charlies life out of control getting him fired sleeping with his fiancée and even getting him arrested for a whitecollar crime charlie fights back with assistance from other gods and thats when the real trouble begins they lead the brothers into adventures that are at times scary or downright hysterical at first charlie is overwhelmed by this new world but he is anansis son and shows just as much flair for trickery as his brother,fantasy,2006,neil gaiman,charlie nancy lead normal boring existence london however call u invite estranged father wedding learns man died jetting florida funeral charlie discovers brother didnt know also learns father west african trickster god anansi charlies brother possesses magical power later visit home spin charlies life control getting fired sleeping fiancée even getting arrested whitecollar crime charlie fight back assistance god thats real trouble begin lead brother adventure time scary downright hysterical first charlie overwhelmed new world anansis son show much flair trickery brother
the emerald city of oz,all the enchantment of oz is here for a whole new generation to discover in this deluxe new edition,fantasy,1979,lyman frank baum,enchantment oz whole new generation discover deluxe new edition
the road to oz,dorothy and her friends follow the enchanted road to oz and arrive in time for ozmas birthday party,fantasy,1979,lyman frank baum,dorothy friend follow enchanted road oz arrive time ozmas birthday party
the annotated wizard of oz,a beloved classic comes to life with this beautifully illustrated annotated edition on the 100th anniversary of oz the wonderful wizard of oz is the quintessential american fairy tale but also one of the most controversial childrens books ever published michael patrick hearn the worlds leading oz scholar provides a spellbinding annotated edition that illuminates all of ozs numerous contemporary references provides fascinating character sources and explains the actual meaning of the word oz a facsimile of the rare 1900 first edition appears with the original drawings by w w denslowscrupulously reproduced to mimic their correct colors using a different color for each region of oz  as well as twentyfive previously unpublished illustrations in addition hearn provides an extensive bibliography compiling baums published work every notable oz edition and the stage and motionpicture productions from 1939s the wizard of oz to the 1974 broadway smash the wiz the result is a classic to rival baums own and a book no familys library can do without 90 blackandwhite 56 color and twocolor illustrations throughout,fantasy,2000,lyman frank baum,beloved classic come life beautifully illustrated annotated edition 100th anniversary oz wonderful wizard oz quintessential american fairy tale also one controversial childrens book ever published michael patrick hearn world leading oz scholar provides spellbinding annotated edition illuminates ozs numerous contemporary reference provides fascinating character source explains actual meaning word oz facsimile rare 1900 first edition appears original drawing w w denslowscrupulously reproduced mimic correct color using different color region oz well twentyfive previously unpublished illustration addition hearn provides extensive bibliography compiling baum published work every notable oz edition stage motionpicture production 1939s wizard oz 1974 broadway smash wiz result classic rival baum book family library without 90 blackandwhite 56 color twocolor illustration throughout
the cruel prince,one terrible morning jude and her sisters see their parents murdered in front of them the terrifying assassin abducts all three girls to the world of faerie where jude is installed in the royal court but mocked and tormented by the faerie royalty for being mortal,fantasy,2018,holly black,one terrible morning jude sister see parent murdered front terrifying assassin abducts three girl world faerie jude installed royal court mocked tormented faerie royalty mortal
the exploits of moominpappa,although theyre small fat and shy creatures moomins have the most amazing adventures this book is part of a series of highly imaginative stories written for younger readers that describes how the moomins behave have fun and deal with the seasons of the year,fantasy,2012,,although theyre small fat shy creature moomins amazing adventure book part series highly imaginative story written younger reader describes moomins behave fun deal season year
moominvalley in november,winters approach brings six friends together in moominvalley where in the moomins absence they must visit with each other,fantasy,1971,,winter approach brings six friend together moominvalley moomins absence must visit
around the world in eighty days,depicts the adventures of phineas fogg and his manservant passepartout on their journey around the world in the late nineteenth century,fantasy,1984,jules verne,depicts adventure phineas fogg manservant passepartout journey around world late nineteenth century
the lives of christopher chant,the childhood of chrestomanci everything in this book happens at least twentyfive years before the story told in charmed life discovering that he has nine lives and is destined to be the next chrestomanci is not part of christophers plans for the future hed much rather play cricket and wander around his secret dream worlds but he soon finds that destiny is difficult to avoid and that having more than the usual number of lives is pretty inconvenient  especially when you lose them as easily as he does then an evil smuggler known only as the wraith threatens the ways of the worlds and forces christopher to take action,fantasy,2000,diana wynne jones,childhood chrestomanci everything book happens least twentyfive year story told charmed life discovering nine life destined next chrestomanci part christopher plan future hed much rather play cricket wander around secret dream world soon find destiny difficult avoid usual number life pretty inconvenient especially lose easily evil smuggler known wraith threatens way world force christopher take action
harry potter and the order of the phoenix,as harry faces his upcoming fifth year at hogwarts academy there are increasing rumors of dark times coming and of lord voldemorts return to power and a secret antivoldemort society the order of the phoenix begins meeting again,fantasy,2013,j k rowling,harry face upcoming fifth year hogwarts academy increasing rumor dark time coming lord voldemorts return power secret antivoldemort society order phoenix begin meeting
the lost sisters,sometimes the difference between a love story and a horror story is where the ending comeshalfapology and halfexplanation it turns out that taryn has some secrets of her own to reveal the lost sisters the cruel prince by master writer holly black,fantasy,2018,holly black,sometimes difference love story horror story ending comeshalfapology halfexplanation turn taryn secret reveal lost sister cruel prince master writer holly black
now we are six,here are the poems of childhood of summer days at the beach and rainy days at the window fishing trips and fanciful ones here are christopher robins wheezles and sneezles james morrisons wayward mother and so much more bright in color and true in spirit these books are perfect for givingto pooh fans of all ages copyright  libri gmbh all rights reserved,fantasy,1970,alan alexander milne,poem childhood summer day beach rainy day window fishing trip fanciful one christopher robin wheezles sneezles james morrison wayward mother much bright color true spirit book perfect givingto pooh fan age copyright libri gmbh right reserved
artemis fowl,artemis fowl is going straightas soon as he pulls off the most brilliant criminal feat of his career but his last job plan goes awry leaving his loyal bodyguard butler mortally injured artemiss only hope of saving his friend is to enlist the help of his old rival captain holly short of the leprecon fairy police it is going to take a miracle to save butler and artemiss luck may have just run out   praise for artemis fowl the eternity code readers will burn the midnight oil to the finish publishers weekly starred review the action is fast and furious the humor is abundant characterizations are zany and the boy genius works wondersall of which add up to another wild ride for artemis fans  booklist colfers young antihero might be getting more likeable all the time but that hasnt taken the edge off the tomclancymeetsharrypotter action  amazoncom,fantasy,2002,eoin colfer,artemis fowl going straightas soon pull brilliant criminal feat career last job plan go awry leaving loyal bodyguard butler mortally injured artemis hope saving friend enlist help old rival captain holly short leprecon fairy police going take miracle save butler artemis luck may run praise artemis fowl eternity code reader burn midnight oil finish publisher weekly starred review action fast furious humor abundant characterization zany boy genius work wondersall add another wild ride artemis fan booklist colfers young antihero might getting likeable time hasnt taken edge tomclancymeetsharrypotter action amazoncom
the chronicles of narnia  the horse and his boy,bree the talking horse has been kidnapped from narnia and longs to return shasta decides to run away with him before they know it they are on a wild and dangerous journey together through strange cities eerie tombs and harsh deserts,fantasy,2014,c s lewis,bree talking horse kidnapped narnia longs return shasta decides run away know wild dangerous journey together strange city eerie tomb harsh desert
the ones who walk away from omelas,some inhabitants of a peaceful kingdom cannot tolerate the act of cruelty that underlies its happiness,fantasy,1993,ursula k le guin,inhabitant peaceful kingdom tolerate act cruelty underlies happiness
the little ghost,a little ghost who always wanted to see the town by daylight creates chaos when he does and finds himself unable to be a night ghost again,fantasy,1967,otfried preussler,little ghost always wanted see town daylight creates chaos find unable night ghost
the beggar queen,chaos reigns in marienstat as duke conrad of regia the kings uncle plots to overthrow the new government of westmark and bring an end to the reforms instituted by mickle now queen augusta theo and their companions,fantasy,1985,lloyd alexander,chaos reign marienstat duke conrad regia king uncle plot overthrow new government westmark bring end reform instituted mickle queen augusta theo companion
mrs frisby and the rats of nimh,a fabulous adventure about the mysterious ultra  intelligent rats their past and their secret connection with mrs frisbys late husband age 9 200 pages,fantasy,1971,robert c obrien,fabulous adventure mysterious ultra intelligent rat past secret connection mr frisbys late husband age 9 200 page
doctor dolittle,this treasury contains selections from eight of the original dr dolittle books in which readers meet the lovable man who can talk to the animals,fantasy,1967,hugh lofting,treasury contains selection eight original dr dolittle book reader meet lovable man talk animal
fantastic beasts and where to find them,newly arrived in new york city in 1926 newt scamander does not expect to stay long that is until his magical case is misplaced and some of his fantastic beasts escape,fantasy,2016,j k rowling,newly arrived new york city 1926 newt scamander expect stay long magical case misplaced fantastic beast escape
the house at pooh corner,this deluxe edition of milnes classic work is a stunning companion to the winniethepooh 80th anniversary edition the interior features the unabridged text and shepards charming illustrations in full color on creamcolored stock along with a diecut window that reveals the fullcolor art on the case cover,fantasy,1956,alan alexander milne,deluxe edition milne classic work stunning companion winniethepooh 80th anniversary edition interior feature unabridged text shepard charming illustration full color creamcolored stock along diecut window reveals fullcolor art case cover
karlson on the roof,midge is the youngest in his family and he often feels that no one really understands him but everything changes the evening karlson flies in through midges open window karlson is a chubby little man with a propeller on his back the worlds best karlson full of jokes and tricks and he lives in a small house high up on the rooftops midge has never had a better companion that is until something special happens on his birthday,fantasy,1975,astrid lindgren patricia crampton,midge youngest family often feel one really understands everything change evening karlson fly midge open window karlson chubby little man propeller back world best karlson full joke trick life small house high rooftop midge never better companion something special happens birthday
pinocchio,the adventures of a talking wooden puppet whose nose grew longer whenever he told a lie,fantasy,1974,carlo collodi,adventure talking wooden puppet whose nose grew longer whenever told lie
an echo in the darkness,this classic series has inspired nearly 2 million readers both loyal fans and new readers will want the latest edition of this beloved series this edition includes a foreword from the publisher a preface from francine rivers and discussion questions suitable for personal and group use 2 an echo in the darkness turning away from the opulence of rome marcus is led by a whispering voice from the past into a journey that could set him free from the darkness of his soul,historical fiction,2002,francine rivers,classic series inspired nearly 2 million reader loyal fan new reader want latest edition beloved series edition includes foreword publisher preface francine river discussion question suitable personal group use 2 echo darkness turning away opulence rome marcus led whispering voice past journey could set free darkness soul
just once,1941 bloomington indiana irvel ellis is too focused on her secret to take much notice in the war raging overseas shes dating sam but in love with his brother hank when pearl harbor is attacked their lives are turned upside down overnight sam is drafted hank wants to enlist but sam insists he stay home and take up the battle on the home front while sam fights in europe an undeniable chemistry builds between irvel and hank but neither would dare cross that line when a devastating telegram comes hank enlists the next day and has just two weeks until he ships out years later hank and irvel make a series of vhs tapes for her to play as she sinks into alzheimers determined to keep some of her memories alive  adapted from publisher info and perusal of book,historical fiction,2023,karen kingsbury,1941 bloomington indiana irvel elli focused secret take much notice war raging overseas shes dating sam love brother hank pearl harbor attacked life turned upside overnight sam drafted hank want enlist sam insists stay home take battle home front sam fight europe undeniable chemistry build irvel hank neither would dare cross line devastating telegram come hank enlists next day two week ship year later hank irvel make series vhs tape play sink alzheimers determined keep memory alive adapted publisher info perusal book
ruths journey,this prequel inspired by margaret mitchells gone with the wind recounts the life of mammy from her days as a slave girl to the outbreak of the civil war,historical fiction,2014,donald mccaig,prequel inspired margaret mitchell gone wind recount life mammy day slave girl outbreak civil war
allegiance,includes an excerpt from sacrifice the conclusion to the legacy trilogy and q  a with the author,historical fiction,2012,cayla kluver,includes excerpt sacrifice conclusion legacy trilogy q author
the nightingale,from the 1 new york times bestselling author comes kristin hannahs next novel it is an epic love story and family drama set at the dawn of world war ii she is the author of twentyone novels her previous novels include home front night road firefly lane fly away and winter garden,historical fiction,2015,kristin hannah,1 new york time bestselling author come kristin hannahs next novel epic love story family drama set dawn world war ii author twentyone novel previous novel include home front night road firefly lane fly away winter garden
wild women and the blues,perfect for fans of the seven husbands of evelyn hugoa dazzling depiction of passion prohibition and murder shelf awareness ambitious and stunning stephanie dray new york times bestselling author vibranta highly entertaining read ellen marie wiseman new york times bestselling author of the orphan collector the music practically pours out of the pages of denny s bryces historical novel set among the artists and dreamers of the 1920s oprahmagcom goodreads debut novel to discover  biggest upcoming historical fiction books oprah magazine parade ms magazine shereads bustle bookbub frolic  bibliolifestyle most anticipated books marie claire  black business guides books by black writers to read today  buzzfeed books for bridgerton fans shereads most anticipated bipoc winter releases 2021 palm beach post books for your 2021 reading list in a stirring and impeccably researched novel of jazzage chicago in all its vibrant life two stories intertwine nearly a hundred years apart as a chorus girl and a film student deal with loss forgiveness and lovein all its joy sadness and imperfections why would i talk to you about my life i dont know you and even if i did i dont tell my story to just any boy with long hair who probably smokes weedyou wanna hear about me you gotta tell me something about you to make this worth my while 1925 chicago is the jazz capital of the world and the dreamland café is the ritziest blackandtan club in town honoree dalcour is a sharecroppers daughter willing to work hard and dance every night on her way to the top dreamland offers a path to the good life socializing with celebrities like louis armstrong and filmmaker oscar micheaux but chicago is also awash in bootleg whiskey gambling and gangsters and a young woman driven by ambition might risk more than she can stand to lose 2015 film student sawyer hayes arrives at the bedside of 110yearold honoree dalcour still reeling from a devastating loss that has taken him right to the brink sawyer has rested all his hope on this frail but formidable woman the only living link to the legendary oscar micheaux if hes rightif she can fill in the blanks in his research perhaps he can complete his thesis and begin a new chapter in his life but the links honoree makes are not ones hes expecting piece by piece honoree reveals her past and her secrets while sawyer fights tooth and nail to keep his its a story of courage and ambition hot jazz and illicit passions and as past meets present for honoree its a final chance to be truly heard and seen before its too late no matter the cost immersive mysterious and evocative factual in its history and nuanced in its creativity ms magazine perfectdenny s bryce is a superstar julia quinn new york times bestselling author of the bridgerton series evocative and entertaining laura kamoie new york times bestselling author wild women and the blues deftly delivers what historical fiction has been missing farrah rochon usa today bestselling author,historical fiction,2021,denny s bryce,perfect fan seven husband evelyn hugoa dazzling depiction passion prohibition murder shelf awareness ambitious stunning stephanie dray new york time bestselling author vibranta highly entertaining read ellen marie wiseman new york time bestselling author orphan collector music practically pours page denny bryces historical novel set among artist dreamer 1920s oprahmagcom goodreads debut novel discover biggest upcoming historical fiction book oprah magazine parade m magazine shereads bustle bookbub frolic bibliolifestyle anticipated book marie claire black business guide book black writer read today buzzfeed book bridgerton fan shereads anticipated bipoc winter release 2021 palm beach post book 2021 reading list stirring impeccably researched novel jazzage chicago vibrant life two story intertwine nearly hundred year apart chorus girl film student deal loss forgiveness lovein joy sadness imperfection would talk life dont know even dont tell story boy long hair probably smoke weedyou wan na hear got ta tell something make worth 1925 chicago jazz capital world dreamland café ritziest blackandtan club town honoree dalcour sharecropper daughter willing work hard dance every night way top dreamland offer path good life socializing celebrity like louis armstrong filmmaker oscar micheaux chicago also awash bootleg whiskey gambling gangster young woman driven ambition might risk stand lose 2015 film student sawyer hayes arrives bedside 110yearold honoree dalcour still reeling devastating loss taken right brink sawyer rested hope frail formidable woman living link legendary oscar micheaux he rightif fill blank research perhaps complete thesis begin new chapter life link honoree make one he expecting piece piece honoree reveals past secret sawyer fight tooth nail keep story courage ambition hot jazz illicit passion past meet present honoree final chance truly heard seen late matter cost immersive mysterious evocative factual history nuanced creativity m magazine perfectdenny bryce superstar julia quinn new york time bestselling author bridgerton series evocative entertaining laura kamoie new york time bestselling author wild woman blue deftly delivers historical fiction missing farrah rochon usa today bestselling author
the blood of flowers,a dazzling debut novel about a young woman in 17thcentury persia whose gift as a rug designer transforms her life,historical fiction,2007,anita amirrezvani,dazzling debut novel young woman 17thcentury persia whose gift rug designer transforms life
something red,during the 13th century in northwest england in one of the coldest winters a middleaged irishwoman and her little troupe are trying to drive their three wagons across the pennines before a heavy snow they soon find that something terrible prowls the woods,historical fiction,2012,douglas nicholas,13th century northwest england one coldest winter middleaged irishwoman little troupe trying drive three wagon across pennines heavy snow soon find something terrible prowl wood
the girl at the back of the bus an absolutely heartwrenching historical novel,i watched in awe as miz rosa stopped those men on the bus with her clear calm no and i thought about that word what if i said no what if i refused to follow the path these white folks wanted for us what if i kept this precious baby montgomery alabama 1955 on a cold december evening mattie banks packs a suitcase and leaves her family home sixteen years old and pregnant she has already made the mistake that will ruin her life and disgrace her widowed mother boarding the 2857 bus she sits with her case on her lap hoping that the driver will take her away from disaster instead mattie witnesses an act of bravery by a woman named rosa parks that changes everything but as mattie strives to turn her life around the dangers that first led her to run are never far away forging a new life in a harsh world at constant risk of exposure mattie will need to fight to keep her baby safe atlanta georgia present day ashlee turner is going home her relationship in ruins her career held back by prejudice she is returning to the family who have always been her rock but ashlees home is not the safe haven she remembers her beloved grandmother is dying and is determined to share her story before she leaves when ashlee finds a stack of yellowing letters hidden in her nanas closet she cant help the curiosity that compels her to read and she uncovers an old secret that could wreak havoc on her already grieving family as she tries to make sense of what she has learned ashlee faces a devastating choice to protect her loved ones from the revelations or honor her grandmothers wishes and follow the path to the truth no matter where it may lead for readers of the help orphan train and before we were yours comes a beautiful and heartbreaking novel about redemption family secrets and the spirit of survival found at the hardest time readers love the girl at the back of the bus  my my my and wow just wow what an excellent and amazing story from the first word until the last i was so enthralled and riveted whew hallelujah this is an awesome book a definite mustread geris things  where do i start for the first time i am left speechless after reading a book speechless because the narrative just grabbed me by my core i laughed but mostly cried a mustread for lovers of womens historical fiction five stars goodreads reviewer,historical fiction,2021,suzette d harrison,watched awe miz rosa stopped men bus clear calm thought word said refused follow path white folk wanted u kept precious baby montgomery alabama 1955 cold december evening mattie bank pack suitcase leaf family home sixteen year old pregnant already made mistake ruin life disgrace widowed mother boarding 2857 bus sits case lap hoping driver take away disaster instead mattie witness act bravery woman named rosa park change everything mattie strives turn life around danger first led run never far away forging new life harsh world constant risk exposure mattie need fight keep baby safe atlanta georgia present day ashlee turner going home relationship ruin career held back prejudice returning family always rock ashlees home safe remembers beloved grandmother dying determined share story leaf ashlee find stack yellowing letter hidden nanas closet cant help curiosity compels read uncovers old secret could wreak havoc already grieving family try make sense learned ashlee face devastating choice protect loved one revelation honor grandmother wish follow path truth matter may lead reader help orphan train come beautiful heartbreaking novel redemption family secret spirit survival found hardest time reader love girl back bus wow wow excellent amazing story first word last enthralled riveted whew hallelujah awesome book definite mustread geris thing start first time left speechless reading book speechless narrative grabbed core laughed mostly cried mustread lover womens historical fiction five star goodreads reviewer
in the region of the summer stars,after being wrongly cast out of his tribe conor the firstborn son of the celtic king embarks on a quest to prove his innocence but what he discovers could change eirlandia forever,historical fiction,2018,stephen r lawhead,wrongly cast tribe conor firstborn son celtic king embarks quest prove innocence discovers could change eirlandia forever
the hidden storyteller,international bestselling author mandy robotham returns with a brand new tale set in wartorn germany the war is over but there are still secrets to be found amidst the ashes    hamburg 1946 the war is over and germany in ruins posted to an alliedrun hamburg reporter georgie young returns to the country she fled seven years prior  at the onset of the conflict  to find it unrecognisable amidst the stark horrors of a bombedout city crumbling under the weight of millions of displaced souls she discovers pockets of warmth a violinist playing amidst the wreckage couples dancing in the streets and a nation trying to make amends joining forces with local detective harri schroder to catch a killer targeting women on the citys streets curiosity draws georgie deep into the dark underbelly and she soon discovers that darkest secrets of war did not die with hitler the next gripping and heartbreaking historical fiction novel from international bestseller mandy robotham readers love mandy robotham a story packed with everything historical fiction readers need espionage and betrayal to plights and flightsi learnt so muchbrilliantly paced with twists and turns courage and bravery and a touch of romance real reader review rich in detail and almost impossible to put downi loved it real reader review a front row seat to the survival of the blitz in london as well as the dutch resistance work fascinatingriveting real reader review a book that captures your attention from the first page to the last mandy robotham is a master storytellerthe tension mounts on every page and i could not put it down highly recommended real reader review my favourite of mandys books so far i loved marnie willem and corrie and the relationship among the three of them the strength and resolve of these characters is so inspiring and captivatinga perfectly composed novel for lovers of historical fictionevery bit of this novel comes alive bravo real reader review a gripping and heartbreaking wwii novelif you love historical fiction then this is a mustread real reader review mandy robotham has done it again a thoroughly well researched and interesting narrative set during wwiianother five star read for me real reader review,historical fiction,2024,mandy robotham,international bestselling author mandy robotham return brand new tale set wartorn germany war still secret found amidst ash hamburg 1946 war germany ruin posted alliedrun hamburg reporter georgie young return country fled seven year prior onset conflict find unrecognisable amidst stark horror bombedout city crumbling weight million displaced soul discovers pocket warmth violinist playing amidst wreckage couple dancing street nation trying make amends joining force local detective harri schroder catch killer targeting woman city street curiosity draw georgie deep dark underbelly soon discovers darkest secret war die hitler next gripping heartbreaking historical fiction novel international bestseller mandy robotham reader love mandy robotham story packed everything historical fiction reader need espionage betrayal plight flightsi learnt muchbrilliantly paced twist turn courage bravery touch romance real reader review rich detail almost impossible put downi loved real reader review front row seat survival blitz london well dutch resistance work fascinatingriveting real reader review book capture attention first page last mandy robotham master storytellerthe tension mount every page could put highly recommended real reader review favourite mandys book far loved marnie willem corrie relationship among three strength resolve character inspiring captivatinga perfectly composed novel lover historical fictionevery bit novel come alive bravo real reader review gripping heartbreaking wwii novelif love historical fiction mustread real reader review mandy robotham done thoroughly well researched interesting narrative set wwiianother five star read real reader review
the living is easy,the captivating firts novel by dorothy westauthor of the wedding,historical fiction,1982,dorothy west,captivating firts novel dorothy westauthor wedding
a rogue by any other name,a new york times and usa todaybestselling author delivers the first installment in her new fallen angels series original,historical fiction,2012,sarah maclean,new york time usa todaybestselling author delivers first installment new fallen angel series original
aristotle and poetic justice,330bc it is the year that alexander the great sacked persepolis and won the greatest fortune the world had ever known stephnaos and his teacher the philosopher aristotle are drawn into solving the perplexing abduction case of anthia the heiress of a prominent silver merchant,historical fiction,2002,margaret anne doody,330bc year alexander great sacked persepolis greatest fortune world ever known stephnaos teacher philosopher aristotle drawn solving perplexing abduction case anthia heiress prominent silver merchant
the liars wife,four novellas about relationships at home and abroad are set in different historical periods and explore the experiences of such protagonists as an american grad student who escapes to italy after a compromising love affair by the awardwinning author of the love of my youth,historical fiction,2014,mary gordon,four novella relationship home abroad set different historical period explore experience protagonist american grad student escape italy compromising love affair awardwinning author love youth
the field of swords,the third volume in the acclaimed emperor series in which conn iggulden brilliantly interweaves history and adventure to recreate the astonishing life of julius caesar  an epic tale of ambition and rivalry bravery and betrayal from an outstanding new voice in historical fictionthe gates of rome the death of kings and now the field of swords tell the powerful dramatic story of the friendship and enmity between the two men who ruled the roman worldfollowing the defeat of the spartacus rebellion julius caesar and marcus brutus who have been sent to run the roman colonies in spain return to challenge powerful senators to become one of the consuls of rome political opposition family quarrels armed rebellions and corruption make this a highly contemporary scene fuelled by the intrigue of the major characters who are now developing as full adultsas he takes the legions north into mighty battles with the gallic tribes the imperious stand of caesar and the leadership of his men his new friendships with fellow leaders and his overwhelming ambition begin to separate him from brutus the great swordsman and warrior their long friendship reveals ominous cracks under the strain although the gallic conquests lead to caesars triumphal entry into britain the victories on the battlefield cause political rivalries at home and ultimately the famous choice is presented to caesar and marcus brutus they must choose whether to cross the rubicon  together or singly  and to take the fight to rome itselfconn iggulden is a brilliant storyteller characters jostle for space in the crowded streets on the battlefields and in the corridors of the senate the friendship and rivalry between caesar and brutus provides compelling reading each book in the emperor series causes readers to return to the previous novel and ensures they also look forward hugely to the next,historical fiction,2005,conn iggulden,third volume acclaimed emperor series conn iggulden brilliantly interweaves history adventure recreate astonishing life julius caesar epic tale ambition rivalry bravery betrayal outstanding new voice historical fictionthe gate rome death king field sword tell powerful dramatic story friendship enmity two men ruled roman worldfollowing defeat spartacus rebellion julius caesar marcus brutus sent run roman colony spain return challenge powerful senator become one consul rome political opposition family quarrel armed rebellion corruption make highly contemporary scene fuelled intrigue major character developing full adultsas take legion north mighty battle gallic tribe imperious stand caesar leadership men new friendship fellow leader overwhelming ambition begin separate brutus great swordsman warrior long friendship reveals ominous crack strain although gallic conquest lead caesar triumphal entry britain victory battlefield cause political rivalry home ultimately famous choice presented caesar marcus brutus must choose whether cross rubicon together singly take fight rome itselfconn iggulden brilliant storyteller character jostle space crowded street battlefield corridor senate friendship rivalry caesar brutus provides compelling reading book emperor series cause reader return previous novel ensures also look forward hugely next
the faithful executioner,a work of nonfiction that explores the thoughts and experiences of one early modern executioner nurembergs frantz schmidt 15551634 through his own words  a rare personal journal in which he recorded and described all the executions and corporal punishments he administered between 1573 and his retirement in 1617 provided by publisher,historical fiction,2013,joel f harrington,work nonfiction explores thought experience one early modern executioner nuremberg frantz schmidt 15551634 word rare personal journal recorded described execution corporal punishment administered 1573 retirement 1617 provided publisher
the paris daughter,an unmissable reading treat lancashire evening post beautifully written and emotionally charged    impossible to put down hazel gaynor a heartwrenching and evocative wartime novel perfect for fans of santa montefiore rachel hore and lucinda riley two mothers two daughters two families torn apart forever paris 1939 elise and juliette are certain nothing can come between them so when war breaks out and elise is forced to flee she entrusts juliette with her daughter playmate to juliettes own little girl more than a year later with the war finally ending elise returns to reunite with her daughter only to find her friends bookstore reduced to rubble  and juliette nowhere to be found what happened to mathilde in those last terrible moments juliette has seemingly vanished without a trace taking all the answers with her elises desperate search leads her to new york  and to juliette  one final fateful time the paris daughter is a story about mothers and daughters the way loss transforms us and the roads we find to beginning anew in the face of impossible odds praise for kristin harmel kristin harmel is firmly in the top echelon of ww2 storytellers heather morris a master storyteller santa montefiore,historical fiction,2023,kristin harmel,unmissable reading treat lancashire evening post beautifully written emotionally charged impossible put hazel gaynor heartwrenching evocative wartime novel perfect fan santa montefiore rachel hore lucinda riley two mother two daughter two family torn apart forever paris 1939 elise juliette certain nothing come war break elise forced flee entrusts juliette daughter playmate juliettes little girl year later war finally ending elise return reunite daughter find friend bookstore reduced rubble juliette nowhere found happened mathilde last terrible moment juliette seemingly vanished without trace taking answer elises desperate search lead new york juliette one final fateful time paris daughter story mother daughter way loss transforms u road find beginning anew face impossible odds praise kristin harmel kristin harmel firmly top echelon ww2 storyteller heather morris master storyteller santa montefiore
the winemakers wife,if you love the beekeepers promiseand the tattooist of auschwitzthen youll adore this beautiful story of love loss hope and survival east of paris in the sundrenched vineyards of northern france lies the famous champagne house maison chauveau but behind the extravagant exterior of the grand house is a world of secrets 1940 when young ines married into the famed chauveau family she dreamed of working alongside her husband and raising their beautiful children but with german occupation comes a life of fear for herself for the husband who has joined the resistance and for celine the jewish wife of their chief vintner as the nazis march ever closer ines will be faced with a terrible choice 2019 liv kent has lost everything her job her husband and the family she thought they were building alone and adrift she leaps at the chance to join her eccentric grandmother on a trip to champagne but its not long before past and present collide and in a desperate search for the truth liv is led straight to the maison chauveau what readers are saying about the winemakers wife a beautifully woven tale of love betrayal and redemption goodreads reviewer 5 stars this is a story of lovethrough generations of the french resistanceand families of blood and choice fabulous read amazon reviewer 5 stars a memorable book that weaves a heartbreaking yet hopeful tale this book is fascinating and a must read goodreads reviewer 5 stars it is a story of love and betrayal its also a story of forgiveness kept me intensely interesteduntil the very end amazon reviewer 5 stars a deeply thoughtful historical fictionnovel based on details of reallife resistance activities that occurred in france during world war ii gwendalynbooksblog i would highly recommendthe winemakers wifeto those who like historical fiction and womens fiction a 5 star for me stories unfolded blog this was a wonderfully twisty book i definitely want to read more from this author the good the bad and the unread,historical fiction,2021,kristen harmel,love beekeeper promiseand tattooist auschwitzthen youll adore beautiful story love loss hope survival east paris sundrenched vineyard northern france lie famous champagne house maison chauveau behind extravagant exterior grand house world secret 1940 young ines married famed chauveau family dreamed working alongside husband raising beautiful child german occupation come life fear husband joined resistance celine jewish wife chief vintner nazi march ever closer ines faced terrible choice 2019 liv kent lost everything job husband family thought building alone adrift leap chance join eccentric grandmother trip champagne long past present collide desperate search truth liv led straight maison chauveau reader saying winemaker wife beautifully woven tale love betrayal redemption goodreads reviewer 5 star story lovethrough generation french resistanceand family blood choice fabulous read amazon reviewer 5 star memorable book weave heartbreaking yet hopeful tale book fascinating must read goodreads reviewer 5 star story love betrayal also story forgiveness kept intensely interesteduntil end amazon reviewer 5 star deeply thoughtful historical fictionnovel based detail reallife resistance activity occurred france world war ii gwendalynbooksblog would highly recommendthe winemaker wifeto like historical fiction womens fiction 5 star story unfolded blog wonderfully twisty book definitely want read author good bad unread
aloha love,on a trip to hawaii in 1899 jane buckley meets an embittered widowed rancher and begins to question her faith and character including her engagement to a texas oil baron,historical fiction,2012,yvonne lehman,trip hawaii 1899 jane buckley meet embittered widowed rancher begin question faith character including engagement texas oil baron
sisters of the resistance,set in the thick of the paris resistance movement during wwii this exciting novel tells of the deep involvement of catherine dior and two young women who risked their lives to support her effortsperfect for fans of kate quinn and jennifer chiaverini france 1944 the nazis still occupy paris and twentyfiveyearold gabby foucher hates these enemies though as the concierge of ten rue royale she makes it a point to avoid trouble unlike her sister yvette until she like her sister is recruited into the resistance by catherine diorsister of the fashion designer christian dior gabby and yvette are both swept into the world of spies fugitives and resistance workers and it doesnt take long for the sisters to realize that their lives are in danger gabby discovers an elderly tenant is hiding a wounded british fugitive and yvette becomes a messenger for the resistance but as gabby begins to fall in love with her patient and yvettes impulsiveness lead her into intrigue at an everhigher level both women will discover that their hearts and even their souls hang in the balance as well this pageturning novel is perfect for any reader fascinated by the role of women during world war ii whose stories are often untold and introduces us to catherine dior the fearless reallife resistance hero,historical fiction,2021,christine wells,set thick paris resistance movement wwii exciting novel tell deep involvement catherine dior two young woman risked life support effortsperfect fan kate quinn jennifer chiaverini france 1944 nazi still occupy paris twentyfiveyearold gabby foucher hate enemy though concierge ten rue royale make point avoid trouble unlike sister yvette like sister recruited resistance catherine diorsister fashion designer christian dior gabby yvette swept world spy fugitive resistance worker doesnt take long sister realize life danger gabby discovers elderly tenant hiding wounded british fugitive yvette becomes messenger resistance gabby begin fall love patient yvettes impulsiveness lead intrigue everhigher level woman discover heart even soul hang balance well pageturning novel perfect reader fascinated role woman world war ii whose story often untold introduces u catherine dior fearless reallife resistance hero
the last tiara,from new york times and wall street journal bestseller mj rose comes a provocative and moving story of a young female architect in postworld war ii manhattan who stumbles upon a hidden treasure and begins a journey to discovering her mothers life during the fall of the romanovs sophia moon had always been reticent about her life in russia and when she dies suspiciously on a wintry new york evening isobelle despairs that her mothers secrets have died with her but while renovating the apartment they shared isobelle discovers something among her mothers effectsa stunning silver tiara stripped of its jewels isobelles research into the tiaras provenance draws her closer to her mothers pastincluding the story of what became of her father back in russia a man she has never known the facts elude her until she meets a young jeweler who wants to help her but is conflicted by his loyalty to the midas society a covert international organization whose mission is to return lost and stolen antiques jewels and artwork to their original owners told in alternating points of view the stories of the two young women unfurl as each struggles to find their way during two separate wars in 1915 young sofiya petrovitch favorite of the royal household and best friend of grand duchess olga nikolaevna tends to wounded soldiers in a makeshift hospital within the grounds of the winter palace in st petersburg and finds the love of her life in 1948 new york isobelle moon works to break through the rampant sexism of the age as one of very few women working in a maledominated profession and discovers far more about love and family than she ever hoped for in mj roses deftly constructed narrative the secrets of sofiyas early life are revealed incrementally even as isobelle herself works to solve the mystery of the historic romanov tiara which is based on an actual romanov artifact that is to this day still missingand how it is that her mother came to possess it the two strands play off each other in finelytuned counterpoint building to a series of surprising and deeply satisfying revelations,historical fiction,2021,m j rose,new york time wall street journal bestseller mj rose come provocative moving story young female architect postworld war ii manhattan stumble upon hidden treasure begin journey discovering mother life fall romanov sophia moon always reticent life russia dy suspiciously wintry new york evening isobelle despair mother secret died renovating apartment shared isobelle discovers something among mother effectsa stunning silver tiara stripped jewel isobelles research tiara provenance draw closer mother pastincluding story became father back russia man never known fact elude meet young jeweler want help conflicted loyalty midas society covert international organization whose mission return lost stolen antique jewel artwork original owner told alternating point view story two young woman unfurl struggle find way two separate war 1915 young sofiya petrovitch favorite royal household best friend grand duchess olga nikolaevna tends wounded soldier makeshift hospital within ground winter palace st petersburg find love life 1948 new york isobelle moon work break rampant sexism age one woman working maledominated profession discovers far love family ever hoped mj rose deftly constructed narrative secret sofiyas early life revealed incrementally even isobelle work solve mystery historic romanov tiara based actual romanov artifact day still missingand mother came possess two strand play finelytuned counterpoint building series surprising deeply satisfying revelation
miss camerons fall from grace,in a seedy tavern in the backstreets of london a case of mistaken identity leads respectable miss delphine cameron to be unwittingly ravished by a devilish colonel lord stephen fitzwaring now shes had a taste of lovemaking and against her better judgement she craves it again but the colonel has ruined her honor and there is only one way they can avoid a scandaldelphine must marry her darkeyed seducer now lady delphine fitzwaring must decide between a life of chastity  or succumbing to her husbands irresistible temptationpage 4 of cover,historical fiction,2012,helen dickson,seedy tavern backstreets london case mistaken identity lead respectable miss delphine cameron unwittingly ravished devilish colonel lord stephen fitzwaring shes taste lovemaking better judgement craves colonel ruined honor one way avoid scandaldelphine must marry darkeyed seducer lady delphine fitzwaring must decide life chastity succumbing husband irresistible temptationpage 4 cover
fair helen,the scotlandengland borderlands 1590s principal economy cattle rustling kidnap extortion harry langton is called back to the country of his childhood to aide an old friend adam fleming who believes his life is in danger hes fallen for helen of annandale and in turn fallen foul of his rival robert bell a man as violent as he is influential in an ungovernable land where minor lairds vie to rule and blood feuds are settled by the sword fleming faces a battle to win helen and to stay alive,historical fiction,2014,andrew greig,scotlandengland borderland 1590s principal economy cattle rustling kidnap extortion harry langton called back country childhood aide old friend adam fleming belief life danger he fallen helen annandale turn fallen foul rival robert bell man violent influential ungovernable land minor laird vie rule blood feud settled sword fleming face battle win helen stay alive
the knights tale,april 1380 about to set off on his annual pilgrimage geoffrey chaucer abandons his plans when an old friend appeals for help his former guardian has been found dead in his bedroom at his suffolk castle the door locked from the inside who among the castles inhabitants is a coldhearted killer its up to chaucer to root out the evil within,historical fiction,2022,m j trow,april 1380 set annual pilgrimage geoffrey chaucer abandon plan old friend appeal help former guardian found dead bedroom suffolk castle door locked inside among castle inhabitant coldhearted killer chaucer root evil within
frog music,from the author of the worldwide bestseller room her greatest achievement yetemma donoghue shows more than range with frog musicshe shows genius  darin strauss author of half a life summer of 1876 san francisco is in the fierce grip of a recordbreaking heat wave and a smallpox epidemic through the window of a railroad saloon a young woman named jenny bonnet is shot dead the survivor her friend blanche beunon is a french burlesque dancer over the next three days she will risk everything to bring jennys murderer to justiceif he doesnt track her down first the story blanche struggles to piece together is one of freelove bohemians desperate paupers and arrogant millionaires of jealous men icy women and damaged children its the secret life of jenny herself a notorious character who breaks the law every morning by getting dressed a charmer as slippery as the frogs she hunts in thrilling cinematic style frog music digs up a longforgotten neversolved crime full of songs that migrated across the world emma donoghues lyrical tale of love and bloodshed among lowlifes captures the pulse of a boomtown like no other,historical fiction,2014,emma donoghue,author worldwide bestseller room greatest achievement yetemma donoghue show range frog musicshe show genius darin strauss author half life summer 1876 san francisco fierce grip recordbreaking heat wave smallpox epidemic window railroad saloon young woman named jenny bonnet shot dead survivor friend blanche beunon french burlesque dancer next three day risk everything bring jenny murderer justiceif doesnt track first story blanche struggle piece together one freelove bohemian desperate pauper arrogant millionaire jealous men icy woman damaged child secret life jenny notorious character break law every morning getting dressed charmer slippery frog hunt thrilling cinematic style frog music dig longforgotten neversolved crime full song migrated across world emma donoghues lyrical tale love bloodshed among lowlife capture pulse boomtown like
harbor secrets,the first in a new historical series from bestselling awardwinning author melody carlson is sure to rivet readers and sweep them away to oregons early prohibition before wwi,historical fiction,2018,melody carlson,first new historical series bestselling awardwinning author melody carlson sure rivet reader sweep away oregon early prohibition wwi
masqueraders,in an age of slippery politics robin and prudence tremaine the children of the notorious and brilliant viscount of barham find themselves on the wrong side of the jacobite rebellion the viscount sends his offspring on the road to london each masquerading as the opposite sex,historical fiction,2005,georgette heyer,age slippery politics robin prudence tremaine child notorious brilliant viscount barham find wrong side jacobite rebellion viscount sends offspring road london masquerading opposite sex
the warsaw orphan,kelly rimmers heartstopping rendering of the war in nazioccupied poland will captivate readers page by pagelisa wingate 1 new york times bestselling author of before we were yours a surefire hit and a heartbreaking and hopeful story of family duty love salvation and resistance the warsaw orphan is a thoughtful beautiful novel  kristin harmel new york times bestselling author of the book of lost names inspired by the reallife heroine who saved thousands of jewish children during wwii the warsaw orphan is kelly rimmers most anticipated novel since her bestselling sensation the things we cannot say in the spring of 1942 young elzbieta rabinek is aware of the swiftly growing discord just beyond the courtyard of her comfortable warsaw home she has no fondness for the germans who patrol her streets and impose their curfews but has never given much thought to what goes on behind the walls that contain her jewish neighbors she knows all too well about german brutalityand that its the reason she must conceal her true identity but in befriending sara a nurse who shares her apartment floor elzbieta makes a discovery that propels her into a dangerous world of deception and heroism using saras credentials to smuggle children out of the ghetto brings elzbieta facetoface with the reality of the war behind its walls and to the plight of the gorka family who must make the impossible decision to give up their newborn daughter or watch her starve for roman gorka this final injustice stirs him to rebellion with a zeal not even his newfound love for elzbieta can suppress but his recklessness brings unwanted attention to saras cause unwittingly putting elzbieta and her family in harms way until one violent act threatens to destroy their chance at freedom forever from nazi occupation to the threat of a communist regime the warsaw orphan is the unforgettable story of elzbieta and romans perilous attempt to reclaim the love and life they once knew intensely movingbravo kelly rimmer im going to be recommending this book to everyone i know karen robards new york times bestselling author of the black swan of paris,historical fiction,2021,kelly rimmer,kelly rimmers heartstopping rendering war nazioccupied poland captivate reader page pagelisa wingate 1 new york time bestselling author surefire hit heartbreaking hopeful story family duty love salvation resistance warsaw orphan thoughtful beautiful novel kristin harmel new york time bestselling author book lost name inspired reallife heroine saved thousand jewish child wwii warsaw orphan kelly rimmers anticipated novel since bestselling sensation thing say spring 1942 young elzbieta rabinek aware swiftly growing discord beyond courtyard comfortable warsaw home fondness german patrol street impose curfew never given much thought go behind wall contain jewish neighbor know well german brutalityand reason must conceal true identity befriending sara nurse share apartment floor elzbieta make discovery propels dangerous world deception heroism using saras credential smuggle child ghetto brings elzbieta facetoface reality war behind wall plight gorka family must make impossible decision give newborn daughter watch starve roman gorka final injustice stir rebellion zeal even newfound love elzbieta suppress recklessness brings unwanted attention saras cause unwittingly putting elzbieta family harm way one violent act threatens destroy chance freedom forever nazi occupation threat communist regime warsaw orphan unforgettable story elzbieta roman perilous attempt reclaim love life knew intensely movingbravo kelly rimmer im going recommending book everyone know karen robards new york time bestselling author black swan paris
snare of serpents,davina glentyres happy young life in edinburgh was shattered by her mothers death and made even more unbearable by her fathers sudden marriage to her new governess her one joy was her friendship with a poor but charming student jamie whom her father forbade her to wed when her father suddenly died from arsenic poisoning the means motive and opportunity all pointed to davina herself alone she escaped to the colonies in africa but with the boer war came danger and the return of dark secrets from the past that threatened her reputation and her very life   ,historical fiction,1990,victoria holt,davina glentyres happy young life edinburgh shattered mother death made even unbearable father sudden marriage new governess one joy friendship poor charming student jamie father forbade wed father suddenly died arsenic poisoning mean motive opportunity pointed davina alone escaped colony africa boer war came danger return dark secret past threatened reputation life
the dark room,the dark room tells three stories that of helmut a young photographer in the 1930s lore a 12yearold girl at the end of the war and micha a young school teacher half a century later between them the reader traces the legacy of the nazi period on the lives of ordinary germans,historical fiction,2002,rachel seiffert,dark room tell three story helmut young photographer 1930s lore 12yearold girl end war micha young school teacher half century later reader trace legacy nazi period life ordinary german
hawkwoods sword,one of the finest writers of historical fiction in the world ben kane 1368 france spain and england prepare for war in italy the pope and the visconti princes are battling for bloody supremacy the worst years of sir william golds life are about to begin leaving the side of his commander sir john hawkwood william embarks on a new journey that will bring him fame and favour  until a heartbreaking personal tragedy leads him to put down his sword but men of war cant stay out of battle for long gold yearns to return to italy and rejoin hawkwood only now the game of the italian princes is changing and as chaos descends gold must finally decide who he stands for        praise for christian cameron the master of historical fiction sunday times a storyteller at the height of his powers historical novel society superb the times a swordslash above the rest irish examiner,historical fiction,2022,christian cameron,one finest writer historical fiction world ben kane 1368 france spain england prepare war italy pope visconti prince battling bloody supremacy worst year sir william gold life begin leaving side commander sir john hawkwood william embarks new journey bring fame favour heartbreaking personal tragedy lead put sword men war cant stay battle long gold yearns return italy rejoin hawkwood game italian prince changing chaos descends gold must finally decide stand praise christian cameron master historical fiction sunday time storyteller height power historical novel society superb time swordslash rest irish examiner
painting the light,from the critically acclaimed author of monticello and the widows war comes a vividly rendered historical novel of love loss and reinvention set on marthas vineyard at the turn of the nineteenth century marthas vineyard 1898 in her first life ida russell had been a painter five years ago she had confidently walked the halls of bostons renowned museum school enrolling in art courses that were once deemed unthinkable for women to take and showing a budding talent for watercolors but no more ida russell is now ida pease resident of a seaside farm on vineyard haven and wife to ezra a oncecharming man who has become an inattentive and altogether unreliable husband ezra runs a salvage company in town with his business partner mose barstow but he much prefers their nightly card games at the local pub to his work in their boston office not to mention filling haystacks and tending sheep on the farm at homeduties that have fallen to ida and their parttime farmhand lem ida meanwhile has left her love for painting behind it comes as no surprise to ida when ezra is hours late for a thanksgiving dinner only to leave abruptly for another supposedly urgent business trip to boston but then something truly unthinkable happens a storm strikes and the portland sinks ezra and mose are presumed dead in the wake of this shocking tragedy ida must settle the affairs of ezras estate a task that brings her to a familiar face from her pasthenry barstow moses brother and executor as she joins henry in sifting through the remnants of her husbands life and work ida must learn to separate truth from lies and what matters from what doesnt painting the light is an arresting portrait of a woman and a considered meditation on loss and love,historical fiction,2021,sally cabot gunning,critically acclaimed author monticello widow war come vividly rendered historical novel love loss reinvention set marthas vineyard turn nineteenth century marthas vineyard 1898 first life ida russell painter five year ago confidently walked hall boston renowned museum school enrolling art course deemed unthinkable woman take showing budding talent watercolor ida russell ida pea resident seaside farm vineyard wife ezra oncecharming man become inattentive altogether unreliable husband ezra run salvage company town business partner mose barstow much prefers nightly card game local pub work boston office mention filling haystack tending sheep farm homeduties fallen ida parttime farmhand lem ida meanwhile left love painting behind come surprise ida ezra hour late thanksgiving dinner leave abruptly another supposedly urgent business trip boston something truly unthinkable happens storm strike portland sink ezra mose presumed dead wake shocking tragedy ida must settle affair ezra estate task brings familiar face pasthenry barstow moses brother executor join henry sifting remnant husband life work ida must learn separate truth lie matter doesnt painting light arresting portrait woman considered meditation loss love
the viscount who loved me, 1 new york times bestseller the inspiration for season two of bridgerton a series created by shondaland for netflix from 1 new york times bestselling author julia quinn the story of anthony bridgerton in the second of her beloved regencyset novels featuring the charming powerful bridgerton family anthonys story this time the gossip columnists have it wrong londons most elusive bachelor anthony bridgerton hasnt just decided to marryhes even chosen a wife the only obstacle is his intendeds older sister kate sheffieldthe most meddlesome woman ever to grace a london ballroom the spirited schemer is driving anthony mad with her determination to stop the betrothal but when he closes his eyes at night kates the woman haunting his increasingly erotic dreams contrary to popular belief kate is quite sure that reformed rakes do not make the best husbandsand anthony bridgerton is the most wicked rogue of them all kates determined to protect her sisterbut she fears her own heart is vulnerable and when anthonys lips touch hers shes suddenly afraid she might not be able to resist the reprehensible rake herself,historical fiction,2022,julia quinn,1 new york time bestseller inspiration season two bridgerton series created shondaland netflix 1 new york time bestselling author julia quinn story anthony bridgerton second beloved regencyset novel featuring charming powerful bridgerton family anthony story time gossip columnist wrong london elusive bachelor anthony bridgerton hasnt decided marryhes even chosen wife obstacle intendeds older sister kate sheffieldthe meddlesome woman ever grace london ballroom spirited schemer driving anthony mad determination stop betrothal close eye night kates woman haunting increasingly erotic dream contrary popular belief kate quite sure reformed rake make best husbandsand anthony bridgerton wicked rogue kates determined protect sisterbut fear heart vulnerable anthony lip touch shes suddenly afraid might able resist reprehensible rake
the rice kings,as the only son of a wealthy mill owner in whitehaven cumbria england jonathan lucas is destined to become a millwright and a mill owner in northeast england like his father john lucas he lives a protected life behind the walls of his fathers reputation and business success the challenges of coming of age in the 1760s are soon approached by the young jonathan as he enters an apprenticeship with his uncle william lucas he travels to manchester which is far away from his mother and fathers loving care he encounters many adventures as he learns and loves his way toward adulthood and hopefully a successful career of his own jonathan must choose between two beautiful girls that enter his life in a most memorable way one is the epitome of beauty grace and refinement she is the lady that most women aspired to become in eighteenth century great britain the other is a fiery auburnheaded beauty that stirs passions deep within the men who meet her her familys background gives his parents pause concerning this most desirable woman the decision is not an easy one but one that has to be made  sooner or later the american revolution profoundly affects the fortunes of jonathans family as well as all businessmen in britain america and most of the trading nations of the world it prematurely ends the apprenticeship that he was serving with his fathers brother william it also brings a threat from an old friend of the family that is most unexpected and unwelcomed returning to whitehaven jonathan takes a wife and starts a family of his own tragedy strikes and changes the course of his life thrust into a new role as a father and head of his own household jonathan continues to be confronted with difficulties in both his business and personal life he is offered an opportunity that would not only change his future but change the world life love and destiny are put to the test as jonathan comes face to face with what could be catastrophe or incredible fame and fortune this story is the first in a series of books that will follow this important genius and his descendants as they move from merry old england to the low country of antebellum south carolina to become the rice kings follow jonathan as the abrupt changes of his world throw everything he knows into turmoil check out the website davidhenrylucasbookscom,historical fiction,2014,david lucas,son wealthy mill owner whitehaven cumbria england jonathan lucas destined become millwright mill owner northeast england like father john lucas life protected life behind wall father reputation business success challenge coming age 1760s soon approached young jonathan enters apprenticeship uncle william lucas travel manchester far away mother father loving care encounter many adventure learns love way toward adulthood hopefully successful career jonathan must choose two beautiful girl enter life memorable way one epitome beauty grace refinement lady woman aspired become eighteenth century great britain fiery auburnheaded beauty stir passion deep within men meet family background give parent pause concerning desirable woman decision easy one one made sooner later american revolution profoundly affect fortune jonathan family well businessmen britain america trading nation world prematurely end apprenticeship serving father brother william also brings threat old friend family unexpected unwelcomed returning whitehaven jonathan take wife start family tragedy strike change course life thrust new role father head household jonathan continues confronted difficulty business personal life offered opportunity would change future change world life love destiny put test jonathan come face face could catastrophe incredible fame fortune story first series book follow important genius descendant move merry old england low country antebellum south carolina become rice king follow jonathan abrupt change world throw everything know turmoil check website davidhenrylucasbookscom
bleak house,it would have been far better if you had never been born esther at 14 has never known love determined to live well earn some love and overcome the shadow of her birth she takes her first steps into an unknown world a family curse a manipulating lawyer poverty and secrets threaten to destroy esthers world are the walls of bleak house strong enough to protect her and her new friends from such powerful forces the reader will be caught up in an unfolding mystery full of surprises perhaps the biggest mystery of all is who is nemo,historical fiction,2019,charles dickens,would far better never born esther 14 never known love determined live well earn love overcome shadow birth take first step unknown world family curse manipulating lawyer poverty secret threaten destroy esther world wall bleak house strong enough protect new friend powerful force reader caught unfolding mystery full surprise perhaps biggest mystery nemo
the godmothers,big little lies set in world war ii era greenwich village an irresistible suspenseful novel about four women who marry into an elegant prosperous italian family and then must take charge of the familys business when their husbands are forced to leave them during the war meet the godmothers filomena is a clever and resourceful war refugee with a childhood secret who comes to america to wed mario the familys favored son amie a beautiful and dreamy french girl from upstate new york escapes an abusive husband after falling in love with johnny the oldest of the brothers lucy a toughasnails irish nurse ran away from a strict girls home and marries frankie the sensuous middle son and the glamorous petrina the familys only daughter graduates with honors from barnard college despite a past trauma that nearly caused a family scandal all four women become godmothers to one anothers children finding hope and shelter in this prosperous family and their sumptuous greenwich village home and enjoying new york life with its fine dining opulent department stores and sophisticated nightclubs but the womens secret pasts lead to unforeseen consequences and betrayals that threaten to unravel all their carefully laid plans and when their husbands are forced to leave them during the second world war the godmothers must unexpectedly contend with notorious gangsters like frank costello and lucky luciano who run the streets of new york city refusing to merely imitate the world of men the four godmothers learn to put aside their differences and grudges so that they can work together to protect their loved ones and to find their own unique paths to success love forgiveness and the futures theyve always dreamed of,historical fiction,2021,camille aubray,big little lie set world war ii era greenwich village irresistible suspenseful novel four woman marry elegant prosperous italian family must take charge family business husband forced leave war meet godmother filomena clever resourceful war refugee childhood secret come america wed mario family favored son amie beautiful dreamy french girl upstate new york escape abusive husband falling love johnny oldest brother lucy toughasnails irish nurse ran away strict girl home marries frankie sensuous middle son glamorous petrina family daughter graduate honor barnard college despite past trauma nearly caused family scandal four woman become godmother one anothers child finding hope shelter prosperous family sumptuous greenwich village home enjoying new york life fine dining opulent department store sophisticated nightclub womens secret past lead unforeseen consequence betrayal threaten unravel carefully laid plan husband forced leave second world war godmother must unexpectedly contend notorious gangster like frank costello lucky luciano run street new york city refusing merely imitate world men four godmother learn put aside difference grudge work together protect loved one find unique path success love forgiveness future theyve always dreamed
a dangerous game,international bestselling author mandy robotham returns with a brand new tale set in 1950s london a gripping story of revenge guilt and redemption sweetened by love daisy wood author of the forgotten bookshop in paris a truly brilliant readi couldnt put it down suzanne kelman author of the bookseller of paris london 1952 seven years after the chaotic aftermath of world war ii london has is coming alive again with jazz clubs and flickering cinema awnings lighting up the night sky but for widowed helen dexie dexter shes still a woman in a mans world she longs to prove herself as an officer in the london metropolitan police yet shes stuck intervening in domestics and making tea for her male colleagues then harri schroder arrives seconded from hamburg to the met haunted by the loss of his wife and child harri is unlike any man dexie has ever known compassionate and sharpwitted he sees her not as a threat but as an intelligent canny officer full of potential and when harri is tasked with hunting down a nazi war criminalturnedrespectedbusinessman with connections to the upper echelons of british society its dexie he turns to for help but as their bond deepens a deadly fog engulfs london dexie and harri must expose the fugitive before he vanishes risking everything for justice  and each other the new gripping and heartwrenching historical fiction novel from international bestseller mandy robotham perfect for fans of kate quinn and kristin hannah readers love a dangerous game this is a book with characters so welldrawn you feel you know them add thrills and a dash of romance and you have a book you cant put down loved it deborah swift author of the shadow network unique and spellbinding i couldnt put it down melanie hudson author of the paris affair well written atmospheric suspenseful with fully developed characters this was a five star read for meanother one i couldnt put down  this story kept me up late at night i wanted to read just one more chapter until i couldnt  mandy robotham takes the reader down this chilling path with twists and turns that keep you guessing and holding your breath  a cleverly crafted mystery thriller set in the great smog of london in the 1950s  really enjoyed it from start to finish and captured the era brilliantly recommended  dont miss this one id give it 10 stars if i could  if you like historical fiction mixed with thriller espionage this book will be for you ,historical fiction,2024,mandy robotham,international bestselling author mandy robotham return brand new tale set 1950s london gripping story revenge guilt redemption sweetened love daisy wood author forgotten bookshop paris truly brilliant readi couldnt put suzanne kelman author bookseller paris london 1952 seven year chaotic aftermath world war ii london coming alive jazz club flickering cinema awning lighting night sky widowed helen dexie dexter shes still woman man world longs prove officer london metropolitan police yet shes stuck intervening domestic making tea male colleague harri schroder arrives seconded hamburg met haunted loss wife child harri unlike man dexie ever known compassionate sharpwitted see threat intelligent canny officer full potential harri tasked hunting nazi war criminalturnedrespectedbusinessman connection upper echelon british society dexie turn help bond deepens deadly fog engulfs london dexie harri must expose fugitive vanishes risking everything justice new gripping heartwrenching historical fiction novel international bestseller mandy robotham perfect fan kate quinn kristin hannah reader love dangerous game book character welldrawn feel know add thrill dash romance book cant put loved deborah swift author shadow network unique spellbinding couldnt put melanie hudson author paris affair well written atmospheric suspenseful fully developed character five star read meanother one couldnt put story kept late night wanted read one chapter couldnt mandy robotham take reader chilling path twist turn keep guessing holding breath cleverly crafted mystery thriller set great smog london 1950s really enjoyed start finish captured era brilliantly recommended dont miss one id give 10 star could like historical fiction mixed thriller espionage book
quinx or the rippers tale,i tiden efter 2 verdenskrig samles en flok sigøjnere med andre i avignon for at fejre åbningen af den mystiske hule der skal indeholde tempelherrernes skat,historical fiction,1985,lawrence durrell,tiden efter 2 verdenskrig samles en flok sigøjnere med andre avignon fejre åbningen af den mystiske hule der skal indeholde tempelherrernes skat
the sweet smell of decay,previously published by beautiful books but now reissued by ab alongside harry lytles continuing adventures,historical fiction,2014,paul lawrence,previously published beautiful book reissued ab alongside harry lytles continuing adventure
odysseus,the first title in an epic series following the life of odysseus a man becomes a hero    as a young boy in ithaca odysseus listens in wonder to his grandfather autolykos a man feared by many across the land as a ruthless fighter he learns of his heritage and a lifelong passion is sparked to become an adventurer and warrior in mycenae he meets king eurystheus and learns the terrible story of hercules  the man with godlike strength who slaughtered his family and punished by the king to undertake impossible tasks to earn absolution but is eurystheus the man he says he is when a child comes to odysseus in the middle of the night with another very disturbing version of what happened that fateful night odysseus embarks on the first of his extraordinary quests    so begins the epic story of odysseus the first of two volumes an adventure of love war courage and heroism weaving from a small rocky island in greece to the mighty fall of troy,historical fiction,2013,valerio massimo manfredi,first title epic series following life odysseus man becomes hero young boy ithaca odysseus listens wonder grandfather autolykos man feared many across land ruthless fighter learns heritage lifelong passion sparked become adventurer warrior mycenae meet king eurystheus learns terrible story hercules man godlike strength slaughtered family punished king undertake impossible task earn absolution eurystheus man say child come odysseus middle night another disturbing version happened fateful night odysseus embarks first extraordinary quest begin epic story odysseus first two volume adventure love war courage heroism weaving small rocky island greece mighty fall troy
mr pipes comes to america,this novel is the third volume in the mr pipes series it provides readers with a wealth of inspiring information regarding the lives of famous american hymn writers annie and drew continue their actionpacked adventures as mr pipes visits america and teaches them about great hymns from american history grades 710,historical fiction,2007,douglas bond,novel third volume mr pipe series provides reader wealth inspiring information regarding life famous american hymn writer annie drew continue actionpacked adventure mr pipe visit america teach great hymn american history grade 710
enemies of the heart,love passion and betrayal will tear one family apart,historical fiction,2008,rebecca dean,love passion betrayal tear one family apart
black mountain,eerie and compelling christos tsiolkas beginning in the sulphur mines of sicily over a century ago black mountain takes you on a journey through time and back again when a boy sold into slavery finds the courage to escape his brutal life he is saved by a mysterious stranger who raises the boy as his own renamed cesare montenero after sicilys own black mountain mount etna the boy grows up to discover that his rescue was no accident that his physical strength is unnatural and that he has more in common with his saviour than he could have imagined and when he meets the enigmatic celeste he suspects for the first time that he many not be alone based on factual events and ranging through italy paris and the rural fringes of coastal australia black mountain is a haunting exploration of what it means to be human,historical fiction,2014,venero armanno,eerie compelling christos tsiolkas beginning sulphur mine sicily century ago black mountain take journey time back boy sold slavery find courage escape brutal life saved mysterious stranger raise boy renamed cesare montenero sicily black mountain mount etna boy grows discover rescue accident physical strength unnatural common saviour could imagined meet enigmatic celeste suspect first time many alone based factual event ranging italy paris rural fringe coastal australia black mountain haunting exploration mean human
kings fool,a remarkable insider tale of the intrigue ruthlessness and majesty of the tudor court,historical fiction,2009,margaret campbell barnes,remarkable insider tale intrigue ruthlessness majesty tudor court
flashman in the great game,one of literatures most delightful rakes is back in another tale of rollicking adventure and tantalizing seduction the plucky flashmans latest escapades are sure to entertain devotees as well as attract new aficionados,historical fiction,1975,george macdonald fraser,one literature delightful rake back another tale rollicking adventure tantalizing seduction plucky flashmans latest escapade sure entertain devotee well attract new aficionado
late harvest,this passionate west country smuggling saga set in the early 19thcentury is an intriguing departure for tudor mystery writer fiona buckley exmoor 1800 when farmers daughter peggy shawe meets the charismatic ralph duggan son of a socalled free trader its love at first sight determined to prevent the match peggys widowed mother sends her daughter to live with the duggans for six weeks believing she will be put off marriage to ralph when she discovers what life is like among a smuggling family matters take a dramatic turn however when ralphs brother philip is suspected of murder and ralph and philip are despatched to distant relatives across the atlantic heartbroken peggy vows to be reunited with her lover one day but it will be several years before she and ralph are destined to meet again  and in very different circumstances   ,historical fiction,2017,fiona buckley,passionate west country smuggling saga set early 19thcentury intriguing departure tudor mystery writer fiona buckley exmoor 1800 farmer daughter peggy shawe meet charismatic ralph duggan son socalled free trader love first sight determined prevent match peggys widowed mother sends daughter live duggans six week believing put marriage ralph discovers life like among smuggling family matter take dramatic turn however ralphs brother philip suspected murder ralph philip despatched distant relative across atlantic heartbroken peggy vow reunited lover one day several year ralph destined meet different circumstance
coming of the storm,at first chickashaw trader black shell is intrigued by the white invaders but he soon learns of their brutality and danger,historical fiction,2010,kathleen oneal gear w michael gear,first chickashaw trader black shell intrigued white invader soon learns brutality danger
the betrayals,dizzyingly wonderful    a perfectly constructed work of fiction with audacious twists    collins plays her own game here with perfect skill  the times uk an intricate and utterly spellbinding literary epic brimming with enchantment mystery and dark secrets from the highly acclaimed author of the 1 international bestseller the binding if your life was based on a lie would you risk it all to tell the truth at montverre an ancient and elite academy hidden high in the mountains societys best and brightest are trained for excellence in the grand jeuthe great gamean arcane and mysterious competition that combines music art math poetry and philosophy léo martin once excelled at montverre but lost his passion for scholarly pursuits after a violent tragedy he turned to politics instead and became a rising star in the ruling party until a small act of conscience cost him his career now he has been exiled back to montverre his fate uncertain but this rarified world of learning léo once loved is not the same place he remembers once the exclusive bastion of men montverres most prestigious post is now held by a woman claire dryden also known as the magister ludi the head of the great game at first léo feels an odd attraction to the magistera mysterious eerily familiar connectionthough hes sure theyve never met before as the legendary midsummer game approachesthe climax of the academys yearlongburied secrets rise to the surface and centuriesold traditions are shockingly overturned a highly imaginative and intricately crafted literary epic the betrayals confirms bridget collins as one of the most inventive and exquisite new voices in speculative fiction,historical fiction,2021,bridget collins,dizzyingly wonderful perfectly constructed work fiction audacious twist collins play game perfect skill time uk intricate utterly spellbinding literary epic brimming enchantment mystery dark secret highly acclaimed author 1 international bestseller binding life based lie would risk tell truth montverre ancient elite academy hidden high mountain society best brightest trained excellence grand jeuthe great gamean arcane mysterious competition combine music art math poetry philosophy léo martin excelled montverre lost passion scholarly pursuit violent tragedy turned politics instead became rising star ruling party small act conscience cost career exiled back montverre fate uncertain rarified world learning léo loved place remembers exclusive bastion men montverres prestigious post held woman claire dryden also known magister ludi head great game first léo feel odd attraction magistera mysterious eerily familiar connectionthough he sure theyve never met legendary midsummer game approachesthe climax academy yearlongburied secret rise surface centuriesold tradition shockingly overturned highly imaginative intricately crafted literary epic betrayal confirms bridget collins one inventive exquisite new voice speculative fiction
mary ann sate imbecile,i would place it among the classics of this century and the last sally bayley author of girl with dove if you tell a story oft enough so it become true as the nineteenth century draws towards a close mary ann sate an elderly maidservant sets out to write her truth she writes of the valleys that she loves of the poisonous rivalry between her employers two sons and of a terrible choice which tore her world apart her haunting and poignant story brings to life a period of strife and rapid social change and evokes the struggles of those who lived in poverty and have been forgotten by history in this fictional found memoir novelist alice jolly uses the astonishing voice of mary ann to recreate history as seen from a womans perspective and to give joyful poetic voice to the silenced women of the past,historical fiction,2018,alice jolly,would place among classic century last sally bayley author girl dove tell story oft enough become true nineteenth century draw towards close mary ann sate elderly maidservant set write truth writes valley love poisonous rivalry employer two son terrible choice tore world apart haunting poignant story brings life period strife rapid social change evokes struggle lived poverty forgotten history fictional found memoir novelist alice jolly us astonishing voice mary ann recreate history seen woman perspective give joyful poetic voice silenced woman past
the last garden in england,from the author of the light over london and the gripping moving kelly rimmer the whispers of war comes a poignant and heartwrenching tale of five women in three eras whose lives are tied together by one very special garden,historical fiction,2021,julia kelly,author light london gripping moving kelly rimmer whisper war come poignant heartwrenching tale five woman three era whose life tied together one special garden
lucky billy,according to legend billy the kid killed 21 men stole from wealthy cattle barons to give to the poor and wooed just about every seorita in the american southwest acclaimed historical novelist vernon digs deeply into the historical record to offer a portrait of this outlaws dramatic and violent life,historical fiction,2009,john vernon,according legend billy kid killed 21 men stole wealthy cattle baron give poor wooed every seorita american southwest acclaimed historical novelist vernon dig deeply historical record offer portrait outlaw dramatic violent life
the outcast girls,1881 girls are going missing from shardlowes school and private detective lily raynor owner of the worlds end investigation bureau is hired to investigate disguised as a nurse she joins the staff while her employee felix wilbraham remains behind lily thinks shes safe  but felix cant shake off his fear that shes in grave danger ,historical fiction,2020,alys clare,1881 girl going missing shardlowes school private detective lily raynor owner world end investigation bureau hired investigate disguised nurse join staff employee felix wilbraham remains behind lily think shes safe felix cant shake fear shes grave danger
the porcelain moon,from the critically acclaimed author of the library of legends comes a vividly rendered novel set in wwi france about two young womenone chinese one frenchwhose lives intersect with unexpected potentially dangerous consequences east meets west in world war i france in the porcelain moon janie chang exhibits her signature trademarkslyrical prose deftly drawn characters and skillful excavation of littleknown historyto give us a rare jewel in a sea of wartime fiction kate quinn new york times bestselling author france 1918 in the final days of the first world war a young chinese woman pauline deng runs away from her uncles home in paris to evade a marriage being arranged for her in shanghai to prevent the union she needs the help of her cousin theo who is working as a translator for the chinese labour corps in the french countryside in the town of noyellessurmer camille roussel is planning her escape from an abusive marriage and to end a love affair that can no longer continue when camille offers pauline a room for her stay the two women become friends but its not long before pauline uncovers a perilous secret that camille has been hiding from her as their dangerous situation escalates the two women are forced to make a terrible decision that will bind them together for the rest of their lives set against the littleknown history of the 140000 chinese workers brought to europe as noncombatant labor during wwi the porcelain moon is a tale of forbidden love identity and belonging and what we are willing to risk for freedom,historical fiction,2023,janie chang,critically acclaimed author library legend come vividly rendered novel set wwi france two young womenone chinese one frenchwhose life intersect unexpected potentially dangerous consequence east meet west world war france porcelain moon janie chang exhibit signature trademarkslyrical prose deftly drawn character skillful excavation littleknown historyto give u rare jewel sea wartime fiction kate quinn new york time bestselling author france 1918 final day first world war young chinese woman pauline deng run away uncle home paris evade marriage arranged shanghai prevent union need help cousin theo working translator chinese labour corp french countryside town noyellessurmer camille roussel planning escape abusive marriage end love affair longer continue camille offer pauline room stay two woman become friend long pauline uncovers perilous secret camille hiding dangerous situation escalates two woman forced make terrible decision bind together rest life set littleknown history 140000 chinese worker brought europe noncombatant labor wwi porcelain moon tale forbidden love identity belonging willing risk freedom
mr timothy,in louis bayards brilliantly imagined novel tiny tim of christmas carol fame has cast his crutches aside determined to cut his financial ties to his uncle ebenezer he now spends his nights dredging the thames for dead bodies and the treasure hidden in their pockets one day he comes across a girls body branded with a mysterious g then he finds another girl with a similar brand  but she is still alive determined to protect philomela and get to the bottom of the mystery tim embarks on an astonishing adventure    with wonderful characters a compelling plot and the vivid atmosphere of victorian london this pageturner is gripping from beginning to end,historical fiction,2005,louis bayard,louis bayard brilliantly imagined novel tiny tim christmas carol fame cast crutch aside determined cut financial tie uncle ebenezer spends night dredging thames dead body treasure hidden pocket one day come across girl body branded mysterious g find another girl similar brand still alive determined protect philomela get bottom mystery tim embarks astonishing adventure wonderful character compelling plot vivid atmosphere victorian london pageturner gripping beginning end
the return of absent souls,in this stunning conclusion to the after the rift series josie and her friends return home to find glancia on the brink of war and their enemies in power with political machinations and court intrigue bringing danger at every turn they must tread carefully but being careful wont bring resolutions and answers it wont bring back lost memories or stop the nation hurtling into war the only thing that can make everything right is the ultimate sacrifice but will josie make it at the heart of it all is the magic that stole the memories of so many the magic that some people will do anything to get their hands on in a palace full of lies and betrayal josie and her friends must be careful who they trust  or suffer the consequences the return of absent souls is the final book in the after the rift series the books in order are 1 the palace of lost memories 2 the echo of broken dreams 3 the whisper of silenced voices 4 the temple of forgotten secrets 5 the prison of buried hopes 6 the return of absent souls,historical fiction,2020,c j archer,stunning conclusion rift series josie friend return home find glancia brink war enemy power political machination court intrigue bringing danger every turn must tread carefully careful wont bring resolution answer wont bring back lost memory stop nation hurtling war thing make everything right ultimate sacrifice josie make heart magic stole memory many magic people anything get hand palace full lie betrayal josie friend must careful trust suffer consequence return absent soul final book rift series book order 1 palace lost memory 2 echo broken dream 3 whisper silenced voice 4 temple forgotten secret 5 prison buried hope 6 return absent soul
the lady of abu simbel,despite the tremendous shock of the battle of kadesh ramses has not managed to bring the formidable hittite might to its knees rather than continue the struggle he decides to engage in negotiations at the same time he promise nefertati that two temples will be built at abu simbel,historical fiction,2000,christian jacq,despite tremendous shock battle kadesh ramses managed bring formidable hittite might knee rather continue struggle decides engage negotiation time promise nefertati two temple built abu simbel
the keeners,it is the first year of the potato famine ireland is dying margaret meehan who keens for the dead cannot keen for an entire country however with her young husband now wanted for murder she sets out for a new life in america and discovers the true soul of ireland,historical fiction,2004,maura d shaw,first year potato famine ireland dying margaret meehan keen dead keen entire country however young husband wanted murder set new life america discovers true soul ireland
surf smugglers,in the summer of 1917 us troops join the allied forces in the great war back in sunset cove oregon other battles wage anna mcdowell continues to fight old fashioned stereotypes as she runs a newspaper committed to truth despite opposition shes determined to expose ongoing rumrunning and prohibition lawlessness adding to annas frustrations her good friend dr daniel seems to run hot and cold he loves oregon and maybe anna too but hes pulled by his east coast family responsibilities even the lure of a new modern sunset cove hospital doesnt seem enough to keep him in sunset cove meanwhile annas strongwilled daughter katy continues to develop her dress shop by inviting family friend sarah rose to help out but the womans presence tests the small towns tolerance and annas concern that her daughter is growing up too fast is confirmed when katys romantic life takes an unexpected turn which anna fears is influenced by the pressure of a devastating war that is not only changing the entire world but sunset cove as well,historical fiction,2019,melody carlson,summer 1917 u troop join allied force great war back sunset cove oregon battle wage anna mcdowell continues fight old fashioned stereotype run newspaper committed truth despite opposition shes determined expose ongoing rumrunning prohibition lawlessness adding anna frustration good friend dr daniel seems run hot cold love oregon maybe anna he pulled east coast family responsibility even lure new modern sunset cove hospital doesnt seem enough keep sunset cove meanwhile anna strongwilled daughter katy continues develop dress shop inviting family friend sarah rose help woman presence test small town tolerance anna concern daughter growing fast confirmed katys romantic life take unexpected turn anna fear influenced pressure devastating war changing entire world sunset cove well
the conspiracy of evil,despite the best efforts of the pharaoh senusret and his generals the beautiful acacia tree of abydos is dying but the beautiful priestess isis has an idea to save the tree of life a new pyramid must be built in honour of osiris senusret agrees to the plan  but what the pharaoh doesnt know is that a triple conspiracy has been hatched against him on the one hand the herald the bearded devil who preaches to the desert tribes has decided to seize power by having the pharaoh murdered on the other within senusrets own court an ambitious thieving traitor is plotting to get rid of his master finally iker the scribe deceived by appearances believes that the time has come to settle his scores never has the pharaoh seemed so alone or so vulnerable and never before has the future of egypt been in such great peril,historical fiction,2006,christian jacq,despite best effort pharaoh senusret general beautiful acacia tree abydos dying beautiful priestess isi idea save tree life new pyramid must built honour osiris senusret agrees plan pharaoh doesnt know triple conspiracy hatched one hand herald bearded devil preaches desert tribe decided seize power pharaoh murdered within senusrets court ambitious thieving traitor plotting get rid master finally iker scribe deceived appearance belief time come settle score never pharaoh seemed alone vulnerable never future egypt great peril
the dukes princess bride,born to an indian maharaja and a british noblewoman princess sarani rao has it all beauty riches and a crown but when saranis father is murdered her only hope is the next ship outcaptained by the boy she once lovedand spurned captain rhystan huntley the reluctant duke of embry is loath to give up his life at sea but duty is calling him home and this is his final voyage leave it to fate that the one woman hes ever loved must escape to england on his ship the dukes princess bridecame along just when i needed it most theres starcrossed swoony steamy love true to the genrebut theres also a subtle searing focus on racism colorism and what it means to belong that is rare for a historical romance which elevates it to a unique and truly resonant readjodi picoult new york timesbestselling author,historical fiction,2021,amalie howard,born indian maharaja british noblewoman princess sarani rao beauty rich crown saranis father murdered hope next ship outcaptained boy lovedand spurned captain rhystan huntley reluctant duke embry loath give life sea duty calling home final voyage leave fate one woman he ever loved must escape england ship duke princess bridecame along needed there starcrossed swoony steamy love true genrebut there also subtle searing focus racism colorism mean belong rare historical romance elevates unique truly resonant readjodi picoult new york timesbestselling author
the sugar palace,under the clamour of the sydney harbour bridge being built nearby grace fairweather is working in her fathers grocery shop in the rocks when she begins making her own confectionery her colourful creations of toffees lollies and chocolates soon become crowd favourites and grace begins to dream of one day opening her own sweetshop when the roguish but irresistible londoner alfie sweeting comes to work for the fairweathers his ambition for her success thrills her with graces natural business acumen and alfies creative sales skills it seems like they could be the perfect pairing  in work and in love  but when alfies criminal past catches up with him both their lives come under threat and grace is forced to make the most difficult decision of all,historical fiction,2023,fiona mcintosh,clamour sydney harbour bridge built nearby grace fairweather working father grocery shop rock begin making confectionery colourful creation toffee lolly chocolate soon become crowd favourite grace begin dream one day opening sweetshop roguish irresistible londoner alfie sweeting come work fairweathers ambition success thrill grace natural business acumen alfies creative sale skill seems like could perfect pairing work love alfies criminal past catch life come threat grace forced make difficult decision
a woman of substance,dynastic saga,historical fiction,1979,barbara taylor bradford,dynastic saga
stork bite,from the novel everything has to be reconciled eventually caddo parish 1913 on an october morning a klansman confronts seventeenyearold david walker at a hidden oxbow lake where he has gone to hunt david accidentally kills the man and hides the crime his determination to protect his family from reprisal drives him far from home and into manhood shreveport 1927 cargie rhymes with margie barre and mae compton are two vastly different young women but both are defying convention to reach for their dreams the men in cargies and maes lives help and hinder them in more ways than one after years in hiding david walker finally resurfaces and we discover the past is never as far from the present as it seems,historical fiction,2020,l k simonds,novel everything reconciled eventually caddo parish 1913 october morning klansman confronts seventeenyearold david walker hidden oxbow lake gone hunt david accidentally kill man hide crime determination protect family reprisal drive far home manhood shreveport 1927 cargie rhyme margie barre mae compton two vastly different young woman defying convention reach dream men cargies maes life help hinder way one year hiding david walker finally resurfaces discover past never far present seems
the story spinner,from the sunday times bestselling author of lady of hay comes this stunning new novel barbara erskine returns with a thrilling new novel in 2024 the legends of wales have been lost to the pages of time silures 384 ad elen is a princess promised to the emperor of rome he had come to wales to find a bride or thats what legend tells camp meadow 2024 cadi is a writer who has discovered elens lost story as she puts pen to paper cadi uncovers her cottage neighbours an ancient meadow she is convinced she can hear soldiers marching  the echoes of time lingering on opening the gate to the meadow behind her house the story is about to begin,historical fiction,2024,barbara erskine,sunday time bestselling author lady hay come stunning new novel barbara erskine return thrilling new novel 2024 legend wale lost page time silures 384 ad elen princess promised emperor rome come wale find bride thats legend tell camp meadow 2024 cadi writer discovered elens lost story put pen paper cadi uncovers cottage neighbour ancient meadow convinced hear soldier marching echo time lingering opening gate meadow behind house story begin
the whisper of silenced voices,the 3rd book in the after the rift fantasy series by bestselling author cj archer,historical fiction,2019,c j archer,3rd book rift fantasy series bestselling author cj archer
fortunes favourites,epic historical novel third in the ancient roman series following the first man in rome 1990 and the glass crown 1991 in retelling the story of spartacus and his doomed slave revolt there are interwoven the exploits of sulla the dictator pompey the descendant of an immensely powerful provincial family and the blossoming of gals julius caesar which leads to his supreme position in roman politics the author is wellknown internationally and her publications include the thorn birds and an indecent obsession,historical fiction,1993,colleen mccullough,epic historical novel third ancient roman series following first man rome 1990 glass crown 1991 retelling story spartacus doomed slave revolt interwoven exploit sulla dictator pompey descendant immensely powerful provincial family blossoming gal julius caesar lead supreme position roman politics author wellknown internationally publication include thorn bird indecent obsession
iron ties,in the sequel to silver lies as inez stannert struggles to deal with her shaky partnership in leadvilles silver queen saloon a missing husband and a child still back east president ulysses s grant prepares to make an appearance to celebrate the coming of the railroad but old enemies general lawlessness and ruthless competitors could ruin everything mystery  detective,historical fiction,2006,ann parker,sequel silver lie inez stannert struggle deal shaky partnership leadvilles silver queen saloon missing husband child still back east president ulysses grant prepares make appearance celebrate coming railroad old enemy general lawlessness ruthless competitor could ruin everything mystery detective
shaking tent,shaking tent by anne michael is a historical fiction based on true events and inspired by a personal photograph taken by the authorthe story will make your cry make you mad and make your heart swell with pride in this historical novel the heroine bexley hargrove mirrors the erin brockovichsherlock holmestype efforts to search out the truth in a culture known to only a few through the mystical world of the first nations culture believing in the little people who roam the hoodoos and the fairies who live in the trees through emotional heartache and a budding love story intense family loyalty and love for the fellow man evolves in a story that keeps you guessing the story pulls you into a world unknown by mostremoteunderprivileged and beyond imagination but what exists for the people is cherished the emotional grit and tenacity of the characters succeed in winning victory for the victims at hand but there remains ongoing concerns for mankind bexley hargrove is a successful corporate lawyer at a prestigious law firm in chicago who teams up with a canadian law firm fighting for the rights of a twelve year old greatgranddaughter whose life is in limbo after her parents death the onehundredyear old greatgrandfathers claim to her guardianship is questioned after he contracts a rare cancer unexpected family reunions unveil deep secrets harbored for nearly a century as the lives of these people become entrenched in the largest class action lawsuit ever awarded in canada while a second lawsuit is about to go public this endearing story surprises the reader as the characters develop what seems to be isnt and what isnt seems to beuntil you follow the tale as it blooms and unfolds in unexpected ways the double jeopardy of the first nations people based on the irssa award and current protests of the alberta oil sands projects tug at your heartstrings the story culminates in a beautiful ending just when the reader thinks he has figured out the story something else happensa thrilling plot from beginning to end an amazing set of circumstances that should enlighten mankind to the truth of what was and what could be the tale was first inspired by a single photograph taken by the author in 1979 and further motivated by an event in 2016 when a half billion fish went belly up in the waters around chicago the author includes the emotional gutwrenching apologies of the pope the government of canada and many other religious faiths and leaves the reader wanting to do something anything to further the causes the story will make your cry make you mad and make your heart swell with pride,historical fiction,2017,anne michael,shaking tent anne michael historical fiction based true event inspired personal photograph taken authorthe story make cry make mad make heart swell pride historical novel heroine bexley hargrove mirror erin brockovichsherlock holmestype effort search truth culture known mystical world first nation culture believing little people roam hoodoo fairy live tree emotional heartache budding love story intense family loyalty love fellow man evolves story keep guessing story pull world unknown mostremoteunderprivileged beyond imagination exists people cherished emotional grit tenacity character succeed winning victory victim hand remains ongoing concern mankind bexley hargrove successful corporate lawyer prestigious law firm chicago team canadian law firm fighting right twelve year old greatgranddaughter whose life limbo parent death onehundredyear old greatgrandfathers claim guardianship questioned contract rare cancer unexpected family reunion unveil deep secret harbored nearly century life people become entrenched largest class action lawsuit ever awarded canada second lawsuit go public endearing story surprise reader character develop seems isnt isnt seems beuntil follow tale bloom unfolds unexpected way double jeopardy first nation people based irssa award current protest alberta oil sand project tug heartstrings story culminates beautiful ending reader think figured story something else happensa thrilling plot beginning end amazing set circumstance enlighten mankind truth could tale first inspired single photograph taken author 1979 motivated event 2016 half billion fish went belly water around chicago author includes emotional gutwrenching apology pope government canada many religious faith leaf reader wanting something anything cause story make cry make mad make heart swell pride
martin farrell,at a time when scotland is ruled by feuding families violence and superstition are rife when martin farrell a poor peatcutters son finds he is the joint heir of the two most powerful families in the land he is caught up in their bloody hatred,historical fiction,1994,janni howker,time scotland ruled feuding family violence superstition rife martin farrell poor peatcutters son find joint heir two powerful family land caught bloody hatred
middlemarch,one of the most accomplished and prominent novels of the victorian era middlemarch is an unsurpassed portrait of nineteenthcentury english provincial life dorothea brooke is a young woman of fervent ideals who yearns to effect social change yet faces resistance from the society she inhabits in this epic in a small landscape eliots large cast of precisely delineated characters and the rich tapestry of their stories result in a wise compassionate and astute vision of human nature as virginia woolf declared george eliot was one of the first english novelists to discover that men and women think as well as feel and the discovery was of great artistic moment,historical fiction,1964,george eliot,one accomplished prominent novel victorian era middlemarch unsurpassed portrait nineteenthcentury english provincial life dorothea brooke young woman fervent ideal yearns effect social change yet face resistance society inhabits epic small landscape eliot large cast precisely delineated character rich tapestry story result wise compassionate astute vision human nature virginia woolf declared george eliot one first english novelist discover men woman think well feel discovery great artistic moment
angels in the gloom,its march 1916 and joseph reavley stumbling across the wastes of no mans land to rescue a comrade is badly wounded sent home on sick leave he finds recovery slow and hard his sister hannah is caring for him but he cant share the grim reality of life in the trenches with her  anxious as she is about archie her husband away at sea war is changing england at a pace that hannah finds alarming and she wonders if the old certainties will ever return but its a delight to both her and joseph when shanley corcoran an old friend comes to visit corcoran confides in joseph that hes come very close to completing an invention that will paralyse the deadly german uboats soon afterwards however disaster strikes a brilliant young scientist is found murdered and its clear that someone has been betraying secrets to the enemy josephs brother matthew of the sis comes down to investigate and together the two men embark on a search that will solve the crime and lead them to the spy,historical fiction,2005,anne perry,march 1916 joseph reavley stumbling across waste man land rescue comrade badly wounded sent home sick leave find recovery slow hard sister hannah caring cant share grim reality life trench anxious archie husband away sea war changing england pace hannah find alarming wonder old certainty ever return delight joseph shanley corcoran old friend come visit corcoran confides joseph he come close completing invention paralyse deadly german uboats soon afterwards however disaster strike brilliant young scientist found murdered clear someone betraying secret enemy joseph brother matthew si come investigate together two men embark search solve crime lead spy
desired by the dukethe dukes unexpected bridehigh seas to high society,the dukes unexpected bride  lara temple sophie trevelyan has been enjoying her visit to london even if her closest companion is an overweight pug then she encounters the dashing duke of harcourt who intrigues her more than is strictly proper max knows he must marry hes looking for the opposite of his highspirited fiancée who died some years ago so he tries to keep his distance from bubbly sophie but when her life is endangered max feels compelled to rescue herwith a very unexpected proposal high seas to high society  sophia james asher wellingham duke of carisbrook was captivated by her he had happened upon lady emma seaton swimming naked and beyond her beauty had seen the deep curling scar on her thigh  a wound that could only be the mark of a sword who was this creature of contradictions something about her brought back tantalizing memories from the past her illfitting threadbare clothes concealed the body of an angel but what kind of woman truly lay behind her refined mask highborn lady or artful courtesan she intrigued him and asher wanted to possess both,historical fiction,2021,sophia james lara temple,duke unexpected bride lara temple sophie trevelyan enjoying visit london even closest companion overweight pug encounter dashing duke harcourt intrigue strictly proper max know must marry he looking opposite highspirited fiancée died year ago try keep distance bubbly sophie life endangered max feel compelled rescue herwith unexpected proposal high sea high society sophia james asher wellingham duke carisbrook captivated happened upon lady emma seaton swimming naked beyond beauty seen deep curling scar thigh wound could mark sword creature contradiction something brought back tantalizing memory past illfitting threadbare clothes concealed body angel kind woman truly lay behind refined mask highborn lady artful courtesan intrigued asher wanted possess
his substitute wife,a convenient marriage blake latherop needs a wife in order to keep his business and his betrothed has apparently eloped with another man so when his fiancées sister audrey prescott steps off the train in whisper creek offering to be his bride hes in no position to refuse but its hardly the marriage he had in mind audrey knows she shouldnt have answered blakes letters in her sisters namebut she couldnt bring herself to tell him of his fiancées betrayal now the only way to fix things is through a temporary marriage but as she comes to love her new life in the west audrey dreads the day blake finds another solution to their situation because what started as a marriage of convenience has become so much more for her,historical fiction,2017,dorothy clark,convenient marriage blake latherop need wife order keep business betrothed apparently eloped another man fiancées sister audrey prescott step train whisper creek offering bride he position refuse hardly marriage mind audrey know shouldnt answered blake letter sister namebut couldnt bring tell fiancées betrayal way fix thing temporary marriage come love new life west audrey dread day blake find another solution situation started marriage convenience become much
the fallen woman,botanical artist jane saville is devastated when her manipulative mother banishes her to the countryside to protect someone elses honour isolated far from home she is forced to live an impoverished secretive life to save the family from public shame guy attwood is heir to a fortune but prefers his quiet passion for rareapple hunting on behalf of royal kew gardens to building the familys business empire he sets out to find a critically endangered apple species that he dreams of gifting and renaming for his friend the soontobe coronated george v when the paths of these people from two very different worlds collide jane begins to hope for a different future but their new friendship is shattered by jealousy misunderstanding duty and treachery a young boy will inspire jane to defy the powers working against her and prove she is no woman to be outcast set in the picturesque english countryside in a forgotten orchard and beneath the ancient spire of salisbury cathedral this is a heartwrenching story about a woman who finds that in her darkest hour she can harness her greatest strength,historical fiction,2024,fiona mcintosh,botanical artist jane saville devastated manipulative mother banishes countryside protect someone elses honour isolated far home forced live impoverished secretive life save family public shame guy attwood heir fortune prefers quiet passion rareapple hunting behalf royal kew garden building family business empire set find critically endangered apple specie dream gifting renaming friend soontobe coronated george v path people two different world collide jane begin hope different future new friendship shattered jealousy misunderstanding duty treachery young boy inspire jane defy power working prove woman outcast set picturesque english countryside forgotten orchard beneath ancient spire salisbury cathedral heartwrenching story woman find darkest hour harness greatest strength
the strangled queen,this was the original game of thrones george rr martin the king is dead long live the king philip iv is dead and his great kingdom is in disarray it seems the fatal curse of the templars is plaguing the royal house of france his son has been enthroned as louis x but with his disgraced wife marguerite imprisoned in the chateau gaillard for her adultery louis can produce no heir with which to secure the succession but neither can he marry again while she lives the web of scandal murder and intrigue that once wove itself around the court of the iron king continues to draw in his descendants as the destruction of his dynasty continues apace,historical fiction,2013,maurice druon,original game throne george rr martin king dead long live king philip iv dead great kingdom disarray seems fatal curse templar plaguing royal house france son enthroned louis x disgraced wife marguerite imprisoned chateau gaillard adultery louis produce heir secure succession neither marry life web scandal murder intrigue wove around court iron king continues draw descendant destruction dynasty continues apace
the resistance girl,the next gripping and emotional world war ii historical fiction read from international bestseller mandy robotham,historical fiction,2022,mandy robotham,next gripping emotional world war ii historical fiction read international bestseller mandy robotham
the paris deception,sophie dix fled stuttgart with her brother as the nazi regime gained power in germany now with her brother gone and her adopted home city of paris conquered by the reich sophie reluctantly accepts a position restoring damaged art at the jeu de paume museum under the supervision of the err  a german art commission using the museum as a repository for art theyve looted from jewish families,historical fiction,2023,bryn turnbull,sophie dix fled stuttgart brother nazi regime gained power germany brother gone adopted home city paris conquered reich sophie reluctantly accepts position restoring damaged art jeu de paume museum supervision err german art commission using museum repository art theyve looted jewish family
warriors of god,the second volume of the hussite trilogy by the new york times bestselling author of the witcher takes reynevan  scoundrel magician possibly a fool  into the depths of war as he attempts to navigate the religious fervors of the fifteenth century when the hussite leaders entrust reynevan with a dangerous secret mission he is forced to come out of hiding in bohmeia and depart for silesia at the same time he strives to avenge the death of his brother and discover the whereabouts of his beloved once again pursued by multiple enemies he must contend with danger on every front full of gripping action replete with twists and mysteries seasoned with magic and sapkowskis everpresent wit fans of the witcher will appreciate this rich historical epic set during the hussite wars praise for the the tower of fools book one of the hussite trilogy this is historical fantasy done right publishers weekly starred review a fantastic novel that any fan of the witcher will instantly appreciate the gamer a ripping yarn delivered with worldweary wit bursting at the seams with sex death magic and madness joe abercrombie sapkowskis energetic and satirical prose as well as the unconventional setting makes this a highly enjoyable historical fantasy booklist also by andrzej sapkowski the hussite trilogy the tower of fools warriors of god witcher collections the last wish sword of destiny witcher novels blood of elves the time of contempt baptism of fire the tower of swallows lady of the lake season of storms the malady and other stories an andrzej sapkowski sampler eonly translated by david french,historical fiction,2021,andrzej sapkowski,second volume hussite trilogy new york time bestselling author witcher take reynevan scoundrel magician possibly fool depth war attempt navigate religious fervor fifteenth century hussite leader entrust reynevan dangerous secret mission forced come hiding bohmeia depart silesia time strives avenge death brother discover whereabouts beloved pursued multiple enemy must contend danger every front full gripping action replete twist mystery seasoned magic sapkowskis everpresent wit fan witcher appreciate rich historical epic set hussite war praise tower fool book one hussite trilogy historical fantasy done right publisher weekly starred review fantastic novel fan witcher instantly appreciate gamer ripping yarn delivered worldweary wit bursting seam sex death magic madness joe abercrombie sapkowskis energetic satirical prose well unconventional setting make highly enjoyable historical fantasy booklist also andrzej sapkowski hussite trilogy tower fool warrior god witcher collection last wish sword destiny witcher novel blood elf time contempt baptism fire tower swallow lady lake season storm malady story andrzej sapkowski sampler eonly translated david french
paper sparrow,paper sparrow is a historical novel inspired by reallife events australia 19431955 peggy is born to circumstances that deny her opportunities afforded to others at thirteen she is forced to work as a nursing aide in a home for the elderly aged fourteen she is drugged raped and pregnant peggys dark journey reveals a massive baby farming industry untold sufferings and lifelong consequences to thousands of postwwii victimssingle women their babies are the stolen white generation peggy meets peter a man of the cloth bineham a master of chinese psychology and lily a welfare officer fighting for social justice they foster her potential and lighten her journey peggys baby is kidnapped from the birthing table and sold to a ruthless couple peggy incites reform through civil society to end social prejudice against single mothers and their children fortune brings work in the fashion industry and a scholarship that will lead to a career in live theatre a heartrending meeting with her child and a sordid society party meant to launch her in the miss australia quest destroy her will to live yet peggy miraculously survives a deepsea baptism and finds the strength to promote benevolence communication and beauty,historical fiction,2021,magda palmer,paper sparrow historical novel inspired reallife event australia 19431955 peggy born circumstance deny opportunity afforded others thirteen forced work nursing aide home elderly aged fourteen drugged raped pregnant peggys dark journey reveals massive baby farming industry untold suffering lifelong consequence thousand postwwii victimssingle woman baby stolen white generation peggy meet peter man cloth bineham master chinese psychology lily welfare officer fighting social justice foster potential lighten journey peggys baby kidnapped birthing table sold ruthless couple peggy incites reform civil society end social prejudice single mother child fortune brings work fashion industry scholarship lead career live theatre heartrending meeting child sordid society party meant launch miss australia quest destroy live yet peggy miraculously survives deepsea baptism find strength promote benevolence communication beauty
one little sin,sir alasdair maclachlan is a dashing manabouttown and his rakish behaviour towards women have gained him a notorious reputation but now his cavalier past is about to catch up on him when a beautiful stranger turns up on his doorstep complete with a basket full of surprises,historical fiction,2007,liz carlyle,sir alasdair maclachlan dashing manabouttown rakish behaviour towards woman gained notorious reputation cavalier past catch beautiful stranger turn doorstep complete basket full surprise
the deep enders deadline,dive into the heart of a cutthroat town in dave reardons detective fiction story that is full of mystery action and unbreakable bonds,historical fiction,2024,dave reardon,dive heart cutthroat town dave reardons detective fiction story full mystery action unbreakable bond
rainbows on the moon,a young missionary sent to hawaii with her new husband to convert the natives emily stone fights her developing feelings toward a handsome captain stationed there and makes friends with chiefess pua and her daughter mahina until a tragedy forces her to leave,historical fiction,2014,barbara wood,young missionary sent hawaii new husband convert native emily stone fight developing feeling toward handsome captain stationed make friend chiefess pua daughter mahina tragedy force leave
the adventurer,the latest romance from this author follows the fortunes of a man determined to raise himself above the drudgery of a ninetofive job when he accidentally overhears about the death of the only son of a wealthy financier he takes fate into his own hands and goes to offer his condolences from the author of the mask of love,historical fiction,1997,barbara cartland,latest romance author follows fortune man determined raise drudgery ninetofive job accidentally overhears death son wealthy financier take fate hand go offer condolence author mask love
orchids and diamonds,begining her career at the house of landell in 1907 paris juliette meets and falls in love with nikolai karasvin a russian count pursuing a career as a sculptor but they are soon separated by world war i,historical fiction,1995,rosalind laker,begining career house landell 1907 paris juliette meet fall love nikolai karasvin russian count pursuing career sculptor soon separated world war
the gates of hell,a campaign of murder as alexander nears his greatest challenge it is 334bc alexander and his troops have crossed into asia and shattered the persian army at the battle of the granicus marching south he has conquered all in his path including the great city of ephesus but he knows and his enemies know that the great prize is the city of halicarnassus strategically important and with fortifications to make any attacker despair alexander by now known as great besieger of cities must take halicarnassus the city has a link with his own past his difficult relationship with his father he needs to prove something to himself the cities commanders alexanders old enemy memnon of rhodes the persian orontobates and the greek renegade ephialtes plot to ensure that alexander will meet his nemesis at their gates fortifications are redoubled and a trap is prepared this time surely they will bring down the macedonian wolf and bring his dreams of conquest to nothing alexanders court is set up close to the city and his physician and boyhood friend telamon is there even as alexander brings up his troops for one of the most dramatic confrontations in the ancient world a s,historical fiction,2003,p c doherty,campaign murder alexander nears greatest challenge 334bc alexander troop crossed asia shattered persian army battle granicus marching south conquered path including great city ephesus know enemy know great prize city halicarnassus strategically important fortification make attacker despair alexander known great besieger city must take halicarnassus city link past difficult relationship father need prove something city commander alexander old enemy memnon rhodes persian orontobates greek renegade ephialtes plot ensure alexander meet nemesis gate fortification redoubled trap prepared time surely bring macedonian wolf bring dream conquest nothing alexander court set close city physician boyhood friend telamon even alexander brings troop one dramatic confrontation ancient world
city of spies,foyles war meets the bletchley circle in this thriller where no one is who they claim to be,historical fiction,2020,mara timon,foyles war meet bletchley circle thriller one claim
the henna artist,escaping from an abusive marriage seventeenyearold lakshmi makes her way alone to the vibrant 1950s pink city of jaipur there she becomes the most highly requested henna artist  and confidante  to the wealthy women of the upper class but trusted with the secrets of the wealthy she can never reveal her ownknown for her original designs and sage advice lakshmi must tread carefully to avoid the jealous gossips who could ruin her reputation and her livelihood as she pursues her dream of an independent life she is startled one day when she is confronted by her husband who has tracked her down these many years later with a highspirited young girl in tow  a sister lakshmi never knew she had suddenly the caution that she has carefully cultivated as protection is threatened still she perseveres applying her talents and lifting up those that surround her as she doespublisher description,historical fiction,2021,alka joshi,escaping abusive marriage seventeenyearold lakshmi make way alone vibrant 1950s pink city jaipur becomes highly requested henna artist confidante wealthy woman upper class trusted secret wealthy never reveal ownknown original design sage advice lakshmi must tread carefully avoid jealous gossip could ruin reputation livelihood pursues dream independent life startled one day confronted husband tracked many year later highspirited young girl tow sister lakshmi never knew suddenly caution carefully cultivated protection threatened still perseveres applying talent lifting surround doespublisher description
the long drop, daily telegraphscotland on sunday,historical fiction,2017,denise mina,daily telegraphscotland sunday
all souls rising,the 1791 revolt against the french in haiti through the eyes of the parties in the conflict mulattos blacks and whites the protagonists include its tragic leader the aristocratic toussaint louverture who refused to declare independence from france a tale of burning plantations massacres and byzantine politics,historical fiction,1995,madison smartt bell,1791 revolt french haiti eye party conflict mulatto black white protagonist include tragic leader aristocratic toussaint louverture refused declare independence france tale burning plantation massacre byzantine politics
the girl from the channel islands,new york times bestseller  inspired by the true story of a young jewish girl  hedy bercu  who fled to jersey from vienna only to find herself trapped on the island during the german occupation,historical fiction,2021,jenny lecoat,new york time bestseller inspired true story young jewish girl hedy bercu fled jersey vienna find trapped island german occupation
twobits,they said he was not worth twobits a mere quarter of a dollar but to those who came to know him he proved that he was worth far morethe story  the life of a cavalry horse was not an easy one twobits and other horses like him shared hard service and danger with the soldiers who rode them those men fortunate enough to ride twobits soon became aware that he was a different kind of horse a special horse a horse they could trust with their lives his courage and loyalty saved his riders more than once soldiers of all ranks came to rely on him in times of danger he never failed them they never forgot himthe history  twobits was a real cavalry horse during his career he served with the regiment of mounted riflemen the third united states cavalry regiment the first regiment of new mexico cavalry and lastly as an officers mount in the fifth united states infantry with the exception of a few horses of famous generals the service of the millions of other horses was seldom recorded unless they performed an outstanding feat twobits was an exception because he demonstrated remarkable qualities and performed amazing exploits throughout his service his last owner lieutenant charles albert curtis recognized twobitss special qualities and recorded his story few others can match itbook extra  includes the original november 1889 st nicholas childrens magazine article by captain curtis that inspired this book,historical fiction,2013,robert j trout,said worth twobits mere quarter dollar came know proved worth far morethe story life cavalry horse easy one twobits horse like shared hard service danger soldier rode men fortunate enough ride twobits soon became aware different kind horse special horse horse could trust life courage loyalty saved rider soldier rank came rely time danger never failed never forgot himthe history twobits real cavalry horse career served regiment mounted rifleman third united state cavalry regiment first regiment new mexico cavalry lastly officer mount fifth united state infantry exception horse famous general service million horse seldom recorded unless performed outstanding feat twobits exception demonstrated remarkable quality performed amazing exploit throughout service last owner lieutenant charles albert curtis recognized twobitss special quality recorded story others match itbook extra includes original november 1889 st nicholas childrens magazine article captain curtis inspired book
the lady from burma,in allison montclairs the lady from burma murder once again stalks the proprietors of the right sort marriage bureau in the surprisingly dangerous landscape of postworld war ii london,historical fiction,2023,allison montclair,allison montclairs lady burma murder stalk proprietor right sort marriage bureau surprisingly dangerous landscape postworld war ii london
take heart,halley st john was thrilled when she inherited a ranch in wilder wyoming the penniless exsocialite was in dire straits and knew the ranch was her only life but life on the rough frontier is harder than halley expectedespecially when some of the locals try to drive her out of town soon halley proves her mettle with the men in town by refusing to buckle under their pressureand gains the respect of a handsome rancher in the process,historical fiction,1996,lisa higdon,halley st john thrilled inherited ranch wilder wyoming penniless exsocialite dire strait knew ranch life life rough frontier harder halley expectedespecially local try drive town soon halley prof mettle men town refusing buckle pressureand gain respect handsome rancher process
the valley of death,during the crimean war renowned as one of the most brutal and bloody conflicts of the nineteenth century sergeant jack crossman is part of the proud 88th regiment the connaught rangers tough shrewd and skilful he is singled out to go on a secret mission to undermine the russian defenses in the besieged city of sebastopol almost killed in his attempt he returns just in time to take his place in the thin red line at the battle of balaclava where he will witness the tragic and hopeless charge of the light brigade,historical fiction,1999,garry douglas,crimean war renowned one brutal bloody conflict nineteenth century sergeant jack crossman part proud 88th regiment connaught ranger tough shrewd skilful singled go secret mission undermine russian defense besieged city sebastopol almost killed attempt return time take place thin red line battle balaclava witness tragic hopeless charge light brigade
summer at mount hope,from the bestselling author of the dressmaker now a major motion picture starring kate winslet in cinemas october 2015 phoeba crupp is a young woman who lives with her parents and sister on a small farm near geelong in the 1890s her father is an eccentric exaccountant who moved his family from the city in order to establish a vineyard a decision her mother bitterly  and loudly  resents while her sister makes a play for the local squatters son phoeba is content with her best friend harriet until circumstances push her towards the world of men and money like hams first novel the dressmaker summer at mount hope is a black comedy which also contains a more serious strand about the efforts of a woman a century ago to be free,historical fiction,2005,rosalie ham,bestselling author dressmaker major motion picture starring kate winslet cinema october 2015 phoeba crupp young woman life parent sister small farm near geelong 1890s father eccentric exaccountant moved family city order establish vineyard decision mother bitterly loudly resents sister make play local squatter son phoeba content best friend harriet circumstance push towards world men money like ham first novel dressmaker summer mount hope black comedy also contains serious strand effort woman century ago free
the rice kings book three,life and times of jonathan lucas i,historical fiction,2020,david henry lucas,life time jonathan lucas
the splintered kingdom,england 1070 renowned for his exploits the knight tancred has become a lord in his own right with men to command and a manor to call home on the turbulent welsh marches but his hardfought gains are soon placed in peril as the normans newly won kingdom falls under siege on all sides a coalition of enemies both old and new prepares to march and king williams fragile hold on england is brought to breaking point amidst the turmoil and with rivals seeking to undermine him tancred is chosen to lead an expedition deep into wales his sternest challenge yet it will be either his chance for glory or his undoing,historical fiction,2012,james aitcheson,england 1070 renowned exploit knight tancred become lord right men command manor call home turbulent welsh march hardfought gain soon placed peril norman newly kingdom fall siege side coalition enemy old new prepares march king williams fragile hold england brought breaking point amidst turmoil rival seeking undermine tancred chosen lead expedition deep wale sternest challenge yet either chance glory undoing
the sapphire child,in the dying days of the raj can paths divided by time and circumstance ever find each other again in 1930s northern india childhood friends stella and andrew have grown up together in the orbit of the majestic raj hotel spirited stella has always had a soft spot for boisterous andrew though she dreams of meeting a soulmate from outside the closeknit community but life is turned on its head when one scandal shatters their friendship and another sees her abandoned by the man she thought she loved as the second world war looms andrew joins the army to fight for freedom meanwhile in india stella reeling from her terrible betrayal also throws herself into the war effort volunteering for the womens auxiliary corps resigned to living a lonelier life than the one she dreamed of as a child when andrew returns to the east on the eve of battle with japan the two former friends are reunited though bitter experience has changed them can they rekindle what they once had or will war demand of their friendship the ultimate sacrifice,historical fiction,2020,janet macleod trotter,dying day raj path divided time circumstance ever find 1930s northern india childhood friend stella andrew grown together orbit majestic raj hotel spirited stella always soft spot boisterous andrew though dream meeting soulmate outside closeknit community life turned head one scandal shatters friendship another see abandoned man thought loved second world war loom andrew join army fight freedom meanwhile india stella reeling terrible betrayal also throw war effort volunteering womens auxiliary corp resigned living lonelier life one dreamed child andrew return east eve battle japan two former friend reunited though bitter experience changed rekindle war demand friendship ultimate sacrifice
a court of betrayal,anne obrien gets right inside the heads of her characters joanna hickson a terrific storyteller the daily telegraph alls fair in love and war the welsh marches 1301 strongwilled heiress johane de geneville is married to richard mortimer earl of march at just fifteen years old soon johane finds herself swept up in a world of treacherous court politics and dangerous secrets as her husband deposes edward ii and rules england alongside queen isabella yet when richard is accused of treason she is robbed of her freedom and must survive catastrophic events in her fight for justice  with her life and her childrens hanging in the balance will she pay for her husbands mistakes or will she manage to escape from a terrible fate,historical fiction,2024,anne obrien,anne obrien get right inside head character joanna hickson terrific storyteller daily telegraph alls fair love war welsh march 1301 strongwilled heiress johane de geneville married richard mortimer earl march fifteen year old soon johane find swept world treacherous court politics dangerous secret husband deposes edward ii rule england alongside queen isabella yet richard accused treason robbed freedom must survive catastrophic event fight justice life childrens hanging balance pay husband mistake manage escape terrible fate
the long shadow,in the morland dynasty series the majestic sweep of english history is richly and movingly portrayed through the fictional lives of the morland family it is 1670 and morland place has flourished under ralphs stewardship while annunciata is a great lady of the court splendid futures seem to be promised for her children but the religious rift opened by henry viii has never been fully healed and conflict resurfaces at the accession of the catholic james ii frightening times ensue when it is impossible to know who to trust annunciata herself is put on trial while jealousy betrayal and sudden death threaten her family and in the shadow of revolution comes a new love to annunciata one that can only lead to tragedy,historical fiction,1983,cynthia harrodeagles,morland dynasty series majestic sweep english history richly movingly portrayed fictional life morland family 1670 morland place flourished ralphs stewardship annunciata great lady court splendid future seem promised child religious rift opened henry viii never fully healed conflict resurfaces accession catholic james ii frightening time ensue impossible know trust annunciata put trial jealousy betrayal sudden death threaten family shadow revolution come new love annunciata one lead tragedy
yankee mission,1812 off the coast of brazil hms java a proud british 38gun frigate is captured in battle by the american uss constitution  signaling across the worlds oceans a challenge to britains naval premiership that cannot be ignored back in england captain sir thomas kydd is enjoying a moment of normal life with his wife and his newborn son with his thunderer in dock receiving some wellearned repairs he is momentarily without a command its a position the admiralty does not leave him in for long and he is soon given a mission engage the young republic in a fair fight frigate against frigate and restore the navys reputation and they have just the ship and crew for him    tyger but on reaching the us east coast kydd and his trusted tygers realizes that the hardest part of their mission will be drawing out one of the yankee menowar to engage in battle  especially once the americans get wind of his purpose its a tall order requiring every ounce of the crews guile and persistence  and when fortune turns against them kydd finds not only his career but his life hanging in the balance,historical fiction,2023,julian stockwin,1812 coast brazil hm java proud british 38gun frigate captured battle american us constitution signaling across world ocean challenge britain naval premiership ignored back england captain sir thomas kydd enjoying moment normal life wife newborn son thunderer dock receiving wellearned repair momentarily without command position admiralty leave long soon given mission engage young republic fair fight frigate frigate restore navy reputation ship crew tyger reaching u east coast kydd trusted tygers realizes hardest part mission drawing one yankee menowar engage battle especially american get wind purpose tall order requiring every ounce crew guile persistence fortune turn kydd find career life hanging balance
lost seeds,shaped by the ghost of their parents former enslavement two brothers dub and tim must decideconfront the past or suffer the consequences forever in this riveting continuation of the brisco family saga brothers dub and tim strive to persevere against their early 1900s postslavery beginningsclashing with their history of family trauma and their different coping mechanisms for living in a world that doesnt accept them while dub becomes a respected coal miner and finds prosperity for his family tim continues a slow descent into a fog of psychosis alcoholism and perpetual joblessnessforced to live an isolated existence on dubs property despite his desire for deeper connection when the ultimate tragedy strikes and the family is forced to confront the deepseated racism of their small town and the resentments they hold toward one another the brothers are forced to confront the wounds of their past leaving them wondering if their actions are the toll exacted for the next generations progress will they overcome their disparate lives and animosity toward one another and come together to protect the next generation or is it too late set against the backdrop of 1960s america lost seeds the legacy is a suspenseful tale of love heartbreak and the enduring bonds of brothers as the echoes of personal and collective history reverberate through the lives of dub tim and their descendants their story serves as a powerful reminder that sowing the seeds of progress is often paid in blood sweat and fractured pieces of the heart,historical fiction,2024,teresa mosley sebastian,shaped ghost parent former enslavement two brother dub tim must decideconfront past suffer consequence forever riveting continuation brisco family saga brother dub tim strive persevere early 1900s postslavery beginningsclashing history family trauma different coping mechanism living world doesnt accept dub becomes respected coal miner find prosperity family tim continues slow descent fog psychosis alcoholism perpetual joblessnessforced live isolated existence dub property despite desire deeper connection ultimate tragedy strike family forced confront deepseated racism small town resentment hold toward one another brother forced confront wound past leaving wondering action toll exacted next generation progress overcome disparate life animosity toward one another come together protect next generation late set backdrop 1960s america lost seed legacy suspenseful tale love heartbreak enduring bond brother echo personal collective history reverberate life dub tim descendant story serf powerful reminder sowing seed progress often paid blood sweat fractured piece heart
nothing left to fear from hell,a battle lost a daring escape a long walk into obscurity the ultimate failurein the aftermath of the disastrous battle of culloden a lonely figure takes flight with a small band of companions through the islands and mountains of the hebrides his name is charles edward stuart better known today as bonnie prince charlie he had come to the country to take the throne now he is leaving in exile and abject defeatin prose that is by turns poetic comic macabre haunting and humane multi awardwinning author alan warner traces the frantic last journey through scotland of a man who history will come to define for his failure,historical fiction,2023,alan warner,battle lost daring escape long walk obscurity ultimate failurein aftermath disastrous battle culloden lonely figure take flight small band companion island mountain hebrides name charles edward stuart better known today bonnie prince charlie come country take throne leaving exile abject defeatin prose turn poetic comic macabre haunting humane multi awardwinning author alan warner trace frantic last journey scotland man history come define failure
the dreamtime,a young boy finds that his gifts for drawing and shaping figures from clay ostracize him from his people and wanders from tribe to tribe in search of understanding,historical fiction,1967,henry treece,young boy find gift drawing shaping figure clay ostracize people wanders tribe tribe search understanding
lady sarahs redemption,when lady sarah miles becomes the sole survivor of a shipwreck she assumes the identity of her illfated travelling companion to avoid an arranged marriage masquerading as governess to the daughter of dashing roland hawthorne the mutual attraction between sarah and her employer quickly turns to love but sarahs past returns to haunt her revealing more secrets than just her false identity determined to redeem herself in rolands eyes she unwittingly plays into the hands of an unexpected adversary with sarahs honour at stake can rolands daring plan succeed or will the woman he loves be lost to him forever,historical fiction,2014,beverley eikli,lady sarah mile becomes sole survivor shipwreck assumes identity illfated travelling companion avoid arranged marriage masquerading governess daughter dashing roland hawthorne mutual attraction sarah employer quickly turn love sarah past return haunt revealing secret false identity determined redeem rolands eye unwittingly play hand unexpected adversary sarah honour stake rolands daring plan succeed woman love lost forever
a suitable heir,secrets and lies can destroy a marriage eleanor finch loves to paint and she loves babies her six siblings are all married with babies lots of babies and she is desperate to escape her lonely existence and have a family of her own viscount julian heyer a childless widower is looking for a wife who can provide him with an heir rich charming and an art lover he finds eleanor with her large family and wide hips a perfect candidate love blossoms five childless years later eleanor is blamed and julian becomes cruel in his disappointment he needs an heir and refuses to accept he may be infertile divorce looms robert heyer julians evil twin is dying and hell bent on wreaking julians life before he goes robert sends eleanor on a quest to expose the dark family history of infertility infidelity insanity murder and suicide but will roberts dying words prompt eleanor to do the unthinkable and find the courage to achieve her dreams,historical fiction,2023,elsie king,secret lie destroy marriage eleanor finch love paint love baby six sibling married baby lot baby desperate escape lonely existence family viscount julian heyer childless widower looking wife provide heir rich charming art lover find eleanor large family wide hip perfect candidate love blossom five childless year later eleanor blamed julian becomes cruel disappointment need heir refuse accept may infertile divorce loom robert heyer julian evil twin dying hell bent wreaking julian life go robert sends eleanor quest expose dark family history infertility infidelity insanity murder suicide robert dying word prompt eleanor unthinkable find courage achieve dream
the black earth,1922 young zoe haggitiris is forced to flee with her family during the turkish invasion of smyrna when tragedy strikes in the midst of their escape zoe is found floating alone in the icy waters and is rescued by a passing ship caught up in a sea of desperate refugees her life is touched by an english boy tom collyer before the compassion of a stranger leads her into a new life 1941 greece in the chaos of the british retreat tom and zoe are briefly reunited before fate cruelly separates them once more tom will discover that the war will not end so easily for either of them and if they can find their way back to each other that nothing will ever be the same,historical fiction,2019,philip kazan,1922 young zoe haggitiris forced flee family turkish invasion smyrna tragedy strike midst escape zoe found floating alone icy water rescued passing ship caught sea desperate refugee life touched english boy tom collyer compassion stranger lead new life 1941 greece chaos british retreat tom zoe briefly reunited fate cruelly separate tom discover war end easily either find way back nothing ever
deception,a world of counterfeit and corruption inside the life of lady grace favourite maid of honour of queen elizabeth,historical fiction,2005,grace cavendish jan burchett,world counterfeit corruption inside life lady grace favourite maid honour queen elizabeth
village school,chronicles events in the village year  harvest festivals annual outings and all the goingson of the village school,historical fiction,1955,miss read,chronicle event village year harvest festival annual outing goingson village school
a suitable bride,miss harriet evans can shift cows rotate crops and breed pigs but has managing her brothers estate scared off potential suitors harriet would love a family of her own but at twentyfour has she lost her chance of happiness rather than be a dependent spinster harriet wants her own farm but her family disagrees and shes despatched to london to secure a suitable husband captain allister clarens never wanted to be an earl now he has an impressive title massive debt starving tenants unpaid servants and a family to support but hes a soldier and knows his duty he goes to london to find a suitable heiress friendship blossoms and harriet agrees to help allister find a bride four exceedingly rich candidates are selected thwarted love shamefully acquired fortunes and appalling relatives dash the hopes of three of the candidates but lydia looks promising love blooms but will allisters sense of duty prevail and rob harriet of her chance to be the most suitable bride of all,historical fiction,2024,elsie king,miss harriet evans shift cow rotate crop breed pig managing brother estate scared potential suitor harriet would love family twentyfour lost chance happiness rather dependent spinster harriet want farm family disagrees shes despatched london secure suitable husband captain allister clarens never wanted earl impressive title massive debt starving tenant unpaid servant family support he soldier know duty go london find suitable heiress friendship blossom harriet agrees help allister find bride four exceedingly rich candidate selected thwarted love shamefully acquired fortune appalling relative dash hope three candidate lydia look promising love bloom allisters sense duty prevail rob harriet chance suitable bride
the crimson thread,this tapestry thing is very cool and all phoebe said but we just want to get back to our dad can you help us or not yes i can help you but only if you help me sophia replied sure what do you need asked derek cords and threads stained by blood on an archeological trip to turkey sixteenyearold derek paloma and his fourteenyearold sister phoebe experience an earthquake and are separated from their father while exploring an ancient underground city in cappadocia there they stumble upon a mysterious deteriorated tapestry and a time traveler named yaldar together they travel through centuries recovering the needed threads which they bring to the weaver sophia to reconnect the panels and restore the tapestry of time will derek be able to collect a thread from yeshuas robe will phoebe and derek finish their job so they can reunite with their father what is the crimson thread only the tapestry of time will tell,historical fiction,2021,brad pelsue,tapestry thing cool phoebe said want get back dad help u yes help help sophia replied sure need asked derek cord thread stained blood archeological trip turkey sixteenyearold derek paloma fourteenyearold sister phoebe experience earthquake separated father exploring ancient underground city cappadocia stumble upon mysterious deteriorated tapestry time traveler named yaldar together travel century recovering needed thread bring weaver sophia reconnect panel restore tapestry time derek able collect thread yeshuas robe phoebe derek finish job reunite father crimson thread tapestry time tell
kerry postle,dont miss the next enthralling story from kerry postle author of a forbidden love coming soon,historical fiction,2019,kerry postle,dont miss next enthralling story kerry postle author forbidden love coming soon
playing beatie bow,a thrilling adventure story for children and young adults by park ruth playing beatie bow follows abigail as she suddenly finds herself in the sydney of a hundred years ago as the result of a scary game,historical fiction,1982,ruth park,thrilling adventure story child young adult park ruth playing beatie bow follows abigail suddenly find sydney hundred year ago result scary game
the river of fire,wapping london march 1799 a sunken lugger in the pool of london at last reveals its shocking secret river surveyor tom pascoe of the marine police finds the bodies of two men entombed in the crews cabin suspicion falls on a third member of the crew seen fleeing the scene,historical fiction,2014,patrick easter,wapping london march 1799 sunken lugger pool london last reveals shocking secret river surveyor tom pascoe marine police find body two men entombed crew cabin suspicion fall third member crew seen fleeing scene
always a stranger,when two worlds collide anything is possible   an international affair londons great exhibition has taken the city by storm as its newest royal commissioner lord skyler ridgemont must ensure the performers are properly contracted among them is the delicate and graceful hanako sumaki draped in vivid silk robes hanakos exotic japanese fan dance captivates skylerand he longs to learn more about her   but hanakos enigmatic employer keeps his exquisite charge very close the consummate artist she shows the handsome nobleman many faces but never her true heart which holds a desperate secret when skyler learns the real reason hanako has been brought to london he will risk his entire world to win her trustand save her from losing both body and soul its a feat that will require the type of courage only love can give  ,historical fiction,2014,amara royce,two world collide anything possible international affair london great exhibition taken city storm newest royal commissioner lord skyler ridgemont must ensure performer properly contracted among delicate graceful hanako sumaki draped vivid silk robe hanakos exotic japanese fan dance captivates skylerand longs learn hanakos enigmatic employer keep exquisite charge close consummate artist show handsome nobleman many face never true heart hold desperate secret skyler learns real reason hanako brought london risk entire world win trustand save losing body soul feat require type courage love give
the map of bones,the stunning conclusion to the joubert family chronicles has arrivedmosse is a master storyteller  madeleine miller bestselling author of circetheir journey is over but their story has just begun a sweeping and epic story of adventure and courage injustice and triumph the map of bones by kate mosse is the sequel to the number one bestselling the ghost shipolifantshoek southern africa 1688 when the violent cape wind blows from the southeast they say the voices of the unquiet dead can be heard whispering through the deserted valley suzanne joubert a huguenot refugee from wartorn france is here to walk in her cousins footsteps louise reydonjoubert the notorious shecaptain and pirate commander landed at the cape of good hope more than sixty years ago then disappeared from the record as if she had never existed suzanne has come to find her  to lay the stories to rest but all is not as it seems   franschhoek southern africa 1862 nearly one hundred and eighty years after suzannes perilous journey another intrepid and courageous woman of the joubert family  isabelle lepard  has journeyed to the small frontier town once known as oliftantshoek in search of her longlost relations a journalist and travel writer intent on putting the women of her family back into the history books she quickly discovers that the tragedies and crimes of the past are far from over isabelle faces a race against time if she is not only going to discover the truth but escape with her life   painstakingly researched and beautifully told the map of bones is the fourth  and final  novel of the joubert family chronicles following the bestselling the burning chambers the city of tears and the ghost shippraise for the joubert family chronicleshistorical fiction to devour  anthony horowitz bestselling author of the twist of the knife on the burning chambersan utterly absorbing epic  lucy foley bestselling author of the paris apartment on the city of tearsmeticulously researched and stunningly written  santa montefiore bestselling author of wait for me on the ghost ship,historical fiction,2024,kate mosse,stunning conclusion joubert family chronicle arrivedmosse master storyteller madeleine miller bestselling author circetheir journey story begun sweeping epic story adventure courage injustice triumph map bone kate mosse sequel number one bestselling ghost shipolifantshoek southern africa 1688 violent cape wind blow southeast say voice unquiet dead heard whispering deserted valley suzanne joubert huguenot refugee wartorn france walk cousin footstep louise reydonjoubert notorious shecaptain pirate commander landed cape good hope sixty year ago disappeared record never existed suzanne come find lay story rest seems franschhoek southern africa 1862 nearly one hundred eighty year suzannes perilous journey another intrepid courageous woman joubert family isabelle lepard journeyed small frontier town known oliftantshoek search longlost relation journalist travel writer intent putting woman family back history book quickly discovers tragedy crime past far isabelle face race time going discover truth escape life painstakingly researched beautifully told map bone fourth final novel joubert family chronicle following bestselling burning chamber city tear ghost shippraise joubert family chronicleshistorical fiction devour anthony horowitz bestselling author twist knife burning chambersan utterly absorbing epic lucy foley bestselling author paris apartment city tearsmeticulously researched stunningly written santa montefiore bestselling author wait ghost ship
the mammoth hunters,ayla and jondalar embark on a journey that takes them to the mamutoi the mammoth hunters and ayla must make a fateful choice between two menjondalar and ranec the mamutois master carver,historical fiction,1992,jean m auel,ayla jondalar embark journey take mamutoi mammoth hunter ayla must make fateful choice two menjondalar ranec mamutois master carver
secrets of the desert,having discovered a monstrous conspiracy to overthrow the pharaoh ramses the great judge pazair has been deported for a crime he did not commit and sentenced to die in a prison camp but the conspirators have reckoned without the love of neferet the young woman doctor pazair has just married and the courage of suti his friend with the hot head and the generous heart together neferet and suti attempt to rescue pazair so that he can resume his investigation for there are many questions yet to be answered who murdered the veteran guards of the great sphinx who violated the great pyramid and stole the testament of the gods which guarantees pharaohs legitimacy who killed pazairs spiritual master,historical fiction,2005,christian jacq,discovered monstrous conspiracy overthrow pharaoh ramses great judge pazair deported crime commit sentenced die prison camp conspirator reckoned without love neferet young woman doctor pazair married courage suti friend hot head generous heart together neferet suti attempt rescue pazair resume investigation many question yet answered murdered veteran guard great sphinx violated great pyramid stole testament god guarantee pharaoh legitimacy killed pazairs spiritual master
sleeping beauty and the demon,sleight of hand dragomir starkov poses as an illusionist a showman performing tricks his romanian accent and dark good looks all just a part of the drama thats how rose carlisle first sees him shes a respectable girlshe wouldnt accept witchy birthday gifts from a demon but the hustle and bustle of 1912 new york city offers plenty of ways to slip around the strict old rules of propriety a good thing too because once rose meets drago she no longer cares about being respectable but the only illusion in dragos act is that his magic is smoke and mirrors every word of power he speaks is as real as rose before him in thrall to his lust and adoration drago knows about roses curse that she will die on her next birthday but the shadowy threat that stalks her hasnt won her yet if she can trust him perhaps he can save her too   praise for beauty and the wolf dynamic and sensual paranormal readers will gobble up this sexy read donna grant new york times bestselling author of midnights warrior beauty and the wolf is a deliciously dark retelling of the classic tale that will make you fall in love all over again erin quinn author of the five deaths of roxanne love,historical fiction,2014,marina myles,sleight hand dragomir starkov pose illusionist showman performing trick romanian accent dark good look part drama thats rose carlisle first see shes respectable girlshe wouldnt accept witchy birthday gift demon hustle bustle 1912 new york city offer plenty way slip around strict old rule propriety good thing rose meet drago longer care respectable illusion dragos act magic smoke mirror every word power speaks real rose thrall lust adoration drago know rose curse die next birthday shadowy threat stalk hasnt yet trust perhaps save praise beauty wolf dynamic sensual paranormal reader gobble sexy read donna grant new york time bestselling author midnight warrior beauty wolf deliciously dark retelling classic tale make fall love erin quinn author five death roxanne love
khontors wrath,what ifa long time ago to avoid extinction the ancient sasquatch interbred with humanswhat ifthe community recovered and for eons lived in harmony with all creationuntil a compassionate act of their healer adia set it all on end coming across an abandoned infant adia rescues the forbidden outsider child and brings it back to kthama the communitys underground home when the leader khontor learns what she has done he takes her act of caring as an affront to his authoritya threat to the peoples welfare she was prepared for him to be angry she was prepared for him to punish her but she was not prepared for khontors wrath,historical fiction,2019,leigh roberts,ifa long time ago avoid extinction ancient sasquatch interbred humanswhat ifthe community recovered eon lived harmony creationuntil compassionate act healer adia set end coming across abandoned infant adia rescue forbidden outsider child brings back kthama community underground home leader khontor learns done take act caring affront authoritya threat people welfare prepared angry prepared punish prepared khontors wrath
tour of duty,tour of duty is a fiction novelliterary and historicalset in france 19601966 at the height of the cold war and written with strong characterization conflict and dynamic plots major characters are miles ballard a physician drafted and eager to succeed in providing best care for his patients who frequently clashes with military demands and morality ingrid stern wife of ballards best friend seeking truth about lost relatives and the holocaust alyce read a newspaper journalist documenting capture the suffering and ruination of holocaust victims and survivors,historical fiction,2022,william coles,tour duty fiction novelliterary historicalset france 19601966 height cold war written strong characterization conflict dynamic plot major character mile ballard physician drafted eager succeed providing best care patient frequently clash military demand morality ingrid stern wife ballards best friend seeking truth lost relative holocaust alyce read newspaper journalist documenting capture suffering ruination holocaust victim survivor
montana cowboy family,temporary family after discovering one of her young students has been abandoned along with his sisters schoolteacher sadie young whisks them away to the safest place she knowsher own home and when handsome cowboy logan marshal vows to assist her in caring for the children she isnt sure she wants his helpbut she needs it if she lets logan get too close though he may discover the secret shes convinced will be her ruin logan marshall isnt looking for a family but with the parentless children and their unflappable teacher tugging at his heart it appears he has oneat least temporarily the kids would like nothing better than to have a real mother and father and with logan slowly falling for sadie their deepest wishes just might come true,historical fiction,2017,linda carol ford,temporary family discovering one young student abandoned along sister schoolteacher sadie young whisk away safest place knowsher home handsome cowboy logan marshal vow assist caring child isnt sure want helpbut need let logan get close though may discover secret shes convinced ruin logan marshall isnt looking family parentless child unflappable teacher tugging heart appears oneat least temporarily kid would like nothing better real mother father logan slowly falling sadie deepest wish might come true
a game of thrones,fantasyroman,mystery,2011,george r r martin,fantasyroman
the narrows,when an infamous serial killer known as the poet reemerges fbi agent rachel walling long haunted by her unsuccessful efforts to bring him to justice receives assistance from lapd detective harry bosch,mystery,2005,michael connelly,infamous serial killer known poet reemerges fbi agent rachel walling long haunted unsuccessful effort bring justice receives assistance lapd detective harry bosch
tuesday,frogs rise on their lily pads float through the air and explore the nearby houses while their inhabitants sleep,mystery,1991,david wiesner,frog rise lily pad float air explore nearby house inhabitant sleep
to the nines,pursuing a skip stephanie travels to las vegas where she meets up with sally sweet joe morelli and ranger and works to outmaneuver a trio of mobsters who are determined to prevent stephanies return home,mystery,2004,janet evanovich,pursuing skip stephanie travel la vega meet sally sweet joe morelli ranger work outmaneuver trio mobster determined prevent stephanies return home
the surgeon,dr catherine cordell investigates when a murderer referred to by the press and the public as the surgeon strikes with a precision that suggests he is a deranged man of medicine,mystery,2001,tess gerritsen,dr catherine cordell investigates murderer referred press public surgeon strike precision suggests deranged man medicine
ten big ones,bounty hunter stephanie plum witnesses a gangexecuted robbery and police officer shooting and finds herself targeted by a californiabased killer looking to claim the price that is subsequently placed on her head,mystery,2005,janet evanovich,bounty hunter stephanie plum witness gangexecuted robbery police officer shooting find targeted californiabased killer looking claim price subsequently placed head
the runaway jury,the jury in a mississippi tobacco trial appears to be manipulated and controlled,mystery,1997,john grisham,jury mississippi tobacco trial appears manipulated controlled
brother odd,loop me in odd onethe words spoken in the deep of night by a sleeping child chill the young man watching over her for this was a favorite phrase of stormy llewellyn his lost love and stormy is dead gone forever from this world in the haunted halls of the isolated monastery where he had sought peace odd thomas is stalking spirits of an infinitely darker nature through twonew york timesbestselling novels odd thomas has established himself as one of the most beloved and unique fictional heroes of our time now wielding all the power and magic of a master storyteller at the pinnacle of his craft dean koontz follows odd into a singular new world where he hopes to make a fresh beginningbut where he will meet an adversary as old and inexorable as time itself st bartholomews abbey sits in majestic solitude amid the wild peaks of californias high sierra a haven for children otherwise abandoned and a sanctuary for those seeking insight odd thomas has come here to learn to live fully again and among the eccentric monks their other guests and the nuns and young students of the attached convent school he has begun to find his way the silent spirits of the dead who visited him in his earlier life are mercifully absent save for the bellringing brother constantine and odds steady companion the king of rock n roll but trouble has a way of finding odd thomas and it slinks back onto his path in the form of the sinister bodachs he has met previously the black shades who herald death and disaster and who come late one december night to hover above the abbeys most precious charges for odd is about to face an enemy who eclipses any he has yet encountered as he embarks on a journey of mystery wonder and sheer suspense that surpasses all that has come before from the hardcover edition,mystery,2007,dean ray koontz,loop odd onethe word spoken deep night sleeping child chill young man watching favorite phrase stormy llewellyn lost love stormy dead gone forever world haunted hall isolated monastery sought peace odd thomas stalking spirit infinitely darker nature twonew york timesbestselling novel odd thomas established one beloved unique fictional hero time wielding power magic master storyteller pinnacle craft dean koontz follows odd singular new world hope make fresh beginningbut meet adversary old inexorable time st bartholomews abbey sits majestic solitude amid wild peak california high sierra child otherwise abandoned sanctuary seeking insight odd thomas come learn live fully among eccentric monk guest nun young student attached convent school begun find way silent spirit dead visited earlier life mercifully absent save bellringing brother constantine odds steady companion king rock n roll trouble way finding odd thomas slinks back onto path form sinister bodachs met previously black shade herald death disaster come late one december night hover abbey precious charge odd face enemy eclipse yet encountered embarks journey mystery wonder sheer suspense surpasses come hardcover edition
a is for alibi,after serving 8 years for her husbands murder nikki fife is out to find out who really did it,mystery,2005,sue grafton,serving 8 year husband murder nikki fife find really
and then there were none,one by one the guests arrived at the mansion on indian island summoned by a mysterious host and one by one with terrifying meticulousness they were stalked by a cunning murderer utterly bafflingand yet there was a pattern concealed in a nursery rhyme hanging over the fireplace,mystery,2001,agatha christie,one one guest arrived mansion indian island summoned mysterious host one one terrifying meticulousness stalked cunning murderer utterly bafflingand yet pattern concealed nursery rhyme hanging fireplace
the shape of water,follows sicilian detective inspector montalbano as he investigates the suspicious death of an engineer who had made a name for himself in a small town,mystery,2002,andrea camilleri,follows sicilian detective inspector montalbano investigates suspicious death engineer made name small town
the road to gandolfo,a wickedly funny robert ludlum youve never met before all the explosive paving of the bourne identity the byzantine treachery of the parsifal mosaic the relentless action of the bourne ultimatum the principal cast general mackenzie hawkings legend hero rogue sam devereaux bright young lawyer from harvard now in the army cant wait to get out general hawkens four exwives a quartet of incredibly endowed women whove formed a club hawkins harem the premise kidnap pope francesco i the most beloved pontiff since john xx iii ransom one american dollar for every catholic in the world the problem pope francesco i says  gentle souls why not,mystery,1982,robert ludlum,wickedly funny robert ludlum youve never met explosive paving bourne identity byzantine treachery parsifal mosaic relentless action bourne ultimatum principal cast general mackenzie hawking legend hero rogue sam devereaux bright young lawyer harvard army cant wait get general hawkens four exwives quartet incredibly endowed woman whove formed club hawkins harem premise kidnap pope francesco beloved pontiff since john xx iii ransom one american dollar every catholic world problem pope francesco say gentle soul
twelve sharp,in trenton new jersey bounty hunter stephanie plum is trying to track down a female stalker,mystery,2007,janet evanovich,trenton new jersey bounty hunter stephanie plum trying track female stalker
return to howliday inn,in their fifth adventure the monroe family pets are once again boarded at the chateau bowbow when the monroes go on vacation the kennels creepy goingson continue but this time it appears that murder may have been added to the services illustrations,mystery,2007,james howe,fifth adventure monroe family pet boarded chateau bowbow monroe go vacation kennel creepy goingson continue time appears murder may added service illustration
ricochet,detective sergeant duncan hatcher knows he must exercise discretion when investigating a fatal shooting at the home of judge cato laird but he is both suspicious of and attracted to the judges wife,mystery,2006,sandra brown,detective sergeant duncan hatcher know must exercise discretion investigating fatal shooting home judge cato laird suspicious attracted judge wife
a purple place for dying,a purple place for dying is the third book in john macdonalds travis mcgee series and mcgee comes upon his most troubling case yet mcgee is brought to the midwest by a big brassy bossy blonde who needs help mona yeoman suspects that her husband has pilfered her trust fund and she wants a divorce mcgees job is to find out what happened to the money mcgee doesnt particularly like yeoman but is tempted to take the case because he needs the money but before he even has a chance to say yes mona is murdered right in front of his eyes and this changes everything what makes things even more mysterious is that her body disappears when the police are called to the scene of the crime,mystery,1995,john dann macdonald,purple place dying third book john macdonalds travis mcgee series mcgee come upon troubling case yet mcgee brought midwest big brassy bossy blonde need help mona yeoman suspect husband pilfered trust fund want divorce mcgees job find happened money mcgee doesnt particularly like yeoman tempted take case need money even chance say yes mona murdered right front eye change everything make thing even mysterious body disappears police called scene crime
a time to kill,courtroom drama of an inhuman crime,mystery,1992,john grisham,courtroom drama inhuman crime
scoob junior novelization scoobydoo,scooby and the gang face their most challenging mystery ever a plot to unleash the ghost dog cerberus upon the world as they race to stop this dogpocalypse the gang discovers that scooby has an epic destiny greater than anyone imagined,mystery,2020,david lewman,scooby gang face challenging mystery ever plot unleash ghost dog cerberus upon world race stop dogpocalypse gang discovers scooby epic destiny greater anyone imagined
seven up,experience the bestselling phenomenon that is sweeping the nation 1 new york times 1 wall street journal 1 entertainment weekly 1 publishers weekly 1 booksense 1 los angeles times blown up all new jersey bounty hunter stephanie plum has to do is bring in semiretired bail jumper eddie dechooch for an old man hes still got a knack for slipping out of sightand raising hell how else can stephanie explain the bulletriddled corpse in eddies garden who else would have a clue as to why two of stephanies friends suddenly vanished for answers stephanie has the devil to pay her mentor ranger the deal hell give stephanie all the help she needsif she gives him everything he wants    messed up as if things werent complicated enough stephanies just discovered her grandma mazurs own unmentionable alliance with eddie add a series of unnerving breakins not to mention the bombshell revelation leveled by stephanies estranged sister and stephanies ready for some good news unfortunately a marriage proposal from joe morelli the love of her life isnt quite cutting it and nowmurder a randy paramour a wily mobster death threats extortion and a triplie kidnapping asidestephanies really got the urge to run for her life    seven up,mystery,2002,janet evanovich,experience bestselling phenomenon sweeping nation 1 new york time 1 wall street journal 1 entertainment weekly 1 publisher weekly 1 booksense 1 los angeles time blown new jersey bounty hunter stephanie plum bring semiretired bail jumper eddie dechooch old man he still got knack slipping sightand raising hell else stephanie explain bulletriddled corpse eddy garden else would clue two stephanies friend suddenly vanished answer stephanie devil pay mentor ranger deal hell give stephanie help needsif give everything want messed thing werent complicated enough stephanies discovered grandma mazurs unmentionable alliance eddie add series unnerving breakins mention bombshell revelation leveled stephanies estranged sister stephanies ready good news unfortunately marriage proposal joe morelli love life isnt quite cutting nowmurder randy paramour wily mobster death threat extortion triplie kidnapping asidestephanies really got urge run life seven
cards on the table,mr shaitana is a strange and wealthy collector of snuff boxes and other objets dart one evening he invites two specialists superintendent battle of scotland yard and crime novelist ariadne oliver to a dinner party to view his special collection four people who have committed murder and gotten away with it as they play bridge after dinner shaitana is daringly murdered by someone at the party battle sets out to solve the crime aided of course by the eager mrs oliver who begins with psychological deductions from the bridge score cards after many red herrings skeletons in the cupboard and two more deaths battle lays his cards on the table,mystery,1993,agatha christie,mr shaitana strange wealthy collector snuff box objets dart one evening invite two specialist superintendent battle scotland yard crime novelist ariadne oliver dinner party view special collection four people committed murder gotten away play bridge dinner shaitana daringly murdered someone party battle set solve crime aided course eager mr oliver begin psychological deduction bridge score card many red herring skeleton cupboard two death battle lay card table
murder on the orient express,hercule poirot observed his fellow passengers on the orient express a russian princess an english colonel an american with a strange glint in his eye and many more he was looking forward to the journey but is was not to be after a restless night he awoke to find that tragedy had struck,mystery,1968,agatha christie,hercule poirot observed fellow passenger orient express russian princess english colonel american strange glint eye many looking forward journey restless night awoke find tragedy struck
it wakes in me,sora the high chieftess from the black falcon nation has been plagued with blackouts and fits since her seventh winter as her world went dark two gleaming eyes burned to life inside her she named these occurrences the midnight fox and remembered nothing after them plagued with this terrible spirit illness she looks for healing of her soul and mind the strength to lead her people and the courage to save her own life,mystery,2006,kathleen oneal gear,sora high chieftess black falcon nation plagued blackout fit since seventh winter world went dark two gleaming eye burned life inside named occurrence midnight fox remembered nothing plagued terrible spirit illness look healing soul mind strength lead people courage save life
the night manager,former british intelligence officer jonathan pine attempts to infiltrate the entourage of roper a sinister and powerful englishman responsible for fitting together the pieces for a monumental armsforcocaine deal reprint,mystery,1993,john le carré,former british intelligence officer jonathan pine attempt infiltrate entourage roper sinister powerful englishman responsible fitting together piece monumental armsforcocaine deal reprint
where are the children,a mother is accused in the gruesome deaths of her two children,mystery,1992,mary higgins clark,mother accused gruesome death two child
farewell my lovely,marlowes about to give up on a completely routine case when he finds himself in the wrong place at the right time to get caught up in a murder that leads to a ring of jewel thieves another murder a fortuneteller a couple more murders and more corruption than your average graveyard,mystery,1992,raymond chandler,marlowe give completely routine case find wrong place right time get caught murder lead ring jewel thief another murder fortuneteller couple murder corruption average graveyard
the curious incident of the dog in the nighttime,ya murder mystery despite his overwhelming fear of interacting with people christopher a mathematicallygifted autistic fifteenyearold boy decides to investigate the murder of a neighbours dog and uncovers secret information about his mother whitbread book of the year 2003 wayrba list 2005,mystery,2003,mark haddon,ya murder mystery despite overwhelming fear interacting people christopher mathematicallygifted autistic fifteenyearold boy decides investigate murder neighbour dog uncovers secret information mother whitbread book year 2003 wayrba list 2005
a murder is announced,a childish practical joke or a hoax intended to scare poor letitia blacklock unable to resist the mysterious invitation a crowd begins to gather at little paddocks at the appointed time when without warning the lights go out,mystery,1986,agatha christie,childish practical joke hoax intended scare poor letitia blacklock unable resist mysterious invitation crowd begin gather little paddock appointed time without warning light go
crime and punishment,raskolnikov commits murder he then must deal both with the police and his own guilty conscience determined to overreach his humanity and assert his untrammelled individual will raskolnikov an impoverished student living in the st petersburg of the tsars commits an act of murder and theft and sets into motion a story which for its excrutiating suspense its atmospheric vividness and its profundity of characterization and vision is almost unequaled in the literatures of the world the best known of dostoevskys masterpieces crime and punishment can bear any amount of rereading without losing a drop of its power over our imagination,mystery,1953,fyodor dostoyevsky,raskolnikov commits murder must deal police guilty conscience determined overreach humanity assert untrammelled individual raskolnikov impoverished student living st petersburg tsar commits act murder theft set motion story excrutiating suspense atmospheric vividness profundity characterization vision almost unequaled literature world best known dostoevsky masterpiece crime punishment bear amount rereading without losing drop power imagination
contest,from the new york times bestselling author of scarecrow comes an actionpacked novel about a doctor and his daughter trapped in new yorks public library by a contest with a fatal outcome martins press,mystery,2005,matthew reilly,new york time bestselling author scarecrow come actionpacked novel doctor daughter trapped new york public library contest fatal outcome martin press
the revenge of the wizards ghost,collapsed in a weird trance johnny dixon is dying professor childermass soon learns whyjohnny is possessed by the spirit of the late warren windrow in a desperate effort to find a clue that will save johnnys life the professor races to the gloomy windrow estate where he finds himself fighting for his own life,mystery,1997,john bellairs,collapsed weird trance johnny dixon dying professor childermass soon learns whyjohnny possessed spirit late warren windrow desperate effort find clue save johnny life professor race gloomy windrow estate find fighting life
confessor,fantasyroman,mystery,2007,terry goodkind,fantasyroman
angels and demons,angels and demons is a breathtakingly brilliant thriller which catapults the reader through the antiquity of rome through sealed crypts dangerous catacombs deserted cathedrals and even the most secret vault on earth,mystery,2005,dan brown,angel demon breathtakingly brilliant thriller catapult reader antiquity rome sealed crypt dangerous catacomb deserted cathedral even secret vault earth
muscle memory,in boston a former basketball player becomes the suspect in his wifes murder ostensibly to collect her insurance but the players lawyer sleuth brady coyne believes it was the work of the mob and tries to clear him,mystery,2003,william g tapply,boston former basketball player becomes suspect wife murder ostensibly collect insurance player lawyer sleuth brady coyne belief work mob try clear
the angel of darkness,in one of the most critically acclaimed novels of the year caleb carr bestselling author of the alienistpits dr laszlo kreizler and his colleagues against a murderer as evil as the darkest night   ,mystery,1998,caleb carr,one critically acclaimed novel year caleb carr bestselling author alienistpits dr laszlo kreizler colleague murderer evil darkest night
missing joseph,when the vicar who has given her so much support is found dead deborah st james begins a journey of personal discovery in order to find out who is responsible,mystery,1993,elizabeth george,vicar given much support found dead deborah st james begin journey personal discovery order find responsible
the golden ball and other stories,it was an offer the st vincent family could not refuse  a splendid mansion complete with servants with nothing asked for in return but young rupert st vincent suspected a sinister trap ,mystery,1984,agatha christie,offer st vincent family could refuse splendid mansion complete servant nothing asked return young rupert st vincent suspected sinister trap
plum lovin,receiving simultaneous caches of love letters and hate mail connie rosolli enlists the aid of lula grandma mazur and the enigmatic diesel when she becomes suspicious that her secret admirer and stalker are the same person,mystery,2008,janet evanovich,receiving simultaneous cache love letter hate mail connie rosolli enlists aid lula grandma mazur enigmatic diesel becomes suspicious secret admirer stalker person
cry wolf,the year is 1935 shortly before orld war ii from the sea to the schorching deserts of africa to the peaks of its treacherous mountains where a dramatic struggle to stay alive awaits them ,mystery,2001,wilbur smith,year 1935 shortly orld war ii sea schorching desert africa peak treacherous mountain dramatic struggle stay alive awaits
the redbreast,the redbreast is the winner of the glass key prize for the best nordic crimenovel and has been voted norways best work of crime fiction,mystery,2006,jo nesbo,redbreast winner glass key prize best nordic crimenovel voted norway best work crime fiction
for the sake of elena,elena weaver was a surprise to anyone meeting her for the first time in her clingy dresses and dangling earrings she exuded a sexuality at odds with the innocence projected by the unicorn posters on her walls while her embittered mother fretted about her welfare from her home in london in cambridgewhere elena was a student at st stephens collegeher father and his second wife each had their own very different image of the girl as for elena she lived a life of casual and intense physical and emotional relationships with scores to settle and goals to achieveuntil someone lying in wait along the route she ran every morning bludgeoned her to death unwilling to turn the killing over to the local police the university calls in new scotland yard thus detective inspector thomas lynley and his partner detective sergeant barbara havers enter the rarefied world of cambridge university where academic gowns often hide murderous intentions for both officers the true identity of elena weaver proves elusive each relationship the girl left behind casts new light both on elena and on those people who appeared to know her bestfrom an unsavory swedishborn shakespearean professor to the brooding head of the deaf students union whats more elenas father a cambridge professor under consideration for a prestigious post is a man with his own dark secrets while his past sins make him neurotically dedicated to elena and blind to her blacker side present demons drive him toward betrayal,mystery,1992,elizabeth george,elena weaver surprise anyone meeting first time clingy dress dangling earring exuded sexuality odds innocence projected unicorn poster wall embittered mother fretted welfare home london cambridgewhere elena student st stephen collegeher father second wife different image girl elena lived life casual intense physical emotional relationship score settle goal achieveuntil someone lying wait along route ran every morning bludgeoned death unwilling turn killing local police university call new scotland yard thus detective inspector thomas lynley partner detective sergeant barbara havers enter rarefied world cambridge university academic gown often hide murderous intention officer true identity elena weaver prof elusive relationship girl left behind cast new light elena people appeared know bestfrom unsavory swedishborn shakespearean professor brooding head deaf student union whats elenas father cambridge professor consideration prestigious post man dark secret past sin make neurotically dedicated elena blind blacker side present demon drive toward betrayal
the house at riverton,ninetyeightyearold grace bradley is visited by a young director who takes her back to riverton house where she reveals the secret behind the death of a young poet in the summer of 1924,mystery,2009,kate morton,ninetyeightyearold grace bradley visited young director take back riverton house reveals secret behind death young poet summer 1924
moby dick con cd,in melvilles classic tale of revenge ishmael tells his story of becoming a whaler on the pequod,mystery,2007,herman melville,melville classic tale revenge ishmael tell story becoming whaler pequod
loves music loves to dance,a killer draws his victims from the women who respond to his personal ads in trendy new york magazines,mystery,1992,mary higgins clark,killer draw victim woman respond personal ad trendy new york magazine
weep no more my lady,cypress point  the ultimate california spa where the rich and famous pursue health and beauty in unalloyed luxury but lovely young elizabeth lange is after something else the truth about the death of her beloved sister  a famous actress who plunged from the balcony of her manhattan penthouse what she finds will determine the fate of ted winters the handsome business tycoon who stands accused of her murder against a monterey background that sparkles with sun money and glamour elizabeth stalks shadows that darken with dread and danger shadows that threaten to reveal the stunning truth about her sister  and herself,mystery,1987,mary higgins clark,cypress point ultimate california spa rich famous pursue health beauty unalloyed luxury lovely young elizabeth lange something else truth death beloved sister famous actress plunged balcony manhattan penthouse find determine fate ted winter handsome business tycoon stand accused murder monterey background sparkle sun money glamour elizabeth stalk shadow darken dread danger shadow threaten reveal stunning truth sister
dombey and son,this new edition contains dickenss prefaces working plans and all the original illustrations it is supplemented by a substantial new introduction highlighting dickenss engagement with his times and the touching exploration of family relationships which give the novel added depth and relevance the notes and bibliography have been substantially revised extended and updated,mystery,2008,charles dickens,new edition contains dickens preface working plan original illustration supplemented substantial new introduction highlighting dickens engagement time touching exploration family relationship give novel added depth relevance note bibliography substantially revised extended updated
the no 1 ladies detective agency,set in africa with an engaging heroine who could give miss marple a run for her money,mystery,1998,alexander mccall smith,set africa engaging heroine could give miss marple run money
the husband,landscaper mitch rafferty has sixty hours to come up with two million dollars as a ransom for his kidnapped wife,mystery,2006,dean ray koontz,landscaper mitch rafferty sixty hour come two million dollar ransom kidnapped wife
the daughter of time,a hospitalized english policeman reconstructs historical evidence concerning richard iiis role in the murder of edward ivs two sons,mystery,1988,josephine tey,hospitalized english policeman reconstructs historical evidence concerning richard iii role murder edward iv two son
a bone to pick,a bone to pick by charlaine harris released on nov 24 1993 is available now for purchase,mystery,1994,charlaine harris,bone pick charlaine harris released nov 24 1993 available purchase
get shorty,miami mob littleguy loan shark chili palmer is seriously thinking of a career change when a client skips town pursuit leads him to laand the rest as they say is history,mystery,1990,elmore leonard,miami mob littleguy loan shark chili palmer seriously thinking career change client skip town pursuit lead laand rest say history
turbo twentythree,bounty hunter stephanie plum receives support from prostituteturnedbounty hunter lula guntoting grandma mazur onagainoffagain paramour joe morelli and mentor ranger,mystery,2016,janet evanovich,bounty hunter stephanie plum receives support prostituteturnedbounty hunter lula guntoting grandma mazur onagainoffagain paramour joe morelli mentor ranger
a case of need,a case of need is michael crichtons awardwinning debut novel written shortly after he completed his medical internship set against the everbuilding pressure and pace of a large boston medical center the tensions flareand explodewhen a surgical operation tragically ends in death raising countless questions was it accidental malpractice a violation of the hippocratic oath or coldblooded murder,mystery,1969,michael crichton jeffrey hudson,case need michael crichton awardwinning debut novel written shortly completed medical internship set everbuilding pressure pace large boston medical center tension flareand explodewhen surgical operation tragically end death raising countless question accidental malpractice violation hippocratic oath coldblooded murder
the secret in the old lace,while in belgium investigating the mystery surrounding an antique cross nancy and her friends learn that her entry in a short story contest may somehow be involved,mystery,1989,carolyn keene,belgium investigating mystery surrounding antique cross nancy friend learn entry short story contest may somehow involved
where are you now,driven to solve the mystery of an older siblings disappearance ten years earlier young lawyer carolyn mackenzie investigates a bizarre community of people who choose to disappear embarking on a quest with lifethreatening consequences,mystery,2009,mary higgins clark,driven solve mystery older sibling disappearance ten year earlier young lawyer carolyn mackenzie investigates bizarre community people choose disappear embarking quest lifethreatening consequence
the mystery of edwin drood,tells of the mysterious murder of edwin drood in midnineteenth century england,mystery,1989,charles dickens,tell mysterious murder edwin drood midnineteenth century england
evil under the sun,the queen of mystery has come to harper collins agatha christie the acknowledged mistress of suspensecreator of indomitable sleuth miss marple meticulous belgian detective hercule poirot and so many other unforgettable charactersbrings her entire oeuvre of ingenious whodunits locked room mysteries and perplexing puzzles to harper paperbacks the classic evil under the sun one of the most famous of christies poirot investigations has the fastidious sleuth on the trail of the killer of a sunbronzed beauty whose death brings some rather shocking secrets into the light,mystery,1941,agatha christie,queen mystery come harper collins agatha christie acknowledged mistress suspensecreator indomitable sleuth miss marple meticulous belgian detective hercule poirot many unforgettable charactersbrings entire oeuvre ingenious whodunit locked room mystery perplexing puzzle harper paperback classic evil sun one famous christie poirot investigation fastidious sleuth trail killer sunbronzed beauty whose death brings rather shocking secret light
my name is red,in the late 1590s the turkish sultan secretly commissions an illuminated book a celebration of his life and his empire at a time of violent fundamentalism however this is a dangerous proposition then one of the miniaturists is murdered the sultan demands an answer within three days,mystery,2001,orhan pamuk,late 1590s turkish sultan secretly commission illuminated book celebration life empire time violent fundamentalism however dangerous proposition one miniaturist murdered sultan demand answer within three day
true evil,true evil tells the story of a divorce attorney who may be orchestrating the deaths of his clients spouses bringing new meaning to the phrase til death do us part dr chris shepard is thirtysix years old newly married and well on his way to a perfect life or so he believes but that future is forever cast into doubt the day special agent alexandra morse walks into his office and drops a bombshell dr shepards beautiful new wife is plotting his murder shepard is so shocked that he almost throws agent morse out of his office yet once he is alone doubt begins to gnaw at him paranoia magnifies the small cracks in his marital relationship and soon he can have no peace unless he knows the truth when agent morse reappears chris agrees to act as bait to help her unravel the divorce lawyers scheme which may already have cost nine unsuspecting spouses their lives at the center of the mystery lies a maddeningly simple question if these people really were murdered why cant the fbi prove it rigorous autopsies have uncovered no forensic evidence of foul play and the police believe no crimes have occurred as dr shepard and agent morse struggle against an invisible adversary shepard realizes that hes working with a desperate woman the reason the killers last known victim was alex morses sister who from her deathbed accused her husband of murder and extracted a vow that alex save her tenyearold nephew from his father this has driven alex to risk both her life and her career to fulfill that vow but chris shepard soon feels desperation of his own as he probes his wifes hidden past he is confronted by the probability that the woman he loves wants him deadbook jacket,mystery,2007,greg iles,true evil tell story divorce attorney may orchestrating death client spouse bringing new meaning phrase til death u part dr chris shepard thirtysix year old newly married well way perfect life belief future forever cast doubt day special agent alexandra morse walk office drop bombshell dr shepard beautiful new wife plotting murder shepard shocked almost throw agent morse office yet alone doubt begin gnaw paranoia magnifies small crack marital relationship soon peace unless know truth agent morse reappears chris agrees act bait help unravel divorce lawyer scheme may already cost nine unsuspecting spouse life center mystery lie maddeningly simple question people really murdered cant fbi prove rigorous autopsy uncovered forensic evidence foul play police believe crime occurred dr shepard agent morse struggle invisible adversary shepard realizes he working desperate woman reason killer last known victim alex mors sister deathbed accused husband murder extracted vow alex save tenyearold nephew father driven alex risk life career fulfill vow chris shepard soon feel desperation probe wife hidden past confronted probability woman love want deadbook jacket
what mrs mcgillicuddy saw,miss marple helps her friend mrs mcgillicuddy prove she saw a murder,mystery,1957,agatha christie,miss marple help friend mr mcgillicuddy prove saw murder
the black tower,responding to an old friends call commander adam dalgliesh travels to toynton grange a convalescence home in dorset where he finds his friend dead and himself weakened by a recent illness encounters multiple murder and malicious intrigue,mystery,1975,p d james,responding old friend call commander adam dalgliesh travel toynton grange convalescence home dorset find friend dead weakened recent illness encounter multiple murder malicious intrigue
blood price,blood ties now an original series on lifetimecover,mystery,2013,tanya huff,blood tie original series lifetimecover
the mysterious mr quin,prompted by mr quins strange influence mr saterthwaite begins unravelling mysteries that seem insoluble stories include the coming of mr quin the shadow on the glass at the bells and motley the sign in the sky the soul of the croupier the man from the sea and many more,mystery,1993,agatha christie,prompted mr quin strange influence mr saterthwaite begin unravelling mystery seem insoluble story include coming mr quin shadow glass bell motley sign sky soul croupier man sea many
while my pretty one sleeps,gossip columnist ethel launbston is murdered and boutique owner neeve kearny is plunged into a tangled web not realizing that her own life is threatened,mystery,1990,mary higgins clark,gossip columnist ethel launbston murdered boutique owner neeve kearny plunged tangled web realizing life threatened
in the last analysis,the classic very first novel in the acclaimed mystery series starring english lit professor kate fansler now repackaged in the exciting new look of the most recent amanda cross mysteries by the author of honest doubt,mystery,1982,amanda cross,classic first novel acclaimed mystery series starring english lit professor kate fansler repackaged exciting new look recent amanda cross mystery author honest doubt
fatal voyage,applies her cuttingedge scientific knowhow to the probe of a heartbreaking commercial airliner crash,mystery,2001,kathy reichs,applies cuttingedge scientific knowhow probe heartbreaking commercial airliner crash
the da vinci code,harvard professor robert langdon receives an urgent latenight phone call while on business in paris the elderly curator of the louvre jacques saunire has been brutally murdered inside the museum alongside the body police have found a series of baffling codes as langdon and a gifted french cryptologist sophie neveu begin to sort through the bizarre riddles they are stunned to find a trail that leads to the works of leonardo da vinci  and suggests the answer to a mystery that stretches deep into the vault of history langdon suspects the late curator was involved in the priory of sion  a centuries old secret society  and has sacrificed his life to protect the priorys most sacred trust the location of a vastly important religious relic hidden for centuries but it now appears that opus dei a clandestine sect that has long plotted to seize the prirorys secret has now made its move unless langdon and neveu can decipher the labyrinthine code and quickly assemble the pieces of the puzzle the priorys secret  and a stunning historical truth  will be lost forever breaking the mould of traditional suspense novels the da vinci code is simultaneously lightningpaced intelligent and intricately layered with remarkable research and detail and in this exclusive edition dan brown allows the reader behind the scenes of the novel which now incorporates over 150 photographs and illustrations throughout the text showing the rich historical tapestry from which he drew his inspiration the visual sources which provide both the backdrop and the stimulus for the novels action are revealed for the first time and uniquely complement the reading experience,mystery,2004,dan brown,harvard professor robert langdon receives urgent latenight phone call business paris elderly curator louvre jacques saunire brutally murdered inside museum alongside body police found series baffling code langdon gifted french cryptologist sophie neveu begin sort bizarre riddle stunned find trail lead work leonardo da vinci suggests answer mystery stretch deep vault history langdon suspect late curator involved priory sion century old secret society sacrificed life protect priory sacred trust location vastly important religious relic hidden century appears opus dei clandestine sect long plotted seize prirorys secret made move unless langdon neveu decipher labyrinthine code quickly assemble piece puzzle priory secret stunning historical truth lost forever breaking mould traditional suspense novel da vinci code simultaneously lightningpaced intelligent intricately layered remarkable research detail exclusive edition dan brown allows reader behind scene novel incorporates 150 photograph illustration throughout text showing rich historical tapestry drew inspiration visual source provide backdrop stimulus novel action revealed first time uniquely complement reading experience
endless night,when penniless michael rogers discovers the beautiful house at gipsys acre and then meets the heiress ellie it seems that all his dreams have come true at once but he ignores an old womans warning of an ancient curse and evil begins to stir in paradise as michael soon lears gipysys acre is the place where fatal accidents happenpublisher description,mystery,2012,agatha christie,penniless michael rogers discovers beautiful house gipsy acre meet heiress ellie seems dream come true ignores old woman warning ancient curse evil begin stir paradise michael soon lear gipysys acre place fatal accident happenpublisher description
riverboat ruse,nancy is on a riverboat mystery cruise when an actual theft occurs,mystery,2005,carolyn keene,nancy riverboat mystery cruise actual theft occurs
the beekeepers apprentice  or on the segregation of the queen,a chance meeting with an elderly beekeeper turns into a pivotal personal transformation when fifteenyearold mary russell discovers that the beekeeper is the reclusive sherlock holmes who soon takes on the role of mentor and teacher,mystery,1996,laurie r king,chance meeting elderly beekeeper turn pivotal personal transformation fifteenyearold mary russell discovers beekeeper reclusive sherlock holmes soon take role mentor teacher
full dark no stars,in four previously unpublished short works a man explores his dark nature a writer confronts a stranger a cancer patient makes a deal with the devil and a woman makes a horrifying discovery about her husband,mystery,2010,stephen king,four previously unpublished short work man explores dark nature writer confronts stranger cancer patient make deal devil woman make horrifying discovery husband
the anastasia syndrome,trapped in her seventeethcentury past a brilliant writer exacts an ancient revenge in the twentieth a child wanders lost and alone in the maze of new york a lottery ticket turns up a winning combination of love and death,mystery,1990,mary higgins clark,trapped seventeethcentury past brilliant writer exacts ancient revenge twentieth child wanders lost alone maze new york lottery ticket turn winning combination love death
hercule poirots christmas,christmas eve and the lee familys reunion is shattered by a deafening crash of furniture and a highpitched wailing scream upstairs the tyrannical simeon lee lies dead in a pool of blood histhroat slashed when hercule poirot offers to assist he finds an atmosphere not of mourning but of mutual suspicion it seems everyone had their own reason to hatethe old man   ,mystery,1987,agatha christie,christmas eve lee family reunion shattered deafening crash furniture highpitched wailing scream upstairs tyrannical simeon lee lie dead pool blood histhroat slashed hercule poirot offer assist find atmosphere mourning mutual suspicion seems everyone reason hatethe old man
wellschooled in murder,authors style compared to p d james and ruth rendell,mystery,1991,elizabeth george,author style compared p james ruth rendell
450 from paddington,elspeth looked out the train window into the train drawing alongside and was horrified to see a man strangling a woman the body crumpled and then the other train drew away but no one believed elspeths storyexcept her friend miss marple,mystery,1987,agatha christie,elspeth looked train window train drawing alongside horrified see man strangling woman body crumpled train drew away one believed elspeths storyexcept friend miss marple
the abc murders,when alice ascher is murdered in andover hercule poirot is already onto the clues alphabetically speaking its one down 25 to go this classic mystery is now repackaged in a digestsized edition for young adults reissue,mystery,1993,agatha christie,alice ascher murdered andover hercule poirot already onto clue alphabetically speaking one 25 go classic mystery repackaged digestsized edition young adult reissue
the ritual bath,faye kellerman wife of jonathan kellerman bestselling author of when the bough breaks weaves a fascinating mystery set in los angeles orthodox jewish community,mystery,1991,faye kellerman,faye kellerman wife jonathan kellerman bestselling author bough break weave fascinating mystery set los angeles orthodox jewish community
the wings of the sphinx,food love and murdersicilian stylefeature prominently in the gripping 11th installment of the new york timesbestselling montalbano mystery series,mystery,2009,andrea camilleri,food love murdersicilian stylefeature prominently gripping 11th installment new york timesbestselling montalbano mystery series
merry christmas alex cross,its christmas eve and detective alex cross is called away from his family to resolve a horrific hostage situation that is spiraling out of control,mystery,2012,james deane patterson,christmas eve detective alex cross called away family resolve horrific hostage situation spiraling control
why didnt they ask evans,when a man plunges down a cliff two adventurous young friends decide to find his killer while playing an erratic round of golf bobby jones slices his ball over the edge of a cliff his ball is lost but on the rocks below he finds the crumpled body of a dying man with his final breath the man opens his eyes and says why didnt they ask evans haunted by these words bobby and his vivacious companion frankie set out to solve a mystery that will bring them into mortal danger,mystery,2001,agatha christie,man plunge cliff two adventurous young friend decide find killer playing erratic round golf bobby jones slice ball edge cliff ball lost rock find crumpled body dying man final breath man open eye say didnt ask evans haunted word bobby vivacious companion frankie set solve mystery bring mortal danger
hard news,working as an assistant camera operator for a major news network rune discovers a tape in the networks archives of a man convicted of murder and convinced of his innocence she begins resurrecting the old murder case,mystery,2001,jeffery deaver,working assistant camera operator major news network rune discovers tape network archive man convicted murder convinced innocence begin resurrecting old murder case
the girl with the dragon tattoo,perfectly timed before the july publication of larssons second book in this seriesthe girl who played with firethis international publishing sensation introduces readers to mikael blomqvist and lisbeth salander the stars of both contagiously exciting books,mystery,2008,stieg larsson,perfectly timed july publication larssons second book seriesthe girl played firethis international publishing sensation introduces reader mikael blomqvist lisbeth salander star contagiously exciting book
false moves,nancy must help her exboyfriend as he tries to clear his new girlfriends name,mystery,1987,carolyn keene,nancy must help exboyfriend try clear new girlfriend name
the black opal,abandoned as a baby her exotic beauty prompted hushed whispers of gypsy blood but lovely carmel march remained shrouded in mystery when tragedy struck her adopted home of commonwood house little carmel had been bundled off to australia returning to england as a young woman she became haunted by questions from her past as well as the shocking revelation that she had been rushed from a murder scene those many years ago yet she was convinced that the wrong man had been sentenced for the crime was the answer locked away in her childhood memoryor in the dark secretive behavior of her old childhood friend lucian and what fateful role did the opalsalways present at crucial moments of her lifeplay for only when she released the dark secrets imprisoned at commonwood would she find the freedom to love victoria holts mysteries are among the best minneapolis star  tribune the prolific miss holtcombines suspense and romance with the masters touch boston herald,mystery,1994,eleanor burford hibbert victoria holt,abandoned baby exotic beauty prompted hushed whisper gypsy blood lovely carmel march remained shrouded mystery tragedy struck adopted home commonwood house little carmel bundled australia returning england young woman became haunted question past well shocking revelation rushed murder scene many year ago yet convinced wrong man sentenced crime answer locked away childhood memoryor dark secretive behavior old childhood friend lucian fateful role opalsalways present crucial moment lifeplay released dark secret imprisoned commonwood would find freedom love victoria holts mystery among best minneapolis star tribune prolific miss holtcombines suspense romance master touch boston herald
kiss,the policemen of the 87th precinct are uneasy about the threats on a womans life,mystery,1992,ed mcbain,policeman 87th precinct uneasy threat woman life
wanted mud blossom,with disappearances a possible kidnapping and maybe even a murder or two its anything but a boring weekend at the blossoms,mystery,1991,betsy cromer byars,disappearance possible kidnapping maybe even murder two anything boring weekend blossom
the abc murders,a is for ascher cudgeled in andover b is for barnard strangled in bexhill c is for clarke struck down in churston beside each body is an abc railway guide before each murder hercule poirot is notified in one of christies most twisted tales the meticulous belgian sleuth must navigate the eerie maze of a serial killers mind d is for doncaster where the next victim dies e is for evidence ingeniously analyzed,mystery,1936,agatha christie,ascher cudgeled andover b barnard strangled bexhill c clarke struck churston beside body abc railway guide murder hercule poirot notified one christie twisted tale meticulous belgian sleuth must navigate eerie maze serial killer mind doncaster next victim dy e evidence ingeniously analyzed
miss silvers past,karel leden works in the state publishing house in prague where you publish what the party likes or risk life and liberty then the beautiful mysterious lenka silver arrives passions riseand suddenly there is a murder there are plenty of suspects but all that is certain is that the affair is in some way connected to miss silvers past,mystery,1995,josef škvorecký,karel leden work state publishing house prague publish party like risk life liberty beautiful mysterious lenka silver arrives passion riseand suddenly murder plenty suspect certain affair way connected miss silver past
from doon with death,love and death said chief inspector wexford those were the only two sensational things that ever happened to margaret parsons love and death the thing is they both happened in my district the police knew all about margaret parsons life and by the look of it it was very dull she had been a good woman religious oldfashioned and respectable her life had been as spotless and ordinary as her home as unexciting and dependable as her marriage but it was not margaret parsons life that interested wexford it was her death she had been a predictable ordinary woman  but now she had met a death of passion and violence for which there seemed neither motive nor clue,mystery,2005,ruth rendell,love death said chief inspector wexford two sensational thing ever happened margaret parson love death thing happened district police knew margaret parson life look dull good woman religious oldfashioned respectable life spotless ordinary home unexciting dependable marriage margaret parson life interested wexford death predictable ordinary woman met death passion violence seemed neither motive clue
the case of the bizarre bouquets,fourteenyearold enola holmes disguised as a beautiful woman finds clues in floral bouquets as she searches for the missing doctor watson a companion of her famous older brother sherlock,mystery,2009,nancy springer,fourteenyearold enola holmes disguised beautiful woman find clue floral bouquet search missing doctor watson companion famous older brother sherlock
the redeemer,as christmas approaches detective harry hole investigates the murder of a salvation army singer who turns out to have been shot by mistake,mystery,2009,jo nesbø,christmas approach detective harry hole investigates murder salvation army singer turn shot mistake
from potters field,dr kay scarpetta matches wits with a sadistic killer who infiltrates the fbis topsecret artificial intelligence system and closes in on scarpetta herself,mystery,1996,patricia daniels cornwell,dr kay scarpetta match wit sadistic killer infiltrates fbi topsecret artificial intelligence system close scarpetta
the truth is out there,pour en savoir plus sur la série culte des années 90 pour avoir accès à des informations confidentielles diffusées nulle part ailleurs plongezvous dans le seul guide officiel de la série vous y découvrirez   le résumé complet des enquêtes de fox mulder et dana scully agents du fbi en charge des affaires non classées  des photos inédites  de précieux renseignements sur les conditions de tournage et la réalisation des effets spéciaux  des interviews exclusives du créateur de la série chris carter des deux héros gillian anderson et david duchovny  une étude approfondie des personnages de mulder et scully etc phénomènes paranormaux ovnis vampires réincarnés petits hommes verts manipulations génétiques laissezvous séduire par ces enquêtes au savoirfaire subtil où le vraisemblable nest jamais sûr et linvraisemblable une évidence ,mystery,1995,brian lowry chris carter,pour en savoir plus sur la série culte de années 90 pour avoir accès à de information confidentielles diffusées nulle part ailleurs plongezvous dans le seul guide officiel de la série vous découvrirez le résumé complet de enquêtes de fox mulder et dana scully agent du fbi en charge de affaire non classées de photo inédites de précieux renseignements sur le condition de tournage et la réalisation de effets spéciaux de interview exclusive du créateur de la série chris carter de deux héros gillian anderson et david duchovny une étude approfondie de personnages de mulder et scully etc phénomènes paranormaux ovnis vampire réincarnés petits hommes verts manipulation génétiques laissezvous séduire par ce enquêtes au savoirfaire subtil où le vraisemblable nest jamais sûr et linvraisemblable une évidence
bitter medicine,chicago private eye vi warshawski knows from the start that consuelo alvarados baby is trouble consuelo is sixteen diabetic and the daughter of a friend when she goes into labor too early even vis wild drive to get her to the hospital cant save either consuelo or her child soon vi is investigating possible malpractice at the emergency roomand falling for a doctor who works there mixing business and love is always bad medicine but vi finds herself listening to her heart not her head and when a brutal murder and the violent destruction of a womens clinic put her at the center of a very dirty conspiracy justice may be the only remedy for a hurt that cuts deepand chills right to the bone,mystery,1988,sara paretsky,chicago private eye vi warshawski know start consuelo alvarados baby trouble consuelo sixteen diabetic daughter friend go labor early even vi wild drive get hospital cant save either consuelo child soon vi investigating possible malpractice emergency roomand falling doctor work mixing business love always bad medicine vi find listening heart head brutal murder violent destruction womens clinic put center dirty conspiracy justice may remedy hurt cut deepand chill right bone
funeral in blue,when two women one of them the wife of the accused killer are found strangled in the studio of a london artist william monk his wife hester and lady callandra daviot set out to clear their friends name,mystery,2002,anne perry,two woman one wife accused killer found strangled studio london artist william monk wife hester lady callandra daviot set clear friend name
plain truth,the discovery of a dead baby under a pile of old blankets in aaron fishers barn sets off a scandal in amish country and an investigation that could implicate fishers eighteenyearold daughter,mystery,2004,jodi picoult,discovery dead baby pile old blanket aaron fisher barn set scandal amish country investigation could implicate fisher eighteenyearold daughter
the black circle,enter the world of geronimo stilton where another funny adventure is always right around the corner each book is a fastpaced adventure with lively art and a unique format kids 710 will love have you met my very young assistant editor pinky pick she is only thirteen years old but she is one of the cleverest mice ive ever known if youve ever wondered how pinky came to work for me at the rodents gazette this is the book for you its a looooong story and one thats full of adventure laughs and of course like all of my books lots of embarrassing moments for yours truly,mystery,2009,patrick carman,enter world geronimo stilton another funny adventure always right around corner book fastpaced adventure lively art unique format kid 710 love met young assistant editor pinky pick thirteen year old one cleverest mouse ive ever known youve ever wondered pinky came work rodent gazette book looooong story one thats full adventure laugh course like book lot embarrassing moment truly
fractured,discover second book in the gripping will trent series from the sunday times bestselling crime and thriller author her characters plot and pacing are unrivalled michael connelly one of the boldest thriller writers working today tess gerritsen now a major tv series on disney  when atlanta housewife abigail campano comes home one afternoon she walks into a nightmare a broken window a bloody footprint on the stairs and her teenage daughter lying dead on the landing a man standing over her with a knife the struggle which follows changes abigails life forever now in the relentless heat of a georgia summer special agent will trent must find the brutal killer who has targeted one of atlantas wealthiest most privileged communities  before its too late  crime and thriller masters know theres nothing better than a little slaughter passion intensity and humanity lee child id follow her anywhere gillian flynn a writer of extraordinary talents kathy reichs fiction does not get any better than this jeffery deaver a great writer at the peak of her powers peter james raw powerful and utterly gripping kathryn stockett with heart and skill karin slaughter keeps you hooked from the first page until the very last camilla lackberg amongst the worlds greatest and finest crime writers yrsa sigur ard ttir karin slaughter sunday times bestseller july 2023,mystery,2009,karin slaughter,discover second book gripping trent series sunday time bestselling crime thriller author character plot pacing unrivalled michael connelly one boldest thriller writer working today tess gerritsen major tv series disney atlanta housewife abigail campano come home one afternoon walk nightmare broken window bloody footprint stair teenage daughter lying dead landing man standing knife struggle follows change abigails life forever relentless heat georgia summer special agent trent must find brutal killer targeted one atlanta wealthiest privileged community late crime thriller master know there nothing better little slaughter passion intensity humanity lee child id follow anywhere gillian flynn writer extraordinary talent kathy reich fiction get better jeffery deaver great writer peak power peter james raw powerful utterly gripping kathryn stockett heart skill karin slaughter keep hooked first page last camilla lackberg amongst world greatest finest crime writer yrsa sigur ard ttir karin slaughter sunday time bestseller july 2023
the mirror crackd from side to side,miss marple,mystery,1962,agatha christie,miss marple
firestorm,an arson specialist and her evidencesniffing golden retriever are at the heart of johansens latest explosive thriller,mystery,2004,iris johansen,arson specialist evidencesniffing golden retriever heart johansens latest explosive thriller
purrfect crime,unique collection of murder crimes muse of humanitys ancient companion the cat,mystery,1996,martin harry greenberg carollynn rossel waugh isaac asimov,unique collection murder crime muse humanity ancient companion cat
death comes as the end,seeking peace after her husbands death the kapriests daughter renisenb returns to her fathers house on the banks of the nile but beneath the calm surface of his prosperous household lurk greed lust and hate when the grisly death of the beautiful and venomous concubine nofret is dismissed as fate renisenb becomes increasingly convinced that the source of evil lurks within  and watches as the familys passion explode in murder,mystery,1993,agatha christie,seeking peace husband death kapriests daughter renisenb return father house bank nile beneath calm surface prosperous household lurk greed lust hate grisly death beautiful venomous concubine nofret dismissed fate renisenb becomes increasingly convinced source evil lurks within watch family passion explode murder
the moving finger,anonymous letters are sent to almost everyone in the quiet village of lymstock after suicide and murder occur the vicars wife calls in her own expertmiss jane marple,mystery,2000,agatha christie,anonymous letter sent almost everyone quiet village lymstock suicide murder occur vicar wife call expertmiss jane marple
fatal,matt rutledge has spent the last five years trying to find the link between the deaths of his father and wife he suspects belinda coke had released toxic chemicals into the environment that caused the belinda syndrome,mystery,2002,michael palmer,matt rutledge spent last five year trying find link death father wife suspect belinda coke released toxic chemical environment caused belinda syndrome
georges secret key to the universe,george and his new friends annie and her dad eric travel around the universe with the help of erics supercomputer cosmos but someone steals cosmos and it is up to george to save cosmos and eric who has fallen into a black hole includes scientific facts and photos about space suggested level primary intemediate,mystery,2007,lucy hawking stephen hawking christophe galfard,george new friend annie dad eric travel around universe help erics supercomputer cosmos someone steal cosmos george save cosmos eric fallen black hole includes scientific fact photo space suggested level primary intemediate
hide,opening up a newspaper to discover that she is supposed to be dead annabelle mary granger finds herself trapped in the middle of a twodecadesold crime that leads her to homicide detective bobby dodge and a confrontation with two separate killers,mystery,2007,lisa gardner,opening newspaper discover supposed dead annabelle mary granger find trapped middle twodecadesold crime lead homicide detective bobby dodge confrontation two separate killer
the hound of the baskervilles,part of the andre deutsch classics series a classic mystery story which features sherlock holmes who is called upon to investigate reports of a beast which is terrorizing an american gentleman and his family includes an introduction by trevor mcdonald,mystery,1985,arthur conan doyle,part andre deutsch classic series classic mystery story feature sherlock holmes called upon investigate report beast terrorizing american gentleman family includes introduction trevor mcdonald
payment in blood,inspector thomas fynley of scotland yard is possessed by a fierce attraction to a murder suspect while investigating the savage slaying of a controversial playwright,mystery,1990,elizabeth george,inspector thomas fynley scotland yard possessed fierce attraction murder suspect investigating savage slaying controversial playwright
waiting for wednesday,while consulting on the murder of housewife who was hiding a shocking secret brilliant psychotherapist frieda klein is brought closer to a serial killer who has long escaped detection and wonders if she is solving both cases or if she is the victim of her own paranoid fragile mind,mystery,2014,nicci french,consulting murder housewife hiding shocking secret brilliant psychotherapist frieda klein brought closer serial killer long escaped detection wonder solving case victim paranoid fragile mind
cat among the pigeons,another term has begun at meadowbank a prestigious wellrespected british girls school the indomitable headmistress is preparing to retire and name her successor there is a disconcertingly mature middle eastern princess among the students and several new staff members in residence and a brandnew sports pavilion is the pride of the campus,mystery,1994,agatha christie,another term begun meadowbank prestigious wellrespected british girl school indomitable headmistress preparing retire name successor disconcertingly mature middle eastern princess among student several new staff member residence brandnew sport pavilion pride campus
second wind,a hurricanechasing trip to the caribbean spells danger for english meteorologist perry stuart as a terrifying accident during his holiday excursion reveals deadly secrets that could get him killed,mystery,2000,dick francis,hurricanechasing trip caribbean spell danger english meteorologist perry stuart terrifying accident holiday excursion reveals deadly secret could get killed
the pale horse,the pale horse is a converted tudor inn in an english village inhabited by the local witch and an inane medium mark easterbrook thinks them harmless fools until he learns about the gang that specialises in the removal of rich unwanted relatives,mystery,2006,agatha christie hugh fraser,pale horse converted tudor inn english village inhabited local witch inane medium mark easterbrook think harmless fool learns gang specialises removal rich unwanted relative
shark music,the final novel in the bestselling mallory series a mutilated body is found lying on the ground in chicago a dead hand pointing down adams street also known as route 66 a road of many names and now of many deaths a silent caravan of cars dozens of them drives down the road each passenger bearing a photograph but none of them the same they are the parents of missing children some recently disappeared some gone a decade or more  all brought together by the word that childrens gravesites are being discovered along the mother road detective sergeant kathy mallory drives with them the child she seeks though is not like the others it is herself  the feral child adopted off the streets her father unknown her mother dead their past a mystery during the next few extraordinary days mallory will find herself hunting a killer like none she has come across before and uncovering the secrets that have haunted her all her life,mystery,2008,carol oconnell,final novel bestselling mallory series mutilated body found lying ground chicago dead hand pointing adam street also known route 66 road many name many death silent caravan car dozen drive road passenger bearing photograph none parent missing child recently disappeared gone decade brought together word childrens gravesites discovered along mother road detective sergeant kathy mallory drive child seek though like others feral child adopted street father unknown mother dead past mystery next extraordinary day mallory find hunting killer like none come across uncovering secret haunted life
the big four,framed in the doorway of poirots bedroom stands an uninvited guest coated from head to foot in dust the gaunt mans face stares for a moment then sways and falls who is he and what is the significance of the figure four scribbled repeatedly on a piece of paper,mystery,1965,agatha christie,framed doorway poirots bedroom stand uninvited guest coated head foot dust gaunt man face stare moment sway fall significance figure four scribbled repeatedly piece paper
the late show,a pulsepounding thriller introducing a driven young detective trying to prove herself in the lapd,mystery,2017,michael connelly,pulsepounding thriller introducing driven young detective trying prove lapd
the other daughter,what you dont know can kill you in texas a serial killer is executed taking to his grave the identity of his only child in boston a nineyearold girl is abandoned in a hospital then adopted by a wealthy young couple twenty years later melanie stokes still considers herself lucky until until the terrifying visions begin until a hasbeen reporter starts investigating her past until the first note arrives saying you get what you deserve melanie had lost all memory of her life before the adoption and now someone wants to give it back even if it includes the darkest nightmare the stokes family ever faced the murder of their first daughter in texas as melanie pursues every lead chases every shadow in the search for her real identity two seemingly unrelated events from twenty years ago will come together in a dangerous explosion of truth and with her very life at stake melanie will fear that the family she loves the most may be the people she should trust the least,mystery,2004,lisa gardner,dont know kill texas serial killer executed taking grave identity child boston nineyearold girl abandoned hospital adopted wealthy young couple twenty year later melanie stokes still considers lucky terrifying vision begin hasbeen reporter start investigating past first note arrives saying get deserve melanie lost memory life adoption someone want give back even includes darkest nightmare stokes family ever faced murder first daughter texas melanie pursues every lead chase every shadow search real identity two seemingly unrelated event twenty year ago come together dangerous explosion truth life stake melanie fear family love may people trust least
mystery of smugglers cove,originally published new york simon  schuster c1980,mystery,1988,franklin dixon,originally published new york simon schuster c1980
the woman in blue,when a woman matching the description of an apparition mistaken for the virgin mary is found dead at the same time an anglican priest begins receiving threatening letters ruth galloway teams up with cathbad and dci harry nelson to investigate a string of deaths tied to religious fanaticism in the medieval town of little walsingham,mystery,2016,elly griffiths,woman matching description apparition mistaken virgin mary found dead time anglican priest begin receiving threatening letter ruth galloway team cathbad dci harry nelson investigate string death tied religious fanaticism medieval town little walsingham
by the pricking of my thumbs,when tommy and tuppence beresford visit an elderly aunt in sunny ridge her gothic nursing home they think nothing of her mistrust of the doctors after all ada is a very old lady  and very difficult,mystery,1968,agatha christie,tommy tuppence beresford visit elderly aunt sunny ridge gothic nursing home think nothing mistrust doctor ada old lady difficult
the colorado kid,a novice newspaperwoman gains insight into the nature of mystery itself when her mentors tell her about a 25yearold unsolved investigation involving a dead man found on a maine beach,mystery,2005,stephen king,novice newspaperwoman gain insight nature mystery mentor tell 25yearold unsolved investigation involving dead man found maine beach
diamonds are forever,tiffany case a cold gorgeous devilmaycare blonde stands between james bond and the leaders of a diamondsmuggling ring that stretches from africa to london to the united states bond uses her to infiltrate this gang but once in america the hunter becomes the hunted agent 007 is in real danger until help comes from an unlikely quarter the ice maiden herselfpublisher description,mystery,1964,ian fleming,tiffany case cold gorgeous devilmaycare blonde stand james bond leader diamondsmuggling ring stretch africa london united state bond us infiltrate gang america hunter becomes hunted agent 007 real danger help come unlikely quarter ice maiden herselfpublisher description
a dangerous fortune,a great family of merchant bankers infected by the poison of ambition and greed for the pilasters sex and love are weapons in a war for power and wealth one explosive secret becomes the weak link that can bring down a dynasty in 1866 tragedy strikes at an exclusive public school a pupil drowns in a mysterious accident involving several boys among them ate young high pilaster his cousin edward the weak dissolute heir to the pilaster banking fortune and micky miranda the darkly handsome son of a brutal south american landowner the drowning and its aftermath initiate a spiralling circle of treachery that will last three decades and entwine many lives spanning the years when an empire tightens its grip on a faraway world and revolution begets a tide of violent change a dangerous fortune portrays a family bound inexorably by a shared legacy and brings us men and women swept towards a perilous climax where greed fed by the shocking truth of a boys death must be stopped  otherwise not just one mans dreams but those of a nation will die,mystery,1993,ken follett,great family merchant banker infected poison ambition greed pilaster sex love weapon war power wealth one explosive secret becomes weak link bring dynasty 1866 tragedy strike exclusive public school pupil drowns mysterious accident involving several boy among ate young high pilaster cousin edward weak dissolute heir pilaster banking fortune micky miranda darkly handsome son brutal south american landowner drowning aftermath initiate spiralling circle treachery last three decade entwine many life spanning year empire tightens grip faraway world revolution begets tide violent change dangerous fortune portrays family bound inexorably shared legacy brings u men woman swept towards perilous climax greed fed shocking truth boy death must stopped otherwise one man dream nation die
the naming of the dead,when the leaders of the free world descend on scotland for an international conference every cop in the country is needed to control the mob of protestors in edinburghs streets  except one inspector john rebuss reputation precedes him so while presidents bush and putin confer in isolated splendor rebus mans an empty police station safely out of the way where he cant offend any visiting dignitaries then a delegate falls to his death during a preconference dinner at edinburgh castle and rebus is given what looks like a simple suicide to write up but even as he keeps it out of the headlines rebus probes where no probing is wanted  and doesnt like the side steps and power plays his questions engender and this week edinburgh is a dangerous place to be rebus also investigates the death of a recently paroled rapist murdered in a particularly grisly fashion the discovery of more bodies leads rebus to consider an unexpected and politically unacceptable possibility amid political drama and street theater and with egos on parade at every level rebus works the thorniest case hes ever encountered with danger on a scale beyond his darkest imaginingsbook jacket,mystery,2006,ian rankin,leader free world descend scotland international conference every cop country needed control mob protestors edinburgh street except one inspector john rebus reputation precedes president bush putin confer isolated splendor rebus man empty police station safely way cant offend visiting dignitary delegate fall death preconference dinner edinburgh castle rebus given look like simple suicide write even keep headline rebus probe probing wanted doesnt like side step power play question engender week edinburgh dangerous place rebus also investigates death recently paroled rapist murdered particularly grisly fashion discovery body lead rebus consider unexpected politically unacceptable possibility amid political drama street theater ego parade every level rebus work thorniest case he ever encountered danger scale beyond darkest imaginingsbook jacket
crooked house,shakespeare survey is a yearbook of shakespeare studies and production since 1948 survey has published the best international scholarship in english and many of its essays have become classics of shakespeare criticism each volume is devoted to a theme or play or group of plays each also contains a section of reviews of the previous years textual and critical studies and of major british performances the books are illustrated with a variety of shakespearean images and production photographs the current editor of survey is peter holland the first eighteen volumes were edited by allardyce nicoll numbers 1933 by kenneth muir and numbers 3452 by stanley wells the virtues of accessible scholarship and a keen interest in performance from shakespeares time to our own have characterized the journal from the start for the first time numbers 150 are being reissued in paperback available separately and as a set,mystery,1995,agatha christie,shakespeare survey yearbook shakespeare study production since 1948 survey published best international scholarship english many essay become classic shakespeare criticism volume devoted theme play group play also contains section review previous year textual critical study major british performance book illustrated variety shakespearean image production photograph current editor survey peter holland first eighteen volume edited allardyce nicoll number 1933 kenneth muir number 3452 stanley well virtue accessible scholarship keen interest performance shakespeare time characterized journal start first time number 150 reissued paperback available separately set
the case of the creative crime,nancy and bess start hunting for an elusive suspect to save the pennington estate nancys best lead comes from someone who wants to remain anonymous,mystery,2002,carolyn keene,nancy bess start hunting elusive suspect save pennington estate nancy best lead come someone want remain anonymous
the rottweiler,a series of apparently motiveless murders disrupts the lives of some very different people in rendells darkly atmospheric london,mystery,2003,ruth rendell,series apparently motiveless murder disrupts life different people rendells darkly atmospheric london
and then there were none and selected plays,compiles four of christies stage dramas,mystery,2014,agatha christie,compiles four christie stage drama
the clocks,hercule poirot the relentless belgian detective investigates when a body is found in miss millicent pebmarshs sitting room with four strange clocks set at 413,mystery,1983,agatha christie,hercule poirot relentless belgian detective investigates body found miss millicent pebmarshs sitting room four strange clock set 413
everyone in my family has killed someone,knives out and clue meet agatha christie and the thursday murder club in this utterly original jane harper not to be missed karin slaughter fiendishly clever blend of classic and modern murder mystery everyone in my family has killed someone some of us the high achievers have killed more than once im not trying to be dramatic but it is the truth some of us are good others are bad and some just unfortunate im ernest cunningham call me ern or ernie i wish id killed whoever decided our family reunion should be at a ski resort but its a little more complicated than that have i killed someone yes i have who was it lets get started everyone in my family has killed someone my brother my stepsister my wife my father my mother my sisterinlaw my uncle my stepfather my aunt me,mystery,2023,benjamin stevenson,knife clue meet agatha christie thursday murder club utterly original jane harper missed karin slaughter fiendishly clever blend classic modern murder mystery everyone family killed someone u high achiever killed im trying dramatic truth u good others bad unfortunate im ernest cunningham call ern ernie wish id killed whoever decided family reunion ski resort little complicated killed someone yes let get started everyone family killed someone brother stepsister wife father mother sisterinlaw uncle stepfather aunt
call for the dead,featuring an introduction by the author this is a paperback reissue of the debut novel that introduces one of the most popular characters in espionage fiction george smiley copyright  libri gmbh all rights reserved,mystery,1979,john le carré,featuring introduction author paperback reissue debut novel introduces one popular character espionage fiction george smiley copyright libri gmbh right reserved
the beach house,now available in paperback when law student jack mullen tries to learn the details of the last night of his brother peters life on east hampton jack confronts the paid protectors of the richand learns peter wasnt just parking cars at their summer parties,mystery,2003,james patterson peter de jonge,available paperback law student jack mullen try learn detail last night brother peter life east hampton jack confronts paid protector richand learns peter wasnt parking car summer party
the seventh function of language,the suspicious death of literary critic roland barthes in 1980 paris reveals the secret history of the french intelligentsia plunging a hapless police detective into the depths of literary theory as it was documented in a famed linguists lost manuscript,mystery,2017,laurent binet,suspicious death literary critic roland barthes 1980 paris reveals secret history french intelligentsia plunging hapless police detective depth literary theory documented famed linguist lost manuscript
body of evidence,a reclusive writer is dead and her final manuscript has disappeared  someone is stalking beryl madison someone who spies on her and makes threatening obscene phonecalls terrified beryl flees to key west  but eventually she must return to her richmond home the very night she arrives beryl inexplicably invites her killer in  thus begins for dr kay scarpetta the investigation of a crime that is as convoluted as it is bizarre why would beryl open the door to someone who brutally slashed and then nearly decapitated her did she know her killer adding to the intrigue is beryls enigmatic relationship with a prizewinning author and the disappearance of her own manuscript as scarpetta retraces beryls footsteps an investigation that begins in the laboratory with microscopes and lasers leads her deep into a nightmare that soon becomes her own for more about patricia cornwell and her books visit her website at wwwpatriciacornwellcom,mystery,1992,patricia cornwell,reclusive writer dead final manuscript disappeared someone stalking beryl madison someone spy make threatening obscene phonecalls terrified beryl flees key west eventually must return richmond home night arrives beryl inexplicably invite killer thus begin dr kay scarpetta investigation crime convoluted bizarre would beryl open door someone brutally slashed nearly decapitated know killer adding intrigue beryl enigmatic relationship prizewinning author disappearance manuscript scarpetta retraces beryl footstep investigation begin laboratory microscope laser lead deep nightmare soon becomes patricia cornwell book visit website wwwpatriciacornwellcom
the art thief,rome in the small baroque church of santa giuliana a magnificent caravaggio altarpiece disappears without a trace in the middle of the night paris in the basement vault of the malevich society curator genevieve delacloche is shocked to discover the disappearance of the societys greatest treasure whiteonwhite by suprematist painter kasimir malevich london at the national gallery of modern art the museums latest acquisition is stolen just hours after it was purchased for more than six million pounds in the art thief three thefts are simultaneously investigated in three cities but these apparently isolated crimes have much more in common than anyone imagines in rome the police enlist the help of renowned art investigator gabriel coffin when tracking down the stolen masterpiece in paris genevieve delacloche is aided by police inspector jeanjacques bizot who finds a trail of bizarre clues and puzzles that leads him ever deeper into a baffling conspiracy in london inspector harry wickenden of scotland yard oversees the museums attempts to ransom back its stolen painting only to have the masterpieces recovery deepen the mystery even furthera dizzying array of forgeries overpaintings and doublecrosses unfolds as the story races through auction houses museums and private galleries  and the secret places where priceless works of art are made available to collectors who will stop at nothing to satisfy their hearts desires full of fascinating arthistorical detail crackling dialogue and a brainteasing plot noah charneys debut novel is a sophisticated stylish thriller as irresistible and multifaceted as a great work of art,mystery,2007,noah charney,rome small baroque church santa giuliana magnificent caravaggio altarpiece disappears without trace middle night paris basement vault malevich society curator genevieve delacloche shocked discover disappearance society greatest treasure whiteonwhite suprematist painter kasimir malevich london national gallery modern art museum latest acquisition stolen hour purchased six million pound art thief three theft simultaneously investigated three city apparently isolated crime much common anyone imago rome police enlist help renowned art investigator gabriel coffin tracking stolen masterpiece paris genevieve delacloche aided police inspector jeanjacques bizot find trail bizarre clue puzzle lead ever deeper baffling conspiracy london inspector harry wickenden scotland yard oversees museum attempt ransom back stolen painting masterpiece recovery deepen mystery even furthera dizzying array forgery overpaintings doublecrosses unfolds story race auction house museum private gallery secret place priceless work art made available collector stop nothing satisfy heart desire full fascinating arthistorical detail crackling dialogue brainteasing plot noah charneys debut novel sophisticated stylish thriller irresistible multifaceted great work art
n or m,tommy  tuppence are hired to track down wartime spies at a seaside resort it is world war ii and while the raf struggles to keep the luftwaffe at bay britain faces an even more sinister threat from the enemy within  nazis posing as ordinary citizens with pressure mounting the intelligence service appoints two unlikely spies tommy and tuppence beresford their mission to seek out a man and a woman from among the colourful guests at sans souci a seaside hotel but this assignment is no stroll along the promenade after all n and m have just murdered britains finest agent,mystery,2001,agatha christie,tommy tuppence hired track wartime spy seaside resort world war ii raf struggle keep luftwaffe bay britain face even sinister threat enemy within nazi posing ordinary citizen pressure mounting intelligence service appoints two unlikely spy tommy tuppence beresford mission seek man woman among colourful guest sans souci seaside hotel assignment stroll along promenade n murdered britain finest agent
the full cupboard of life,mma ramotswe is still engaged to mr jlb matekoni she wonders when a day for the wedding will be named but she is anxious to avoid putting too much pressure on her fiance for he has other things on his mind  notably a frightening request made of him by mma potokwani,mystery,2003,alexander mccall smith,mma ramotswe still engaged mr jlb matekoni wonder day wedding named anxious avoid putting much pressure fiance thing mind notably frightening request made mma potokwani
london match,tautsplendidfirst rate the wall street journal with treason epidemic in london central a cloud of suspicion passes over each senior agent and each falls helplessly into moscow centres brilliant complex trap as london match rushes toward its amazing climax the ultimate decisive confrontation is about to take placebetween samson and the british kgb agent who from the very beginning has held samsons entire life in delicate balance,mystery,1993,len deighton,tautsplendidfirst rate wall street journal treason epidemic london central cloud suspicion pass senior agent fall helplessly moscow centre brilliant complex trap london match rush toward amazing climax ultimate decisive confrontation take placebetween samson british kgb agent beginning held samson entire life delicate balance
havana bay,the body what was left of it was drifting in havana bay the morning arkady arrived from moscow he had received an urgent message from the russian embassy in havana saying that his friend pribluda was missing and asking that he come the cubans insisted that the corpse was pribluda but arkady wasnt so sure communism has shrunk to cuba,mystery,2000,martin cruz smith,body left drifting havana bay morning arkady arrived moscow received urgent message russian embassy havana saying friend pribluda missing asking come cuban insisted corpse pribluda arkady wasnt sure communism shrunk cuba
special topics in calamity physics,med afstikkere i alle litteraturens og videnskabens retninger fortælles om det år da den 16årige blue van meer begynder at sætte spørgsmålstegn ved det liv hun og hendes akademikerfar har levet i overlegen intellektuel foragt for alle undermålerne,mystery,2007,marisha pessl,med afstikkere alle litteraturens og videnskabens retninger fortælles om det år da den 16årige blue van meer begynder sætte spørgsmålstegn ved det liv hun og hendes akademikerfar har levet overlegen intellektuel foragt alle undermålerne
five go adventuring again,a thief at kirrin cottage who can it be the famous five think they know  but they need proof then they find an old map and an unusual hiding place,mystery,1951,enid blyton,thief kirrin cottage famous five think know need proof find old map unusual hiding place
the girl on the train,rachel catches the same commuter train every morning she even feels she knows the people who live in one of the houses jess and jason she calls them their life  as she sees it  is perfect if only rachel could be that happyand then she sees something shocking its only a minute until the train moves on but its enough now everythings changed now rachel has a chance to become a part of the lives shes only watched from afar now theyll see shes much more than just the girl on the train,mystery,2016,paula hawkins,rachel catch commuter train every morning even feel know people live one house jess jason call life see perfect rachel could happyand see something shocking minute train move enough everythings changed rachel chance become part life shes watched afar theyll see shes much girl train
hail hail the gangs all here,the night shift has a murdered gogo dancer a firebombed black church a house full of ghosts and a mother trying to get her twentytwo yearold to come home the day shift a naked hippie lying smashed on the concrete two murderous armed robbers in halloween masks and a man beaten senseless by four guys using sawedoff broom handles altogether its a day in the life but for a certain cop in the 87th precinct it could just be his lastwwwedmcbaincom,mystery,1972,ed mcbain,night shift murdered gogo dancer firebombed black church house full ghost mother trying get twentytwo yearold come home day shift naked hippie lying smashed concrete two murderous armed robber halloween mask man beaten senseless four guy using sawedoff broom handle altogether day life certain cop 87th precinct could lastwwwedmcbaincom
the secret of the wooden lady,nancy drew and her friends visit an old clipper ship in boston harbor and help captain easterly uncover a mystery,mystery,1967,carolyn keene,nancy drew friend visit old clipper ship boston harbor help captain easterly uncover mystery
the messenger,the messenger is comedic romantic thrilling confronting playful deceptive while it shares qualities with nick hornbys how to be good and iain softleys film kpax it is cleverer subtler and more profound than either and as a bonus determinedly australian australian book reviewmeet ed kennedy  cab driving prodigy pathetic card player and useless at sex he lives in a suburban shack shares coffee with his dog the doorman and hes in nervous love with audrey his life is one of peaceful routine and incompetence  until he inadvertently stops a bank robbery thats when the first ace turns up thats when ed becomes the messenger chosen to care he makes his way through town helping and hurting where necessary until only one question remains whos behind eds mission the messenger by the highly acclaimed author markus zusak is a cryptic journey filled with laughter fists and love,mystery,2002,markus zusak,messenger comedic romantic thrilling confronting playful deceptive share quality nick hornbys good iain softleys film kpax cleverer subtler profound either bonus determinedly australian australian book reviewmeet ed kennedy cab driving prodigy pathetic card player useless sex life suburban shack share coffee dog doorman he nervous love audrey life one peaceful routine incompetence inadvertently stop bank robbery thats first ace turn thats ed becomes messenger chosen care make way town helping hurting necessary one question remains who behind ed mission messenger highly acclaimed author markus zusak cryptic journey filled laughter fist love
secret seven mystery,a girl runs away from home  and its up to the seven to find her jacks little sister susie is up to her usual tricks  but she cant put the seven off the trail of clues can they track down elizabeth and discover who stole the money from her school,mystery,1967,enid blyton,girl run away home seven find jack little sister susie usual trick cant put seven trail clue track elizabeth discover stole money school
the secret of chimneys,little did anthony cade suspect that an errand for a friend would place him at the center of a deadly conspiracy drawn into a web of intrigue he begins to realize that the simple favor has placed him in serious danger,mystery,1989,agatha christie,little anthony cade suspect errand friend would place center deadly conspiracy drawn web intrigue begin realize simple favor placed serious danger
the kachina doll mystery,at a fitness ranch in arizona nancy discovers the reason for mysterious accidents thought to result from a curse put on the place by hopi indians,mystery,1981,carolyn keene,fitness ranch arizona nancy discovers reason mysterious accident thought result curse put place hopi indian
destination unknown,in paris brilliant nuclear physicist tom betterton simply vanishes  the latest in an odd series of disappearing scientists defections kidnappings a discreet london office wants to know  in morocco beatuiful bereft hilary craven accepts a reckless and topsecret assignment she agrees to pass as bettertons wife on a journey to the heart of a global conspiracy  where mere suspicion means instant murder,mystery,1955,agatha christie,paris brilliant nuclear physicist tom betterton simply vanishes latest odd series disappearing scientist defection kidnapping discreet london office want know morocco beatuiful bereft hilary craven accepts reckless topsecret assignment agrees pas bettertons wife journey heart global conspiracy mere suspicion mean instant murder
a ticket to the boneyard,cat and mouse thriller exbig apple cop matthew scudder lied to a jury to put psychopath james leo motley behind bars twelve years later the monster is free  swearing revenge on scudder and all who know him,mystery,1995,lawrence block,cat mouse thriller exbig apple cop matthew scudder lied jury put psychopath james leo motley behind bar twelve year later monster free swearing revenge scudder know
the day of the jackal,the jackal a tall blond englishman with opaque gray eyes a killer at the top of his profession a man unknown to any secret service in the world an assassin with a contract to kill the worlds most heavily guarded man one man with a rifle who can change the course of history one man whose mission is so secretive not even his employers know his name and as the minutes count down to the final act of execution it seems that there is no power on earth that can stop the jackal,mystery,1971,frederick forsyth,jackal tall blond englishman opaque gray eye killer top profession man unknown secret service world assassin contract kill world heavily guarded man one man rifle change course history one man whose mission secretive even employer know name minute count final act execution seems power earth stop jackal
pretend you dont see her,safeguarded by the federal witness protection program a young woman unexpectedly falls in love and decides that she can no longer live a lie embarking on a perilous odyssey into the past to reclaim her own identity 1100000 first printing lit guild main tour,mystery,1997,mary higgins clark,safeguarded federal witness protection program young woman unexpectedly fall love decides longer live lie embarking perilous odyssey past reclaim identity 1100000 first printing lit guild main tour
hardy boys 06 the shore road mystery,mystery  the hardy boys mystery 6,mystery,1964,franklin w dixon,mystery hardy boy mystery 6
bag of bones,when mike noonans wife dies he suffers from writers block until he goes to his retreat sara laughs its a community run by tyrannical devore who is hellbent to obtain custody of his grandchild kyra her mother turns to mike for help but there are others determined to prevent his success,mystery,1998,stephen king,mike noonans wife dy suffers writer block go retreat sara laugh community run tyrannical devore hellbent obtain custody grandchild kyra mother turn mike help others determined prevent success
cat and mouse,alex cross is backwith a cast of characters more sinister and deadly than ever with a dying excon looking for revenge on cross an insane killer being chased by the most ruthless agent in the fbi and the body count on the rise tension is at its highest the questions that keep the pages turning are who is the cat and who is the mouse what and where is the final trap and who if anyone will survive copyright  libri gmbh all rights reserved,mystery,1998,james patterson,alex cross backwith cast character sinister deadly ever dying excon looking revenge cross insane killer chased ruthless agent fbi body count rise tension highest question keep page turning cat mouse final trap anyone survive copyright libri gmbh right reserved
the hidden staircase,in seeking to solve the mysterious happenings in an old stone mansion nancy uses her courage and powers of deduction and tackles a situation that would have appalled a far older person,mystery,1952,carolyn keene,seeking solve mysterious happening old stone mansion nancy us courage power deduction tackle situation would appalled far older person
mystery of the ivory charm,nancy drew determines if an ivory elephant charm really protects its wearer from harm when she investigates the involvement of a member of the bengleton wildanimal show in a mysterious scheme,mystery,1974,carolyn keene,nancy drew determines ivory elephant charm really protects wearer harm investigates involvement member bengleton wildanimal show mysterious scheme
the murder at the vicarage,2 books in 1,mystery,1983,agatha christie,2 book 1
sparkling cyanide,one year ago on november 2nd seven people sat down to dinner at the restaurant luxembourg one of them rosemary barton never got up she was thought to have committed suicide due to postflu depression,mystery,1993,agatha christie,one year ago november 2nd seven people sat dinner restaurant luxembourg one rosemary barton never got thought committed suicide due postflu depression
the mystery of the missing necklace,fattys disguises are better than ever no one recognises him as a balloon seller or as the old man in the village burglaries are going on and the police are baffled its a new mystery for the five findouters and dog,mystery,2010,enid blyton,fatty disguise better ever one recognises balloon seller old man village burglary going police baffled new mystery five findouters dog
the thanksgiving surprise,when nancys family has company for the holidays a gold ring disappears and nancy has to find it,mystery,1995,carolyn keene,nancy family company holiday gold ring disappears nancy find
the whispering statue,nancy and her friends establish headquarters in a seaside yacht club to investigate the disappearance of a marble statue in this story is the first appearance of nancys dog togo,mystery,1970,carolyn keene,nancy friend establish headquarters seaside yacht club investigate disappearance marble statue story first appearance nancy dog togo
longshot,in england to interview a successful racehorse trainer writer of travel guides and survival expert john kendall begins digging for the truth and encounters danger,mystery,1992,dick francis,england interview successful racehorse trainer writer travel guide survival expert john kendall begin digging truth encounter danger
eighty million eyes,meyer meyer and steve carella detectives at the 87th precinct investigate the mysterious poisoning of stan gifford a popular television comedian,mystery,1987,ed mcbain,meyer meyer steve carella detective 87th precinct investigate mysterious poisoning stan gifford popular television comedian
the crow trap,at an isolated cottage three women come together for an environmental survey team leader rachael lambert betrayed by her lover botanist anne preece indulging in some deception of her own and grace fulwell with secrets of her own and inspector vera stanhope investigating a suicide,mystery,2001,ann cleeves,isolated cottage three woman come together environmental survey team leader rachael lambert betrayed lover botanist anne preece indulging deception grace fulwell secret inspector vera stanhope investigating suicide
the pure in heart,krimi kriminalinspektør simon serrailler kaldes hjem fra ferie i venedig til familieproblemer og det daglige sure slid med at lede en travl politistation i en mindre engelsk by hvor ondskab og terror pludselig viser sit modbydelige ansigt,mystery,2005,susan hill,krimi kriminalinspektør simon serrailler kaldes hjem fra ferie venedig til familieproblemer og det daglige sure slid med lede en travl politistation en mindre engelsk hvor ondskab og terror pludselig viser sit modbydelige ansigt
down on my knees,c1 st aid b  t 01172008 1500,romance,2006,victor mcglothin,c1 st aid b 01172008 1500
eligible,a modern retelling of pride and prejudicereturning with her sister jane to their ohio hometown when their father falls ill new york magazine editor lizzy bennett confronts challenges in the form of her younger sisters football fangirl antics a creepy cousins unwanted attentions and the infuriating standoffish manners of a handsome neurosurgeon,romance,2016,curtis sittenfeld,modern retelling pride prejudicereturning sister jane ohio hometown father fall ill new york magazine editor lizzy bennett confronts challenge form younger sister football fangirl antic creepy cousin unwanted attention infuriating standoffish manner handsome neurosurgeon
pride and prejudice,the text of pride and prejudice is the 1813 first edition text,romance,1980,jane austen,text pride prejudice 1813 first edition text
9nov,when fallon and aspiring novelist ben meet and fall in love the day before fallons crosscountry move they vow to meet on the same date every year until fallon suspects ben is fabricating their relationship to create the perfect plot twist,romance,2016,colleen hoover,fallon aspiring novelist ben meet fall love day fallons crosscountry move vow meet date every year fallon suspect ben fabricating relationship create perfect plot twist
simple gifts,4 heartwarming christmas stories,romance,2001,judith mcnaught jude deveraux,4 heartwarming christmas story
twisted perfection,della sloane is not your average girl yearning to break free of her dark and sheltered past and the memories of the illness that claimed her mother della plans a solo road trip to experience real life on her own terms but the trip is nearly cut short in the little beach town of rosemary when she realizes she cant even pump her own gas until woods kerrington shows up more than willing to help out a pretty girl in needpage 4 of cover,romance,2013,abbi glines,della sloane average girl yearning break free dark sheltered past memory illness claimed mother della plan solo road trip experience real life term trip nearly cut short little beach town rosemary realizes cant even pump gas wood kerrington show willing help pretty girl needpage 4 cover
the japanese lover,in 1939 as poland falls under the shadow of the nazis young alma belascos parents send her away to live in safety with an aunt and uncle in their opulent mansion in san francisco there as the rest of the world goes to war she encounters ichimei fukuda the quiet and gentle son of the familys japanese gardener unnoticed by those around them a tender love affair begins to blossom following the japanese attack on pearl harbor the two are cruelly pulled apart as ichimei and his family  like thousands of other japanese americans  are declared enemies and forcibly relocated to internment camps run by the united states government throughout their lifetimes alma and ichimei reunite again and again but theirs is a love that they are forever forced to hide from the world decades later alma is nearing the end of her long and eventful life irina bazili a care worker struggling to come to terms with her own troubled past meets the elderly woman and her grandson seth at san franciscos charmingly eccentric lark house nursing home as irina and seth forge a friendship they become intrigued by a series of mysterious gifts and letters sent to alma eventually learning about ichimei and this extraordinary secret passion that has endured for nearly seventy years,romance,2016,isabel allende,1939 poland fall shadow nazi young alma belascos parent send away live safety aunt uncle opulent mansion san francisco rest world go war encounter ichimei fukuda quiet gentle son family japanese gardener unnoticed around tender love affair begin blossom following japanese attack pearl harbor two cruelly pulled apart ichimei family like thousand japanese american declared enemy forcibly relocated internment camp run united state government throughout lifetime alma ichimei reunite love forever forced hide world decade later alma nearing end long eventful life irina bazili care worker struggling come term troubled past meet elderly woman grandson seth san franciscos charmingly eccentric lark house nursing home irina seth forge friendship become intrigued series mysterious gift letter sent alma eventually learning ichimei extraordinary secret passion endured nearly seventy year
the calhouns,the calhoun sisters are determined to save the towers their family home and search for the calhoun emeralds suzanna employs holt bradford to help who is a very sexy man,romance,2005,nora roberts,calhoun sister determined save tower family home search calhoun emerald suzanna employ holt bradford help sexy man
twisted perfection signed limited edition,della sloane is not your average girl yearning to break free of her dark and sheltered past and the memories of the illness that claimed her mother della plans a solo road trip to experience real life on her own terms but the trip is nearly cut short in the little beach town of rosemary when she realizes she cant even pump her own gasuntil woods kerrington shows up more than willing to help out a pretty girl in need,romance,2013,abbi glines,della sloane average girl yearning break free dark sheltered past memory illness claimed mother della plan solo road trip experience real life term trip nearly cut short little beach town rosemary realizes cant even pump gasuntil wood kerrington show willing help pretty girl need
prince charming,beautiful taylor baker whose fiance has eloped with her odious cousin and whose greedy uncle has his own plans for her escapes to montana with roughedged american lucas ross,romance,1995,julie garwood,beautiful taylor baker whose fiance eloped odious cousin whose greedy uncle plan escape montana roughedged american lucas ross
because of low,originally selfpublished as an ebook 2012,romance,2013,abbi glines,originally selfpublished ebook 2012
when im gone,a  novel set in the fictional town of rosemary beach about a texas rancher who falls in love with a housemaid at his rock star fathers estate,romance,2015,abbi glines,novel set fictional town rosemary beach texas rancher fall love housemaid rock star father estate
stealing home,1 new york times bestselling author sherryl woods returns readers to her world of strong friendships and heartfelt emotions in this classic sweet magnolias novel maddie townsend might live in a town called serenity but theres been nothing calm or peaceful about her life since her marriage broke up this stayathome mom has no job skills an outofcontrol sixteenyearold son a talkative fourteenyearold whos suddenly gone silent a sixyearold daughter whose heart is broken an exhusband whose younger girlfriend is expecting their baby and two best friends who think shes somehow qualified to help them open a fitness spa for women but if maddie is a tad on edge with all that on her plate its nothing compared to the chaos that ensues when she discovers that her sons baseball coach has feelings for her and the whole town disapproves maddies faced a lot of challenges lately with strength and resolve but cal maddox may turn out to be more than she can handle then again he could just be the one man in all of south carolina who can help her find serenity,romance,2014,sherryl woods,1 new york time bestselling author sherryl wood return reader world strong friendship heartfelt emotion classic sweet magnolia novel maddie townsend might live town called serenity there nothing calm peaceful life since marriage broke stayathome mom job skill outofcontrol sixteenyearold son talkative fourteenyearold who suddenly gone silent sixyearold daughter whose heart broken exhusband whose younger girlfriend expecting baby two best friend think shes somehow qualified help open fitness spa woman maddie tad edge plate nothing compared chaos ensues discovers son baseball coach feeling whole town disapproves maddies faced lot challenge lately strength resolve cal maddox may turn handle could one man south carolina help find serenity
captivated,his interest in her was purely professional  or so he told himself,romance,2004,nora roberts,interest purely professional told
a slice of heaven,emotions run high when the sweet magnolias try to reunite a couple who was meant to be together in this classic from 1 new york times bestselling author sherryl woods when an eating disorder threatens the life of chef dana sue sullivans teenage daughter she has no choice but to bring annies cheating dad back to serenity south carolina she tells herself and her friends its all about annie but the sad truth is she has a boatload of unresolved feelings of her own for ronnie sullivan from the moment ronnie hits town theres no question about his intentions hes there for his daughter to be sure but he wants dana sue back and every move he makes is designed to prove hes a changed man the one thing thats never changed though are the sparks that fly whenever the two of them are in the same room dana sue can deny all she wants that ronnies the only man for her but not a single person in town is buying it no matter the circumstances ronnies return is a sweet recipe for a new beginning,romance,2015,sherryl woods,emotion run high sweet magnolia try reunite couple meant together classic 1 new york time bestselling author sherryl wood eating disorder threatens life chef dana sue sullivan teenage daughter choice bring annies cheating dad back serenity south carolina tell friend annie sad truth boatload unresolved feeling ronnie sullivan moment ronnie hit town there question intention he daughter sure want dana sue back every move make designed prove he changed man one thing thats never changed though spark fly whenever two room dana sue deny want ronnies man single person town buying matter circumstance ronnies return sweet recipe new beginning
promise canyon,clay tahoma virgin rivers new veterinary assistant is welcomed by everyone in town except lilly yazhi who believes that his downtoearth attitude and rugged sex appeal is an act to charm wealthy women like his exwife,romance,2015,robyn carr,clay tahoma virgin river new veterinary assistant welcomed everyone town except lilly yazhi belief downtoearth attitude rugged sex appeal act charm wealthy woman like exwife
sometimes it lasts,enduring a longdistance relationship with the beautiful but hottempered eva after landing a baseball scholarship cage resolves to prove his worth when he learns that eva has been consoling herself in the arms of another man,romance,2014,abbi glines,enduring longdistance relationship beautiful hottempered eva landing baseball scholarship cage resolve prove worth learns eva consoling arm another man
sierras homecoming,after sierra mckettrick moves to her familys ancestral ranch travis reid the triple ms ranch hand proves to be an unwanted temptation and devlin barrows secret past may threaten not only his relationship with rory but also their lives,romance,2015,linda lael miller b j daniels,sierra mckettrick move family ancestral ranch travis reid triple m ranch hand prof unwanted temptation devlin barrow secret past may threaten relationship rory also life
the spanish love deception,a wedding a trip to spain the most infuriating man and three days of pretending or in other words a plan that will never work catalina martín finally not single her family is happy to announce that she will bring her american boyfriend to her sisters wedding everyone is invited to come and witness the most magical event of the year that would certainly be tomorrows headline in the local newspaper of the small spanish town i came from or the epitaph on my tombstone seeing the turn my life had taken in the span of a phone call four weeks wasnt a lot of time to find someone willing to cross the atlanticfrom nyc and all the way to spainfor a wedding let alone someone eager to play along with my charade but that didnt mean i was desperate enough to bring the 64 blue eyed pain in my ass standing before me aaron blackford the man whose main occupation was making my blood boil had just offered himself to be my date right after inserting his nose in my business calling me delusional and calling himself my best option see outrageous aggravating blood boiling and much to my total despair also right which left me with a surly and extra large dilemma in my hands was it worth the suffering to bring my colleague and bane of my existence as my fake boyfriend to my sisters wedding or was i better off coming clean and facing the consequences of my panic induced lie like my abuela would say que dios nos pille confesadosthe spanish love deception is an enemiestolovers fakedating,romance,2022,elena armas,wedding trip spain infuriating man three day pretending word plan never work catalina martín finally single family happy announce bring american boyfriend sister wedding everyone invited come witness magical event year would certainly tomorrow headline local newspaper small spanish town came epitaph tombstone seeing turn life taken span phone call four week wasnt lot time find someone willing cross atlanticfrom nyc way spainfor wedding let alone someone eager play along charade didnt mean desperate enough bring 64 blue eyed pain as standing aaron blackford man whose main occupation making blood boil offered date right inserting nose business calling delusional calling best option see outrageous aggravating blood boiling much total despair also right left surly extra large dilemma hand worth suffering bring colleague bane existence fake boyfriend sister wedding better coming clean facing consequence panic induced lie like abuela would say que dios no pille confesadosthe spanish love deception enemiestolovers fakedating
toxic bachelors,three daunting bachelors embark on a journey to the mediterranean where they face women who challenge their deepest relationship phobias sparking big changes in the oncecarefree trio that just might put an end to their carousing days,romance,2005,danielle steel,three daunting bachelor embark journey mediterranean face woman challenge deepest relationship phobia sparking big change oncecarefree trio might put end carousing day
above and beyond,trevors love for kylathe widow of his best friendis complicated by a secret that threatens to destroy their fragile relationship,romance,1986,sandra brown,trevors love kylathe widow best friendis complicated secret threatens destroy fragile relationship
one more chance,a new adult novel about grant and harlow in the rosemary beach series,romance,2014,abbi glines,new adult novel grant harlow rosemary beach series
daughter of the forest,to reclaim the lives of her brothers sorcha leaves the only safe place she has known and starts on a journey of pain loss and terror,romance,2000,juliet marillier,reclaim life brother sorcha leaf safe place known start journey pain loss terror
to sir phillip with love,she wrote him a letter and he stole her heart,romance,2003,julia quinn,wrote letter stole heart
september,  a story of homecomings and heartbreaks friendships betrayls forgiveness and lovepublishers website,romance,1991,rosamunde pilcher,story homecoming heartbreak friendship betrayls forgiveness lovepublishers website
me before you movie tiein,taking a job as an assistant to extreme sports enthusiast will who is wheelchair bound after a motorcycle accident louisa struggles with her employers acerbic moods and learns of his shocking plans before demonstrating to him that life is still worth living,romance,2016,jojo moyes,taking job assistant extreme sport enthusiast wheelchair bound motorcycle accident louisa struggle employer acerbic mood learns shocking plan demonstrating life still worth living
dogwood hill,when former pro football quarterback aidan mitchell comes to chesapeake shore to coach the high school team liz march who has sworn off men finds herself falling for him until a devastating secret from his past threatens to destroy everything,romance,2014,sherryl woods,former pro football quarterback aidan mitchell come chesapeake shore coach high school team liz march sworn men find falling devastating secret past threatens destroy everything
down the rabbit hole,inspired by the enchanting lewis carroll classic a collection of stories takes readers to a place rife with the mad impossible and the curiouser that is neither here nor there and where things are never quite as they seem,romance,2015,j d robb mary blayney elaine fox mary kay mccomas ruth ryan langan,inspired enchanting lewis carroll classic collection story take reader place rife mad impossible curiouser neither thing never quite seem
hillbilly rockstar,shes protecting his body and guarding her heart country music star devin mcclain understands theres a downside to life in the public eye but the laidback wyoming cowboy has never imagined hed attract crazed fans who would do anything to garner his attention when veiled threats become real he agrees to hire a discreet security detail but devin is shocked when that bodyguard is a hardbodied woman hes even more stunned to be attracted to the steelyeyed stunner former soldier liberty mastersons return to civilian life has been fraught with challenges until she lands a job with a prestigious security firm but when she agrees to provide personal protection during a crosscountry tour she doesnt realize she has signed up to masquerade as the playboy stars girlfriend though shes more comfortable in combat boots than high heels she has no choice but to appear to be the sexy groupie devin prefers living in close quarters causes the chemistry between them to ignite and devin realizes he wants to turn their charade of a romance into reality although liberty surrenders to his every whim behind closed doors she fears the sexy country star doesnt see the real her and devin cant help but worry when the tour ends that there might not be enough between them to build something that wont fade away,romance,2014,lorelei james,shes protecting body guarding heart country music star devin mcclain understands there downside life public eye laidback wyoming cowboy never imagined hed attract crazed fan would anything garner attention veiled threat become real agrees hire discreet security detail devin shocked bodyguard hardbodied woman he even stunned attracted steelyeyed stunner former soldier liberty mastersons return civilian life fraught challenge land job prestigious security firm agrees provide personal protection crosscountry tour doesnt realize signed masquerade playboy star girlfriend though shes comfortable combat boot high heel choice appear sexy groupie devin prefers living close quarter cause chemistry ignite devin realizes want turn charade romance reality although liberty surrender every whim behind closed door fear sexy country star doesnt see real devin cant help worry tour end might enough build something wont fade away
up in flames,the villain of rosemary beach finally gets her own happy ending in the longawaited final novel of the 1 new york times bestselling new adult romance series by abbi glines,romance,2016,abbi glines,villain rosemary beach finally get happy ending longawaited final novel 1 new york time bestselling new adult romance series abbi glines
mastering the marquess,since the loss of her parents meredith burnley has contented herself with a solitary life looking after her halfsister annabel but merediths peace is shattered when her uncle schemes to marry her off to his son in order to gain her inheritance desperate meredith has only one choice to flee with annabel to their estranged grandparents home but their arrival soon reignites a family scandaland kindles unexpected romance  happily reunited with the girls annabels grandmother resolves to convince her nephew stephen mallory the marquess of silverton to abandon his rakish lifestyle and wed annabel stephen is clearly captivatedbut with the wrong sister determined to make meredith his own stephen embarks on a seduction that will leave her with no choice but to surrender to his touch page 4 of cover,romance,2009,vanessa kelly,since loss parent meredith burnley contented solitary life looking halfsister annabel meredith peace shattered uncle scheme marry son order gain inheritance desperate meredith one choice flee annabel estranged grandparent home arrival soon reignites family scandaland kindles unexpected romance happily reunited girl annabels grandmother resolve convince nephew stephen mallory marquess silverton abandon rakish lifestyle wed annabel stephen clearly captivatedbut wrong sister determined make meredith stephen embarks seduction leave choice surrender touch page 4 cover
special delivery,tells the story of jack watson a wealthy beverly hills businessman and widower who falls in love with his daughterinlaws mother and together they discover a relationship marked by challenges and surprises,romance,1997,danielle steel,tell story jack watson wealthy beverly hill businessman widower fall love daughterinlaws mother together discover relationship marked challenge surprise
west side story,from the silver screen to the great white wayone of the greatest stories of all time they came together through love but violence threatened to tear them apart maria was young and innocent and had never known loveuntil tony and he who had been seeking something beyond the savagery of the streets discovered it with her but marias brother was leader of the sharks and tony had once led the rival jets now both gangs were claiming the same turf tony promised maria that he would stay out of it would he be able to keep his word or would their newfound love be destroyed by sudden death,romance,1990,irving shulman,silver screen great white wayone greatest story time came together love violence threatened tear apart maria young innocent never known loveuntil tony seeking something beyond savagery street discovered maria brother leader shark tony led rival jet gang claiming turf tony promised maria would stay would able keep word would newfound love destroyed sudden death
the girl from summer hill,the first novel of new york times bestselling author jude deverauxs breathtaking series set in summer hill a small town where love takes centre stage against the backdrop of jane austens pride and prejudice enter elizabeth bennet chef casey reddick has had it up to here with men arriving in the charming town of summer hill virginia peace and quiet on the picturesque tattwell plantation is just what she needs but the tranquillity is broken one morning when she sees a gorgeous naked man on her porch enter mr darcy what tate landers hollywood heartthrob and owner of tattwell doesnt need on a bittersweet trip to his ancestral home is a woman spying on him his anger which looks so good on the screen makes a bad first impression on casey  and she lets him know it,romance,2016,jude deveraux,first novel new york time bestselling author jude deverauxs breathtaking series set summer hill small town love take centre stage backdrop jane austen pride prejudice enter elizabeth bennet chef casey reddick men arriving charming town summer hill virginia peace quiet picturesque tattwell plantation need tranquillity broken one morning see gorgeous naked man porch enter mr darcy tate lander hollywood heartthrob owner tattwell doesnt need bittersweet trip ancestral home woman spying anger look good screen make bad first impression casey let know
the glass menagerie,the only single edition now available of this american classic about a mother obsessed with her disabled daughter,romance,1999,tennessee williams,single edition available american classic mother obsessed disabled daughter
a beautiful wedding,you know that abby abernathy unexpectedly became mrs maddox but what do you really know why did abby pop the question what secrets were shared before the ceremony where did they spend their wedding night who else knew about it    and didnt tell everything about abby and traviss elopement was topsecret    until now fans of beautiful disaster and walking disaster will get all of their questions answered in this whirlwind tale of the wedding day and nightprovided by publisher,romance,2014,jamie mcguire,know abby abernathy unexpectedly became mr maddox really know abby pop question secret shared ceremony spend wedding night else knew didnt tell everything abby traviss elopement topsecret fan beautiful disaster walking disaster get question answered whirlwind tale wedding day nightprovided publisher
white hot,when her younger brother commits suicide sayre lynch returns to her hometown for the funeral and finds herself drawn into a web cast by her controlling and tyrranical father,romance,2005,sandra brown,younger brother commits suicide sayre lynch return hometown funeral find drawn web cast controlling tyrranical father
a wanted man a stone creek novel,this edition published by arrangement with harlequin books satp verso,romance,2013,linda lael miller,edition published arrangement harlequin book satp verso
the butterflys daughter,now in paperback from new york timesbestselling author monroe the story of four very different women who embark on a transformational journey following the migrating monarchs across the united states,romance,2012,mary alice monroe,paperback new york timesbestselling author monroe story four different woman embark transformational journey following migrating monarch across united state
marriage most scandalous,set in regencyera england this latest historical romance by a new york times bestselling author is the story of a spunky aristocratic lady and a brooding mercenary whose services come at a price,romance,2006,johanna lindsey,set regencyera england latest historical romance new york time bestselling author story spunky aristocratic lady brooding mercenary whose service come price
just for now,amandas infatuation with bad boy preston knows no limits,romance,2013,abbi glines,amandas infatuation bad boy preston know limit
if not for you,moving away from her oppressive parents in the hopes of taking charge of her own life beth takes a job as a school music teacher and initially resists her attraction to a tattooed mechanic who is the epitome of everything her conservative parents fear,romance,2017,debbie macomber,moving away oppressive parent hope taking charge life beth take job school music teacher initially resists attraction tattooed mechanic epitome everything conservative parent fear
spirit bound,the international number 1 bestselling vampire academy series by richelle mead is now a major motion picture read it before it hits cinemas in 2014 salvation has its price    fall in love with rose and dimitri all over again in spirit bound the anticipated fifth novel in richelle meads enthralling vampire academy series after a long and heartbreaking journey to siberia dimitris birthplace rose hathaway has finally returned to st vladimirs  and to her best friend lissa dragomir its graduation and the girls cant wait for their real lives outside the academys cold iron gates to finally begin but even with the intrigue and excitement of court life looming roses heart still aches for dimitri hes out there somewhere she failed to kill him when she had the chance and now her worst fears are about to come true dimitri has tasted her blood and she knows in her heart that he is hunting her and if rose wont join him he wont rest until he has silenced her    forever but rose cant forget what she learned on her journey  whispers of a magic too impossible and terrifying to comprehend a magic inextricably tied to lissa that could hold the answer to all of roses prayers but not without devastating consequences now rose will have to decide what  and who  matters most to her and in the end is true love really worth the price penguinteenaustraliacom,romance,2010,richelle mead,international number 1 bestselling vampire academy series richelle mead major motion picture read hit cinema 2014 salvation price fall love rose dimitri spirit bound anticipated fifth novel richelle mead enthralling vampire academy series long heartbreaking journey siberia dimitris birthplace rose hathaway finally returned st vladimirs best friend lissa dragomir graduation girl cant wait real life outside academy cold iron gate finally begin even intrigue excitement court life looming rose heart still ache dimitri he somewhere failed kill chance worst fear come true dimitri tasted blood know heart hunting rose wont join wont rest silenced forever rose cant forget learned journey whisper magic impossible terrifying comprehend magic inextricably tied lissa could hold answer rose prayer without devastating consequence rose decide matter end true love really worth price penguinteenaustraliacom
thus bad begins,named a best book of the year by the boston globe and los angeles times from the internationally acclaimed author of the infatuations comes the mesmerizing story of a couple living in the shadow of a mysterious unhappy historya novel about the cruel tender punishments we exact on those we love madrid 1980 juan de vere nearly finished with his university degree takes a job as personal assistant to eduardo muriel an eccentric oncesuccessful film director urbane discreet irreproachable muriel is an irresistible idol to the young man but muriels voluptuous wife beatriz inhabits their home like an unwanted ghost and on the periphery of their lives is dr jorge van vechten a family friend implicated in unsavory rumors that muriel now asks juan to investigate as juan draws closer to the truth he uncovers only more questions what is at the root of muriels hostility toward his wife how did beatriz meet van vechten what happened during the war marías leads us deep into the intrigues of these characters through a daring exploration of rancor suspicion loyalty trust and the infinitely permeable boundaries between the deceptions perpetrated on us by others and those we inflict upon ourselves,romance,2016,javier marías,named best book year boston globe los angeles time internationally acclaimed author infatuation come mesmerizing story couple living shadow mysterious unhappy historya novel cruel tender punishment exact love madrid 1980 juan de vere nearly finished university degree take job personal assistant eduardo muriel eccentric oncesuccessful film director urbane discreet irreproachable muriel irresistible idol young man muriels voluptuous wife beatriz inhabits home like unwanted ghost periphery life dr jorge van vechten family friend implicated unsavory rumor muriel asks juan investigate juan draw closer truth uncovers question root muriels hostility toward wife beatriz meet van vechten happened war marías lead u deep intrigue character daring exploration rancor suspicion loyalty trust infinitely permeable boundary deception perpetrated u others inflict upon
the legacy,an australian sheep ranchers dying wish is that his daughter marry the man who was both her first love and unfaithful to her a decade earlier,romance,1994,linda lael miller,australian sheep rancher dying wish daughter marry man first love unfaithful decade earlier
sunset in st tropez,taking a vacation together to grieve over the death of one of their group five friends are dismayed by the ramshackle mansion they find instead of the garden villa they expected and the unexpected appearance of the new girlfriend of the widowed husband,romance,2002,danielle steel,taking vacation together grieve death one group five friend dismayed ramshackle mansion find instead garden villa expected unexpected appearance new girlfriend widowed husband
promise me tomorrow,a heartwarming story of love trust and family from the author of the bestselling where the wild rose blooms whispers of moonlight and to know her by name how can rusty convince mr mccandles to trust god and to show love for his son quinton,romance,1997,lori wick,heartwarming story love trust family author bestselling wild rose bloom whisper moonlight know name rusty convince mr mccandles trust god show love son quinton
harvest moon,after collapsing at work souschef kelly matlock retreats to her sisters home in virgin river where she meets widower lief holbrook and as romance blossoms between them liefs stepdaughters antics threaten to tear them apart,romance,2015,robyn carr,collapsing work souschef kelly matlock retreat sister home virgin river meet widower lief holbrook romance blossom liefs stepdaughter antic threaten tear apart
the pursuit,nick fox international con man and a fugitive on the fbis most wanted list has been kidnapped from a beach front retreat in hawaii but the kidnapper doesnt know that nick has been secretly working for the fbi nicks partner special agent kate ohare takes off in pursuit of the kidnappers the trail leads to belgium france and italy and pits nick against a deadly adversary dragan kovic an exserbian military officer who is planning a crime that will net millions and cost thousands of american lives nick and kate mount the most risky and audacious con theyve ever attempted in an effort to stop kovic from launching a catastrophe of epic proportions,romance,2016,janet evanovich lee goldberg,nick fox international con man fugitive fbi wanted list kidnapped beach front retreat hawaii kidnapper doesnt know nick secretly working fbi nick partner special agent kate ohare take pursuit kidnapper trail lead belgium france italy pit nick deadly adversary dragan kovic exserbian military officer planning crime net million cost thousand american life nick kate mount risky audacious con theyve ever attempted effort stop kovic launching catastrophe epic proportion
darling jasmine,at king jamess insistence jasmine is to marry jemmie leslie though they shared a night of unforgettable passion she is adamant in her refusal to marry yet once he sees her again jemmie vows to win the elusive jasmine back    and take her beyond ecstasy,romance,1997,bertrice small,king james insistence jasmine marry jemmie leslie though shared night unforgettable passion adamant refusal marry yet see jemmie vow win elusive jasmine back take beyond ecstasy
emma,each of these four crocheted afghans by sandy rideout has its own fun details that kids will love such as dimensional wings or a lacy pattern in the edging there are blackandyellow bumble bees buzzing on a red throw sweet lady bugs marching on a white and green afghan multicolored butterflies on a black throw with variegated borders and edging and a dragonfly blanket that is lovely in shades of lavender and blue,romance,1996,jane austen,four crocheted afghan sandy rideout fun detail kid love dimensional wing lacy pattern edging blackandyellow bumble bee buzzing red throw sweet lady bug marching white green afghan multicolored butterfly black throw variegated border edging dragonfly blanket lovely shade lavender blue
the viscount who loved me, 1 new york times bestseller the inspiration for season two of bridgerton a series created by shondaland for netflix from 1 new york times bestselling author julia quinn the story of anthony bridgerton in the second of her beloved regencyset novels featuring the charming powerful bridgerton family anthonys story this time the gossip columnists have it wrong londons most elusive bachelor anthony bridgerton hasnt just decided to marryhes even chosen a wife the only obstacle is his intendeds older sister kate sheffieldthe most meddlesome woman ever to grace a london ballroom the spirited schemer is driving anthony mad with her determination to stop the betrothal but when he closes his eyes at night kates the woman haunting his increasingly erotic dreams contrary to popular belief kate is quite sure that reformed rakes do not make the best husbandsand anthony bridgerton is the most wicked rogue of them all kates determined to protect her sisterbut she fears her own heart is vulnerable and when anthonys lips touch hers shes suddenly afraid she might not be able to resist the reprehensible rake herself,romance,2022,julia quinn,1 new york time bestseller inspiration season two bridgerton series created shondaland netflix 1 new york time bestselling author julia quinn story anthony bridgerton second beloved regencyset novel featuring charming powerful bridgerton family anthony story time gossip columnist wrong london elusive bachelor anthony bridgerton hasnt decided marryhes even chosen wife obstacle intendeds older sister kate sheffieldthe meddlesome woman ever grace london ballroom spirited schemer driving anthony mad determination stop betrothal close eye night kates woman haunting increasingly erotic dream contrary popular belief kate quite sure reformed rake make best husbandsand anthony bridgerton wicked rogue kates determined protect sisterbut fear heart vulnerable anthony lip touch shes suddenly afraid might able resist reprehensible rake
sense and sensibility,classics with legible texts you can actually read at a fantastic price,romance,2012,jane austen,classic legible text actually read fantastic price
love only once,the exquisite niece of lord edward and lady charlotte malory regina ashton is outraged over her abduction by the arrogant devilishly handsome nicholas eden and is determined to make the rogue pay with his heart,romance,1985,johanna lindsey,exquisite niece lord edward lady charlotte malory regina ashton outraged abduction arrogant devilishly handsome nicholas eden determined make rogue pay heart
last voyage of the valentina,originally published in great britain in 2005 by hodder and stoughtontp verso,romance,2006,santa montefiore,originally published great britain 2005 hodder stoughtontp verso
second chance,freewheeling fashion magazine editor fiona monaghan meets her matchand oppositein conservative widower john anderson who accompanies her to a paris couture show and unexpectedly steals her heart a development that prompts both to adapt their contrasting lifestyles 900000 first printing,romance,2004,danielle steel,freewheeling fashion magazine editor fiona monaghan meet matchand oppositein conservative widower john anderson accompanies paris couture show unexpectedly steal heart development prompt adapt contrasting lifestyle 900000 first printing
jane eyre,brontes infamous gothic novel tells the story of orphan jane a child of unfortunate circumstances raised and treated badly by her aunt and cousins and eventually sent away to a cruel boarding school it is not until jane becomes a governess at thornfield that she finds happiness meek measured but determined jane soon falls in love with her brooding and stormy master mr rochester but it is not long before strange and unnerving events occur in the house and jane is forced to leave thornfield to pursue her future,romance,2010,charlotte brontë,bronte infamous gothic novel tell story orphan jane child unfortunate circumstance raised treated badly aunt cousin eventually sent away cruel boarding school jane becomes governess thornfield find happiness meek measured determined jane soon fall love brooding stormy master mr rochester long strange unnerving event occur house jane forced leave thornfield pursue future
a loving scoundrel,danny grew up on the streets of london as a pickpocket but jeremy malory rescues her and hires her as his upstairs maid,romance,2004,johanna lindsey,danny grew street london pickpocket jeremy malory rescue hire upstairs maid
just once,1941 bloomington indiana irvel ellis is too focused on her secret to take much notice in the war raging overseas shes dating sam but in love with his brother hank when pearl harbor is attacked their lives are turned upside down overnight sam is drafted hank wants to enlist but sam insists he stay home and take up the battle on the home front while sam fights in europe an undeniable chemistry builds between irvel and hank but neither would dare cross that line when a devastating telegram comes hank enlists the next day and has just two weeks until he ships out years later hank and irvel make a series of vhs tapes for her to play as she sinks into alzheimers determined to keep some of her memories alive  adapted from publisher info and perusal of book,romance,2023,karen kingsbury,1941 bloomington indiana irvel elli focused secret take much notice war raging overseas shes dating sam love brother hank pearl harbor attacked life turned upside overnight sam drafted hank want enlist sam insists stay home take battle home front sam fight europe undeniable chemistry build irvel hank neither would dare cross line devastating telegram come hank enlists next day two week ship year later hank irvel make series vhs tape play sink alzheimers determined keep memory alive adapted publisher info perusal book
heir of fire,celaena sardothien rises from the ashes to burn even brighter than before celaena has survived deadly contests and shattering heartbreakbut at an unspeakable cost now she must travel to a new land to confront her darkest trutha truth about her h,romance,2015,sarah j maas,celaena sardothien rise ash burn even brighter celaena survived deadly contest shattering heartbreakbut unspeakable cost must travel new land confront darkest trutha truth h
the wedding,connor macalister kidnaps and marries lady brenna and professes only to want her for the heir she can give him but he soon realizes he longs to hear that she returns his undying love,romance,2002,julie garwood,connor macalister kidnaps marries lady brenna professes want heir give soon realizes longs hear return undying love
a man to call my own,charismatic twins amanda and marlan laton sent to live with their aunt on a sprawling 1870s texas ranch find themselves competing for the love of cowboy neighbor chad kinkaid,romance,2004,johanna lindsey,charismatic twin amanda marlan laton sent live aunt sprawling 1870s texas ranch find competing love cowboy neighbor chad kinkaid
rising tides,new york times bestselling author nora roberts presents the second novel in a dramatic trilogy of three men who return home to honor their fathers last wishto care for seth a troubled boy in need of a family the first novel sea swept brings the character of cameron quinn a racing boat driver to life here the quiet brother a fisherman ethan quinns character is explored,romance,1998,nora roberts,new york time bestselling author nora robert present second novel dramatic trilogy three men return home honor father last wishto care seth troubled boy need family first novel sea swept brings character cameron quinn racing boat driver life quiet brother fisherman ethan quinns character explored
last sacrifice,the final heart wrenching episode at st vladimirs academy rose is on trial for high treason and the death of queen tatiana someone is trying to frame her and it looks like even dimitri might not be able to save her now,romance,2010,richelle mead,final heart wrenching episode st vladimirs academy rose trial high treason death queen tatiana someone trying frame look like even dimitri might able save
north and south,milton is a sooty noisy northern town centred around the cotton mills that employ most of its inhavitants arriving from a rural idyll in the south margaret hale is initially shocked by the social unrest and povery she finds in her new home town  back cover,romance,1927,elizabeth cleghorn gaskell,milton sooty noisy northern town centred around cotton mill employ inhavitants arriving rural idyll south margaret hale initially shocked social unrest povery find new home town back cover
a holiday of love,in new york city in the late 1800s a beautiful but clumsy angel turns a lonely mans life around in medieval scotland the intrigues of a christmas mass imperil two highland loversin regency london a worldweary lord receives an outrageous proposaland in modernday colorado a clever twelveyearold plays matchmaker for his bighearted but impractical mother,romance,2005,jude deveraux arnette lamb jill barnett judith mcnaught,new york city late 1800s beautiful clumsy angel turn lonely man life around medieval scotland intrigue christmas mass imperil two highland loversin regency london worldweary lord receives outrageous proposaland modernday colorado clever twelveyearold play matchmaker bighearted impractical mother
fallen too far,blaire wynn left her small farmhouse in alabama after her mother passed away to move in with her father and his new wife in their sprawling beach house along the florida gulf coast she isnt prepared for the lifestyle change and she knows shell never fit into this world then there is her sexy stepbrother rush who is as spoiled as he is gorgeous he is also getting under her skin she knows he is anything but good for her and that hell never be faithful to anyone,romance,2012,abbi glines,blaire wynn left small farmhouse alabama mother passed away move father new wife sprawling beach house along florida gulf coast isnt prepared lifestyle change know shell never fit world sexy stepbrother rush spoiled gorgeous also getting skin know anything good hell never faithful anyone
impossible,brought together by their mutual interest in art sasha a widowed art gallery owner with grown children and liam a successful artist nine years her junior find new meaning in their lives through their relationship with each other,romance,2005,danielle steel,brought together mutual interest art sasha widowed art gallery owner grown child liam successful artist nine year junior find new meaning life relationship
obsidian,a liz pelletier collection bookp 4 of cover,romance,2012,jennifer l armentrout,liz pelletier collection bookp 4 cover
savor the moment,wedding baker laurel mcbane is surrounded by romance working at vows wedding planning company with her best friends parker emma and mac lowkey and unpretentious she longs for the seemingly unreachable ivy league lawyer delaney parkers older brother,romance,2010,nora roberts,wedding baker laurel mcbane surrounded romance working vow wedding planning company best friend parker emma mac lowkey unpretentious longs seemingly unreachable ivy league lawyer delaney parker older brother
persuasion,classics with legible texts you can actually read at a fantastic price,romance,2012,jane austen,classic legible text actually read fantastic price
malafrena,transports the reader to a europe of the imagination orsinia when itale sorde is swept up in the revolutionary storms of his day renouncing both his inheritance and the love of his life for his dream of revolution and the firey woman who wants him for her own,romance,1980,ursula k le guin,transport reader europe imagination orsinia itale sorde swept revolutionary storm day renouncing inheritance love life dream revolution firey woman want
sweet ache,the new york times bestselling author of the driven series turns up the heat when a sexy bet turns into so much more hawkin play the bad boy rock star with a good guy heart has lived a lifetime of cleaning up after his twin brothers mistakes hunters most recent screwup could land hawke in jail and risk the bands future hawke agrees to guest lecture at a local college to stay in the judges good gracesand a bet with his bandmate to seduce his sexy teaching assistant is icing on the cake quinlan westin is harder to bed than hawke imagined she knows his type and is determined to avoid the rocker at all costseven if their attraction runs deeper than simple lust just as hawke might finally be winning over the girl his brother has other plans when hunter realizes his twin finally has a weakness hell stop at nothing to take advantage,romance,2015,k bromberg,new york time bestselling author driven series turn heat sexy bet turn much hawkin play bad boy rock star good guy heart lived lifetime cleaning twin brother mistake hunter recent screwup could land hawke jail risk band future hawke agrees guest lecture local college stay judge good gracesand bet bandmate seduce sexy teaching assistant icing cake quinlan westin harder bed hawke imagined know type determined avoid rocker costseven attraction run deeper simple lust hawke might finally winning girl brother plan hunter realizes twin finally weakness hell stop nothing take advantage
a new hope,starting over in a small town after the tragic loss of her child florist ginger dysart begins working on a big family wedding before forging a friendship that evolves into something more,romance,2015,robyn carr,starting small town tragic loss child florist ginger dysart begin working big family wedding forging friendship evolves something
wait for you,some things are worth waiting for travelling thousands of miles from home to enter college is the only way 19yearold avery morgansten can escape an event that changed her life forever all she needs to do is keep her head down  the one thing she never planned on was capturing the attention of the only guy who could shatter her defences cameron hamilton is six feet and three inches of swoonworthy hotness she knows she needs to stay away from him but cam is everywhere with his charm his banter and that dimple thats just so lickable getting involved with him is dangerous but ignoring their simmering tension is impossible when avery starts receiving threatening emails and phone calls she realises that someone from her past is refusing to let her go when the devastating truth comes out will cam be there to help her or will he be dragged down with her,romance,2013,j lynn,thing worth waiting travelling thousand mile home enter college way 19yearold avery morgansten escape event changed life forever need keep head one thing never planned capturing attention guy could shatter defence cameron hamilton six foot three inch swoonworthy hotness know need stay away cam everywhere charm banter dimple thats lickable getting involved dangerous ignoring simmering tension impossible avery start receiving threatening email phone call realises someone past refusing let go devastating truth come cam help dragged
someone to honor,abigail westcott must contend with the infuriating charms of gilbert bennington the officer who has escorted her wounded brother harry home from the napoleonic wars,romance,2019,mary balogh,abigail westcott must contend infuriating charm gilbert bennington officer escorted wounded brother harry home napoleonic war
sunny chandlers return,sandra brown has won over fans and critics throughout the world with more than fifty new york times bestselling novels her early works were hailed by rendezvous magazine as stories with larger than life heroes and heroines who make you believe all the warm wonderful wild things in life here is the unforgettable story of a woman who returns to her small hometown in the southand finds that the sins of her past are right where she left them never sunny chandler always said shed never go back to the tiny town where she grew up it was just three years ago that she was at the center of a notorious scandaland the good folks of latham green louisiana made it clear theyd never let her forget it so sunny packed up and headed for new orleans and now she wouldnt give up city life for the world but when shes invited to her best friends wedding sunny has no choice but to go home and with her return come the whispersthe looksthe rumors she tried to escape it doesnt take sunny long to see that latham green has nothing new to offer except maybe ty beaumont the moment ty and sunny first meet at a party he can see shes no ordinary woman with her dazzling hair and eyes the color of gold shes a fleshandblood fantasyand ty vows hell have her in his bed before the week is out yet even when he turns on his southern charm sunny makes it clear shes not interested sure a night with ty would be wilder than bourbon street at mardi gras but sunnys not in town to become some good ol boys latest conquest no matter how sexy he is little does she know that ty isntused to taking no for an answerand he isnt about to start now soon what began as an innocent flirtation becomes a tantalizingly slow skillfully deliberate and overwhelmingly seductive pursuit that even sunny finds hard to resist but resist him she will for sunny is harboring an agonizing secretthe painful truth of why she left latham green the way she did what she really needs now is a friendand thats when she discovers there may be more to ty beaumont than meets the eye despite his roguish facade sunny comes to see he has a heart of gold still she doesnt know if she can trust another person with her secret heartbreaknot even the one man who may be able to heal it,romance,2004,sandra brown,sandra brown fan critic throughout world fifty new york time bestselling novel early work hailed rendezvous magazine story larger life hero heroine make believe warm wonderful wild thing life unforgettable story woman return small hometown southand find sin past right left never sunny chandler always said shed never go back tiny town grew three year ago center notorious scandaland good folk latham green louisiana made clear theyd never let forget sunny packed headed new orleans wouldnt give city life world shes invited best friend wedding sunny choice go home return come whispersthe looksthe rumor tried escape doesnt take sunny long see latham green nothing new offer except maybe ty beaumont moment ty sunny first meet party see shes ordinary woman dazzling hair eye color gold shes fleshandblood fantasyand ty vow hell bed week yet even turn southern charm sunny make clear shes interested sure night ty would wilder bourbon street mardi gras sunnys town become good ol boy latest conquest matter sexy little know ty isntused taking answerand isnt start soon began innocent flirtation becomes tantalizingly slow skillfully deliberate overwhelmingly seductive pursuit even sunny find hard resist resist sunny harboring agonizing secretthe painful truth left latham green way really need friendand thats discovers may ty beaumont meet eye despite roguish facade sunny come see heart gold still doesnt know trust another person secret heartbreaknot even one man may able heal
fine things,the story of a man who learns that ones capacity to love is not reached until it is tested,romance,1988,danielle steel,story man learns one capacity love reached tested
the missing sister,from sunday times no1 bestselling author lucinda riley comes the latest installment in the epic multimillionselling series the seven sisters the story of merope the missing sister is waiting to be told    following georg hoffmans revelation that he may have found the missing sister maia and ally discover that all they have to go on is an address of a vineyard in new zealand plus a drawing of an unusual starshaped emerald ring deciding that cece who lives in australia is the closest they send her to investigate with her partner chrissie so begins a race against time to identify the missing sister so she can join her sisters on the titan to lay a wreath at a spot on the aegean sea where ally last saw pa salts boat its a race that takes them across the globe as mary mcdougal the woman who has the emerald ring that can confirm for certain if her daughter marykate is the missing sister has embarked on a world tour after the death of her husband as each sister takes their turn to trace her in new zealand canada england france and ireland the elusive mary manages to slip through their fingers and it seems that she does not want to be found,romance,2021,lucinda riley,sunday time no1 bestselling author lucinda riley come latest installment epic multimillionselling series seven sister story merope missing sister waiting told following georg hoffman revelation may found missing sister maia ally discover go address vineyard new zealand plus drawing unusual starshaped emerald ring deciding cece life australia closest send investigate partner chrissie begin race time identify missing sister join sister titan lay wreath spot aegean sea ally last saw pa salt boat race take across globe mary mcdougal woman emerald ring confirm certain daughter marykate missing sister embarked world tour death husband sister take turn trace new zealand canada england france ireland elusive mary manages slip finger seems want found
the winemakers wife,if you love the beekeepers promiseand the tattooist of auschwitzthen youll adore this beautiful story of love loss hope and survival east of paris in the sundrenched vineyards of northern france lies the famous champagne house maison chauveau but behind the extravagant exterior of the grand house is a world of secrets 1940 when young ines married into the famed chauveau family she dreamed of working alongside her husband and raising their beautiful children but with german occupation comes a life of fear for herself for the husband who has joined the resistance and for celine the jewish wife of their chief vintner as the nazis march ever closer ines will be faced with a terrible choice 2019 liv kent has lost everything her job her husband and the family she thought they were building alone and adrift she leaps at the chance to join her eccentric grandmother on a trip to champagne but its not long before past and present collide and in a desperate search for the truth liv is led straight to the maison chauveau what readers are saying about the winemakers wife a beautifully woven tale of love betrayal and redemption goodreads reviewer 5 stars this is a story of lovethrough generations of the french resistanceand families of blood and choice fabulous read amazon reviewer 5 stars a memorable book that weaves a heartbreaking yet hopeful tale this book is fascinating and a must read goodreads reviewer 5 stars it is a story of love and betrayal its also a story of forgiveness kept me intensely interesteduntil the very end amazon reviewer 5 stars a deeply thoughtful historical fictionnovel based on details of reallife resistance activities that occurred in france during world war ii gwendalynbooksblog i would highly recommendthe winemakers wifeto those who like historical fiction and womens fiction a 5 star for me stories unfolded blog this was a wonderfully twisty book i definitely want to read more from this author the good the bad and the unread,romance,2021,kristen harmel,love beekeeper promiseand tattooist auschwitzthen youll adore beautiful story love loss hope survival east paris sundrenched vineyard northern france lie famous champagne house maison chauveau behind extravagant exterior grand house world secret 1940 young ines married famed chauveau family dreamed working alongside husband raising beautiful child german occupation come life fear husband joined resistance celine jewish wife chief vintner nazi march ever closer ines faced terrible choice 2019 liv kent lost everything job husband family thought building alone adrift leap chance join eccentric grandmother trip champagne long past present collide desperate search truth liv led straight maison chauveau reader saying winemaker wife beautifully woven tale love betrayal redemption goodreads reviewer 5 star story lovethrough generation french resistanceand family blood choice fabulous read amazon reviewer 5 star memorable book weave heartbreaking yet hopeful tale book fascinating must read goodreads reviewer 5 star story love betrayal also story forgiveness kept intensely interesteduntil end amazon reviewer 5 star deeply thoughtful historical fictionnovel based detail reallife resistance activity occurred france world war ii gwendalynbooksblog would highly recommendthe winemaker wifeto like historical fiction womens fiction 5 star story unfolded blog wonderfully twisty book definitely want read author good bad unread
ps i still love you,lara jean and her love letters are back in this irresistible sequel to to all the boys ive loved before,romance,2015,jenny han,lara jean love letter back irresistible sequel boy ive loved
how to entice an enchantress,scarred in a terrible accident the gruff lord kirk becomes a recluse from societyuntil he meets his neighbor a young beauty who shares his love for poetry and books,romance,2013,karen hawkins,scarred terrible accident gruff lord kirk becomes recluse societyuntil meet neighbor young beauty share love poetry book
northanger abbey,classics with legible texts you can actually read at a fantastic price,romance,2012,jane austen,classic legible text actually read fantastic price
the marriage spell,the new york times bestselling author of a kiss of fate delivers a spellbinding regency romance where magic is commonplace but desire is the most mysteriousand seductiveforce of all,romance,2006,mary jo putney,new york time bestselling author kiss fate delivers spellbinding regency romance magic commonplace desire mysteriousand seductiveforce
almost forever,almost forever by linda howard released on jul 24 1998 is available now for purchase,romance,1998,linda howard,almost forever linda howard released jul 24 1998 available purchase
if morning ever comes,a touchingly funny tale from the pultizer prizewinning author of saint maybe ben joe hawkes comes from a large cheerful family of women but when one of his sisters takes her baby and leaves her husband everythingincluding his perceptions of the pastchanges phenomenalthe new york times copyright  libri gmbh all rights reserved,romance,1983,anne tyler,touchingly funny tale pultizer prizewinning author saint maybe ben joe hawkes come large cheerful family woman one sister take baby leaf husband everythingincluding perception pastchanges phenomenalthe new york time copyright libri gmbh right reserved
the thirteen,this series of three novellas is unified by an overarching motif in all three tales a mysterious secret society known as the thirteen is at work behind the scenes the men in the group have pledged eternal loyalty to each other and if any member ever finds himself in peril it is the sworn duty of the others to come to his aid honore de balzac uses this premise as a device to explore a wide range of topics including clashes between different classes of society doomed romances and intrigue driven by greed,romance,2014,honore de balzac,series three novella unified overarching motif three tale mysterious secret society known thirteen work behind scene men group pledged eternal loyalty member ever find peril sworn duty others come aid honore de balzac us premise device explore wide range topic including clash different class society doomed romance intrigue driven greed
northern lights,lunacy alaska  population 506  is nate burkes last chance as a baltimore cop he had watched his partner die  and the guilt still haunts him maybe serving as chief of police in this tiny remote town where darkness falls by midafternoon and temperatures fall to below zero will bring some kind of solace it isnt as if he has anywhere else to go aside from sorting out a runin between a couple of motor vehicles and a moose and pulling apart two brothers fighting overjohn waynes best movie nates first weeks on the job are relatively quiet but as he wonders whether this was all a big mistake an unexpected kiss from feisty bush pilot meg galloway under the brilliant northern lights of the alaska sky lifts his spirit  and convinces him to stay just a little longer born and raised in lunacy meg has learned to be independent but theres something about nates sad eyes that gets under her skin and warms her frozen heart however when two climbers find a corpse on the mountain nate discovers that lunacy isnt quite the sleepy little backwater he imagined,romance,2004,nora roberts,lunacy alaska population 506 nate burke last chance baltimore cop watched partner die guilt still haunt maybe serving chief police tiny remote town darkness fall midafternoon temperature fall zero bring kind solace isnt anywhere else go aside sorting runin couple motor vehicle moose pulling apart two brother fighting overjohn wayne best movie nates first week job relatively quiet wonder whether big mistake unexpected kiss feisty bush pilot meg galloway brilliant northern light alaska sky lift spirit convinces stay little longer born raised lunacy meg learned independent there something nates sad eye get skin warms frozen heart however two climber find corpse mountain nate discovers lunacy isnt quite sleepy little backwater imagined
it happened one summer,tessa bailey is back with a schitts creekinspired romcom about a hollywood it girl whos cut off from her wealthy family and exiled to a small pacific northwest beach town where she butts heads with a surly sexy local who thinks she doesnt belong piper bellinger is fashionable influential and her reputation as a wild child means the paparazzi are constantly on her heels when too much champagne and an outofcontrol rooftop party lands piper in the slammer her stepfather decides enough is enough so he cuts her off and sends piper and her sister to learn some responsibility running their late fathers dive bar in washington piper hasnt even been in westport for five minutes when she meets big bearded sea captain brendan who thinks she wont last a week outside of beverly hills so what if piper cant do math and the idea of sleeping in a shabby apartment with bunk beds gives her hives how bad could it really be shes determined to show her stepfatherand the hot grumpy localthat shes more than a pretty face except its a small town and everywhere she turns she bumps into brendan the funloving socialite and the gruff fisherman are polar opposites but theres an undeniable attraction simmering between them piper doesnt want any distractions especially feelings for a man who sails off into the sunset for weeks at a time yet as she reconnects with her past and begins to feel at home in westport piper starts to wonder if the cold glamorous life she knew is what she truly wants la is calling her name but brendanand this town full of memoriesmay have already caught her heart,romance,2021,tessa bailey,tessa bailey back schitts creekinspired romcom hollywood girl who cut wealthy family exiled small pacific northwest beach town butt head surly sexy local think doesnt belong piper bellinger fashionable influential reputation wild child mean paparazzo constantly heel much champagne outofcontrol rooftop party land piper slammer stepfather decides enough enough cut sends piper sister learn responsibility running late father dive bar washington piper hasnt even westport five minute meet big bearded sea captain brendan think wont last week outside beverly hill piper cant math idea sleeping shabby apartment bunk bed give hive bad could really shes determined show stepfatherand hot grumpy localthat shes pretty face except small town everywhere turn bump brendan funloving socialite gruff fisherman polar opposite there undeniable attraction simmering piper doesnt want distraction especially feeling man sail sunset week time yet reconnects past begin feel home westport piper start wonder cold glamorous life knew truly want la calling name brendanand town full memoriesmay already caught heart
chaser,given his wellearned bad boy reputation eric is having a tough time scoring when single jean moves to town she seems heaven sent by the sex gods only problem is she not only wants nothing to do with him but it turns out that shes pregnant starting over in a small town jean is determined to turn her wild lifestyle around and be the kind of mother she always wished shed had since local bar owner and all round hottie eric collins is now determined to steer clear of her pregnant self it should be easy when she goes into labour during a snow storm and her car slides on some ice its eric who comes to the rescue there seems to be a bond between them now but is it enough and can eric give up his manwhore ways to be the man jean needs,romance,2018,kylie scott,given wellearned bad boy reputation eric tough time scoring single jean move town seems heaven sent sex god problem want nothing turn shes pregnant starting small town jean determined turn wild lifestyle around kind mother always wished shed since local bar owner round hottie eric collins determined steer clear pregnant self easy go labour snow storm car slide ice eric come rescue seems bond enough eric give manwhore way man jean need
the last song,her teenage life turned upsidedown by her parents divorce and her fathers relocation out of state ronnie miller remains bitter three years later when her mother urges her to spend a summer with her father a concert pianist who is quietly immersed in creating a work of art that will become the centerpiece of a local church by the bestselling author of the lucky one movie tiein,romance,2009,nicholas sparks,teenage life turned upsidedown parent divorce father relocation state ronnie miller remains bitter three year later mother urge spend summer father concert pianist quietly immersed creating work art become centerpiece local church bestselling author lucky one movie tiein
the klone and i,after thirteen years of marriage and two kids stephanie was devastated when her husband left her for a younger woman suddenly she was alone then a spurofthemoment trip to paris changed everything peter baker was a handsome hightech entrepreneur also visiting the city stephanie was certain it couldnt possibly work but much to her amazement he contacted her when they returned to new york and stephanie embarked on a bizarre and hilarious adventure beyond her wildest dreams shy serious peter chairman of a bionic enterprise was supposed to be away on business instead hes standing at her door wearing satin and rhinestones naturally stephanie thinks its a joke  until the truth suddenly dawns this isnt peter playing a role this is his double calling himself paul klone this wild uninhibited creature isnt even remotely like peter except for his identically sexy good looks this uproarious novel explores the outrageous love triangle that develops between stephanie peterand the klone in a wickedly funny rightontarget look at finding the perfeet mate in an imperfect world bestselling novelist danielle steel reveals insights into the human heart that have made her novels 1 bestsellers around the world,romance,1998,danielle steel,thirteen year marriage two kid stephanie devastated husband left younger woman suddenly alone spurofthemoment trip paris changed everything peter baker handsome hightech entrepreneur also visiting city stephanie certain couldnt possibly work much amazement contacted returned new york stephanie embarked bizarre hilarious adventure beyond wildest dream shy serious peter chairman bionic enterprise supposed away business instead he standing door wearing satin rhinestone naturally stephanie think joke truth suddenly dawn isnt peter playing role double calling paul klone wild uninhibited creature isnt even remotely like peter except identically sexy good look uproarious novel explores outrageous love triangle develops stephanie peterand klone wickedly funny rightontarget look finding perfeet mate imperfect world bestselling novelist danielle steel reveals insight human heart made novel 1 bestseller around world
esio trot,mr hoppy loves mrs silver mrs silver loves alfie the tortoise sometimes mr happy wishes he could become a tortoise until one day he finds a way to win mrs silvers heart with the help of a little magic and some cabbage   ,romance,2013,roald dahl,mr hoppy love mr silver mr silver love alfie tortoise sometimes mr happy wish could become tortoise one day find way win mr silver heart help little magic cabbage
holly,holly believes that she may finally have a chance with the man she has loved for years until she meets an undeniably attractive stranger and spends the weekend with him,romance,2003,jude deveraux,holly belief may finally chance man loved year meet undeniably attractive stranger spends weekend
dark guardian,lucian daratrazanoff the dark guardian is drawn to lady cop jaxon montgomery who foolishly made it her lifes work to protect others from harm,romance,2002,christine feehan,lucian daratrazanoff dark guardian drawn lady cop jaxon montgomery foolishly made life work protect others harm
a secret affair,written in the same small format as her bestselling love in another town barbara taylor bradfords newest novel tells the story of an illicit fate ful affair when a respected american tv newsman and a young artist meet in venice and fall in love the only hope for sustaining their relationship is via a series of planned rendezvous a secret affair tells their moving story,romance,1996,barbara taylor bradford,written small format bestselling love another town barbara taylor bradford newest novel tell story illicit fate ful affair respected american tv newsman young artist meet venice fall love hope sustaining relationship via series planned rendezvous secret affair tell moving story
now and always,when mysterious events lead katie addison to seek help from sheriff ben okeefe who has a crush on her he wonders if this is the chance he has been waiting for to win her affection,romance,2008,lori copeland,mysterious event lead katie addison seek help sheriff ben okeefe crush wonder chance waiting win affection
where theres a will,management and organization were julian lords areas of expertise not so for callie marcus with a twohundredpound st bernard who thought he was human and a house in the midst of being demolisheder remodeledcallie was going to need julians expertise as well as his cooperation because even after her death aunt maudie was playing games shed hidden her will and with any luck callie and julian would find itand love,romance,2007,day leclaire,management organization julian lord area expertise callie marcus twohundredpound st bernard thought human house midst demolisheder remodeledcallie going need julian expertise well cooperation even death aunt maudie playing game shed hidden luck callie julian would find itand love
the cottage,in her fiftyfourth bestselling novel danielle steel weaves a compelling story of fame and friendship charmed lives and private strugglesand of three very different men whose lives converge and collide atthe cottage on a sunny day in hollywood a gleaming rollsroyce convertible pulls through the gates of the magnificent estate known asthe cottage modeled after the cottages of newport rhode island the spacious elegant property sitting on fourteen acres of lush bel air fits its owner to a t for the man behind the wheel of the rolls is hollywoods ageless wonder cooper winslow a star of the silver screen for decades a man whose allure to women is the stuff of legend coop exudes grace charm and oldfashioned style but today coop winslow is in for a major surprise hes broke and with no major roles coming his way coop is faced with the heartbreaking prospect of selling his beloved home of forty years or at least renting out the gatehouse and part of the main house a huge blow to coop whose debonair attitude allows him to escape reality much of the time his new tenants mark friedman and jimmy oconnor are busy coping with problems of their own marks wife of sixteen years just walked out and jimmy recently lost his own wife to a devastating illness but everything changes when marks teenage son and daughter move in suddenlythe cottageis transformed with music blasting from every corner teenagers on skateboards crashing into vintage cars and a neverending parade of young starlets streaming in and out to visit coop but amid all the noise and the chaos something unexpected is happening three men who never would have met are becoming friendsand each man finds himself changing in surprising ways coop most of all because beneath the dazzle and flash the impeccably tailored suits and the sheer bravado is a man trying to keep control of his carefully ordered worlda world that is becoming more and more unpredictable with each passing day first a tabloid scandal erupts threatening coops budding romance with a wealthy debutantea stranger approaches coop with stunning newsa devastating accident almost claims the life of one of the housematesand in the midst of it allthe cottagewelcomes a new houseguest with a secret of her own who will change coops life in unexpected ways because among the people who share his cottage and his life coop winslowloner bachelor movie starmay find the rarest of all opportunities a chance to build a happiness he could never have dreamed of on his own and to become the kind of human being he has never been against a glittering backdrop of celebrity and glamour danielle steel digs deeper to tell a story of friendship and love tragedy and second chancesof the choices and unexpected turns of fate that can shape characters and lives from the hardcover edition,romance,2002,danielle steel,fiftyfourth bestselling novel danielle steel weave compelling story fame friendship charmed life private strugglesand three different men whose life converge collide atthe cottage sunny day hollywood gleaming rollsroyce convertible pull gate magnificent estate known asthe cottage modeled cottage newport rhode island spacious elegant property sitting fourteen acre lush bel air fit owner man behind wheel roll hollywood ageless wonder cooper winslow star silver screen decade man whose allure woman stuff legend coop exudes grace charm oldfashioned style today coop winslow major surprise he broke major role coming way coop faced heartbreaking prospect selling beloved home forty year least renting gatehouse part main house huge blow coop whose debonair attitude allows escape reality much time new tenant mark friedman jimmy oconnor busy coping problem mark wife sixteen year walked jimmy recently lost wife devastating illness everything change mark teenage son daughter move suddenlythe cottageis transformed music blasting every corner teenager skateboard crashing vintage car neverending parade young starlet streaming visit coop amid noise chaos something unexpected happening three men never would met becoming friendsand man find changing surprising way coop beneath dazzle flash impeccably tailored suit sheer bravado man trying keep control carefully ordered worlda world becoming unpredictable passing day first tabloid scandal erupts threatening coop budding romance wealthy debutantea stranger approach coop stunning newsa devastating accident almost claim life one housematesand midst allthe cottagewelcomes new houseguest secret change coop life unexpected way among people share cottage life coop winslowloner bachelor movie starmay find rarest opportunity chance build happiness could never dreamed become kind human never glittering backdrop celebrity glamour danielle steel dig deeper tell story friendship love tragedy second chancesof choice unexpected turn fate shape character life hardcover edition
to the moon and back,brady bradshaw was a child when the oklahoma city bombing took his mother from him every year brady visits the site on the anniversary to remember her a decade ago he met jenna phillips whose parents were also killed in the attack every year when he returns he leaves a note for jenna ashley baxter blake and her sister kari ryan take a spring break trip with their families that includes a visit to the site to see the memorials famous survivor tree she talks to brady and becomes determined to find jenna and bring them together but is shared heartache enough reason to fall in love  adapted from publisher info,romance,2019,karen kingsbury,brady bradshaw child oklahoma city bombing took mother every year brady visit site anniversary remember decade ago met jenna phillips whose parent also killed attack every year return leaf note jenna ashley baxter blake sister kari ryan take spring break trip family includes visit site see memorial famous survivor tree talk brady becomes determined find jenna bring together shared heartache enough reason fall love adapted publisher info
dirty,hes an exmusician turned bartender whos a bit rough around the edges shes a brokenhearted bride who ran from a disaster at the altar can this sexy bad boy be the mr right she was looking for all along,romance,2016,kylie scott,he exmusician turned bartender who bit rough around edge shes brokenhearted bride ran disaster altar sexy bad boy mr right looking along
the storm sister,ally dapliese is about to compete in one of the worlds most perilous yacht races when she hears the news of her adoptive fathers sudden mysterious death rushing back to meet her five sisters at their family home she discovers that her father  an elusive billionaire affectionately known to his daughters as pa salt  has left each of them a tantalising clue to their true heritage ally has also recently embarked on a deeply passionate love affair that will change her destiny forever but with her life now turned upside down ally decides to leave the open seas and follow the trail that her father left her which leads her to the icy beauty of norway  there ally begins to discover her roots  and how her story is inextricably bound to that of a young unknown singer anna landvik who lived there over a hundred years before and sang in the first performance of griegs iconic music set to ibsens play peer gynt as ally learns more about anna she also begins to question who her father pa salt really was and why is the seventh sister missing,romance,2015,lucinda riley,ally dapliese compete one world perilous yacht race hears news adoptive father sudden mysterious death rushing back meet five sister family home discovers father elusive billionaire affectionately known daughter pa salt left tantalising clue true heritage ally also recently embarked deeply passionate love affair change destiny forever life turned upside ally decides leave open sea follow trail father left lead icy beauty norway ally begin discover root story inextricably bound young unknown singer anna landvik lived hundred year sang first performance grieg iconic music set ibsen play peer gynt ally learns anna also begin question father pa salt really seventh sister missing
mansfield park,a new york times bestselling author  in jane austens third published novel after sense and sensibility and pride and prejudice young fanny price is sent to live with her wealthy uncle and aunt sir thomas and lady bertram at mansfield park raised among her four cousins fanny  the poor relation  often goes unobserved in the household making her a unique observer of the ethics morals attitudes and behavior of english society,romance,2010,jane austen,new york time bestselling author jane austen third published novel sense sensibility pride prejudice young fanny price sent live wealthy uncle aunt sir thomas lady bertram mansfield park raised among four cousin fanny poor relation often go unobserved household making unique observer ethic moral attitude behavior english society
the firebird,from the new york times bestselling author of the winter sea and the vanished days when a woman brings a small wooden carving into the art dealership claiming it once belonged to a russian empress nicola marters boss believes it is worthless but nicola has an unwanted if rare psychic gift holding the firebird in her hands she knows this woman is telling the truth compelled to uncover its true history nicola must put her own past behind her she contacts an old flame who can access the past in a way no one else can together they can find the real story of the firebird following history from scotland to belgium and to st petersburg the firebird is a sweeping story of love sacrifice courage and redemption a journey that spans centuries and lifetimes to connect the past with the future praise for susanna kearsley sometimes an author catches lightning in a bottle and susanna kearsley has done just that new york journal of books a deeply engaging romance and a compelling historical novel bernard cornwell author of the last kingdom kearsley is nothing less than a magician weaving together the past and the present in yet another marvellous genrebending romantic mysterious and utterly unputdownable novel m j rose author of seduction will stay with you long after you put it down her deft touch with historical intrigue is matched only by her delivery of a contemporary heroine who is as unique as she is memorable deanna raybourn author of the dark enquiry fascinating immersive and twisty  twists not only of plot but of character and time diana gabaldon author of the outlander series,romance,2023,susanna kearsley,new york time bestselling author winter sea vanished day woman brings small wooden carving art dealership claiming belonged russian empress nicola marters bos belief worthless nicola unwanted rare psychic gift holding firebird hand know woman telling truth compelled uncover true history nicola must put past behind contact old flame access past way one else together find real story firebird following history scotland belgium st petersburg firebird sweeping story love sacrifice courage redemption journey span century lifetime connect past future praise susanna kearsley sometimes author catch lightning bottle susanna kearsley done new york journal book deeply engaging romance compelling historical novel bernard cornwell author last kingdom kearsley nothing less magician weaving together past present yet another marvellous genrebending romantic mysterious utterly unputdownable novel j rose author seduction stay long put deft touch historical intrigue matched delivery contemporary heroine unique memorable deanna raybourn author dark enquiry fascinating immersive twisty twist plot character time diana gabaldon author outlander series
magic,magic is the mesmerizing new novel from danielle steel whose many 1 new york times bestselling tales have made her one of americas most beloved writers,romance,2016,danielle steel,magic mesmerizing new novel danielle steel whose many 1 new york time bestselling tale made one america beloved writer
the last kiss goodbye,assisting a hysterical woman who claims she was forced to commit murder serial killer expert dr charlotte stone remembering a similar claim by a mental patient reluctantly taps her psychic powers to uncover the work of a sadistic serial killer while struggling with torn feelings between her murderous ghost lover and special agent tony bartoli,romance,2013,karen robards,assisting hysterical woman claim forced commit murder serial killer expert dr charlotte stone remembering similar claim mental patient reluctantly tap psychic power uncover work sadistic serial killer struggling torn feeling murderous ghost lover special agent tony bartoli
virgin river,recently widowed melinda monroe may have come to virgin river looking for escape from her heartache but instead she finds her home,romance,2019,robyn carr,recently widowed melinda monroe may come virgin river looking escape heartache instead find home
the darkest lie,gideon the keeper of the demon of lies knows instantly whenever anyone speaks false and suffers whenever he speaks the truth yet when he captures scarlet a demonpossessed immortal who claims to be his wife gideon knows she tells the truth yet cant remember weddingor beddingher,romance,2010,gena showalter,gideon keeper demon lie know instantly whenever anyone speaks false suffers whenever speaks truth yet capture scarlet demonpossessed immortal claim wife gideon know tell truth yet cant remember weddingor beddingher
willow brook road,spirited spontaneous carrie winters has grown up under the watchful eyes of not only her grandfather mick obrien but the entire town of chesapeake shores as if that werent enough pressure carrie finds herself drawn to sexy griefstricken sam winslow who is yearning for someone to help him raise the nephew whos unexpectedly come into his life after a tragedy,romance,2015,sherryl woods,spirited spontaneous carrie winter grown watchful eye grandfather mick obrien entire town chesapeake shore werent enough pressure carrie find drawn sexy griefstricken sam winslow yearning someone help raise nephew who unexpectedly come life tragedy
bride of the tiger,bride of the tiger by heather graham pozzessere released on feb 23 1996 is available now for purchase,romance,1996,heather graham pozzessere,bride tiger heather graham pozzessere released feb 23 1996 available purchase
the play,a brandnew standalone novel in the new york times bestselling briar u series by elle kennedy,romance,2019,elle kennedy,brandnew standalone novel new york time bestselling briar u series elle kennedy
the rana look,a new york times bestseller rana ramsey had a look a style that went beyond beauty that had made her a modeling legend but when she began to feel like an object always sought after but not for herself she ran to a rickety boarding house in a small texas town where nobody knew her and she could be somebody else then quarterback trent gamblin chose to recuperate just down the hall and rana learned she couldnt hide from the world forever available in basic 5 and 6,romance,2002,sandra brown,new york time bestseller rana ramsey look style went beyond beauty made modeling legend began feel like object always sought ran rickety boarding house small texas town nobody knew could somebody else quarterback trent gamblin chose recuperate hall rana learned couldnt hide world forever available basic 5 6
swipe right,god wants you to have amazing sex there is nothing more powerful on earth than the forces of love sex and romance in fact relationships are a matter of lifeanddeath importance so how you can train today for the relationship you want tomorrow in swipe right levi lusko shares with raw honesty from his own life experiences and gods word how to regretproof your marriage bed and your deathbed resist settling for instant pleasure by discovering what your heart really longs for learn how to avoid and treat sexual scars by careful living today turn the clumsy sex talk with your child into dialogue that leads to wise choices transform a stagnant marriage by trading predictable nearness for mindblowing intimacy gods dreams for your life are not intended to kill your joy but to enhance it whether youre fed up with dating and hooking up as usual tired of being single numb because of porn and casual sex or curious about how to improve your marriage this book is for you praise for swipe right its my hope that whoever reads this will have their thoughts of the heart as seriously provoked as mine have been ryan good producer writer and entrepreneur its a perspective i believe we need now more than ever steven furtick pastor elevation church and new york times bestselling author one day someday there will be a day where you will need the downtoearth wisdom in this book like you will oxygen joel houston songwriter hillsong united and pastor hillsong nyc swipe right isnt just another book of hownottos but an honest gritty and realtime approach to navigating dating sex and romance with our souls and sanity intact judah smith lead pastor the city church and new york times bestselling author of jesus is _____ swipe right is a timely wonderful prophetic and needed message for our generation christine caine founder of the a21 campaign and bestselling author of unashamed if you are wondering what gods plans are for your love life or leading those in search of his plan for theirs you need this book louie giglio pastor of passion city church founder of passion conferences and author of the comeback this is a good book study it ponder it and if you know a fifteenyearold tell them to read it max lucado new york times bestselling author we need the swipe right message now more than ever before lysa terkeurst new york times bestselling author and president of proverbs 31 ministries this is more than just a book its a life jacket  chris tomlin grammy awardwinning musician and author of good good father levi shows that god will light our way if we allow him to carl lentz pastor hillsong nyc funny and engaging while simultaneously practical and hardhitting craig groeschel pastor of lifechurch and author of from this day forward,romance,2017,levi lusko,god want amazing sex nothing powerful earth force love sex romance fact relationship matter lifeanddeath importance train today relationship want tomorrow swipe right levi lusko share raw honesty life experience god word regretproof marriage bed deathbed resist settling instant pleasure discovering heart really longs learn avoid treat sexual scar careful living today turn clumsy sex talk child dialogue lead wise choice transform stagnant marriage trading predictable nearness mindblowing intimacy god dream life intended kill joy enhance whether youre fed dating hooking usual tired single numb porn casual sex curious improve marriage book praise swipe right hope whoever read thought heart seriously provoked mine ryan good producer writer entrepreneur perspective believe need ever steven furtick pastor elevation church new york time bestselling author one day someday day need downtoearth wisdom book like oxygen joel houston songwriter hillsong united pastor hillsong nyc swipe right isnt another book hownottos honest gritty realtime approach navigating dating sex romance soul sanity intact judah smith lead pastor city church new york time bestselling author jesus swipe right timely wonderful prophetic needed message generation christine caine founder a21 campaign bestselling author unashamed wondering god plan love life leading search plan need book louie giglio pastor passion city church founder passion conference author comeback good book study ponder know fifteenyearold tell read max lucado new york time bestselling author need swipe right message ever lysa terkeurst new york time bestselling author president proverb 31 ministry book life jacket chris tomlin grammy awardwinning musician author good good father levi show god light way allow carl lentz pastor hillsong nyc funny engaging simultaneously practical hardhitting craig groeschel pastor lifechurch author day forward
dating game,when her husband of twentyfour years unexpectedly divorces her a devastated paris armstrong struggles to overcome a broken heart and the disappointment of single life,romance,2003,danielle steel,husband twentyfour year unexpectedly divorce devastated paris armstrong struggle overcome broken heart disappointment single life
caged in winter,in this emotional and sexy new adult debut from brighton walsh the only thing more frightening than commitment is hope aspiring chef cade maxwell is immediately viscerally attracted to winter jacobson but its not her mouthwatering curves hes drawn toits the strange emptiness in her eyes when cade saves her from a drunken customer with grabby hands hes shocked at her response winter doesnt need cades help after a lifetime of getting by on her own shes happy to rely on herself shes exactly seventysix days away from graduating college and if she can hold it together that long shell finally be able to rise above the crappy hand she was dealt but now every time she turns around cade is there ready to push her smile at her distract her from her plans winter knows she cant afford to open upespecially to a man shes terrified to actually want,romance,2014,brighton walsh,emotional sexy new adult debut brighton walsh thing frightening commitment hope aspiring chef cade maxwell immediately viscerally attracted winter jacobson mouthwatering curve he drawn toits strange emptiness eye cade save drunken customer grabby hand he shocked response winter doesnt need cades help lifetime getting shes happy rely shes exactly seventysix day away graduating college hold together long shell finally able rise crappy hand dealt every time turn around cade ready push smile distract plan winter know cant afford open upespecially man shes terrified actually want
chasing perfect,when she settles down in fools gold california city planner charity jones who has a past rife with romantic disasters is tempted to take a chance on the towns most famous resident former worldclass cyclist josh golden,romance,2010,susan mallery,settle fool gold california city planner charity jones past rife romantic disaster tempted take chance town famous resident former worldclass cyclist josh golden
texas lucky,following a suspicious fire at his familys ranch ladies man lucky tyler framed by old enemies must find devon haines the beautiful redhead he had rescued at a seedy bar and his only alibi in proving his innocence romance,romance,2008,sandra brown,following suspicious fire family ranch lady man lucky tyler framed old enemy must find devon haines beautiful redhead rescued seedy bar alibi proving innocence romance
sons and lovers,a provocative portrait of an artist torn between love for his possessive mother and desire for two young beautiful women it is also the story of paul morels growing into manhood torn by both inner and outer conflict,romance,1977,david herbert lawrence,provocative portrait artist torn love possessive mother desire two young beautiful woman also story paul morel growing manhood torn inner outer conflict
tara road,thanks to a chance phone call ria from dublin and marilyn from new england switch houses for the summer with extraordinary results when they are drawn into lifestyles vastly different than their own,romance,1999,maeve binchy,thanks chance phone call ria dublin marilyn new england switch house summer extraordinary result drawn lifestyle vastly different
gabriels angel,pregnant alone and on the run to protect her unborn child laura malone finds herself stranded on a snowy colorado road and at the mercy of gabriel bradley,romance,1989,nora roberts,pregnant alone run protect unborn child laura malone find stranded snowy colorado road mercy gabriel bradley
unfinished business,its been twelve years but very little in hyattown maryland has changed vanessa sexton has finally come home to the small town after having her heart shattered all those years ago by her high school sweetheart brady tucker but the once reckless boy has become a solid dependable man can she ever trust him again,romance,2019,nora roberts,twelve year little hyattown maryland changed vanessa sexton finally come home small town heart shattered year ago high school sweetheart brady tucker reckless boy become solid dependable man ever trust
the risk,book two in the briar u series by new york times bestselling author elle kennedy,romance,2019,elle kennedy,book two briar u series new york time bestselling author elle kennedy
the little paris bookshop,translated from the german by simon pare this is an internationally bestselling novel about the distance one man will travel for the sake of love and friendship with appeal to fans of the elegance of the hedgehog and the unlikely pilgrimmage of harold fry the international bestseller translated from the german by simon pare on a beautifully restored barge on the seine jean perdu runs a bookshop or rather a literary apothecary for this bookseller possesses a rare gift for sensing which books will soothe the troubled souls of his customers the only person he is unable to cure it seems is himself he has nursed a broken heart ever since the night twentyone years ago when the love of his life fled paris leaving behind a handwritten letter that he has never dared read his memories and his love have been gathering dust  until now the arrival of an enigmatic new neighbour in his eccentric apartment building on rue montagnard inspires jean to unlock his heart unmoor the floating bookshop and set off for provence in search of the past and his beloved,romance,2015,nina george,translated german simon pare internationally bestselling novel distance one man travel sake love friendship appeal fan elegance hedgehog unlikely pilgrimmage harold fry international bestseller translated german simon pare beautifully restored barge seine jean perdu run bookshop rather literary apothecary bookseller possesses rare gift sensing book soothe troubled soul customer person unable cure seems nursed broken heart ever since night twentyone year ago love life fled paris leaving behind handwritten letter never dared read memory love gathering dust arrival enigmatic new neighbour eccentric apartment building rue montagnard inspires jean unlock heart unmoor floating bookshop set provence search past beloved
anne,while investigating a mysterious death at the resort where she works anne succeeds also in catching the attention of mark an attorney but her emotions are torn between her interest in mark and the fact he is not a christian,romance,1984,muriel canfield,investigating mysterious death resort work anne succeeds also catching attention mark attorney emotion torn interest mark fact christian
a kiss of fate,from the majestic mansions of 18thcentury london to the mistshrouded wilds of the scottish highlands bestselling author mary jo putney brings readers her most breathtaking romantic adventure yet,romance,2004,mary jo putney,majestic mansion 18thcentury london mistshrouded wild scottish highland bestselling author mary jo putney brings reader breathtaking romantic adventure yet
pretty reckless,they say revenge is a dish best served cold penn scully has had four years to stew on what daria followhill did to him and now his heart is completely iced over he took her first kiss and she took away the only person he ever loved he asked her to save the rest of her firsts for him and she walked all over his heart in stiletto heels and left it bleeding out on a bright summer day now everything has changed when circumstances leave penn homeless in his senior year the followhills take him in as their latest shiny project that means for the time being hes darias housemate living right across the hall and once he sees her again hes determined to make this spoiled princess pay for ruining the only good thing in his life but daria is used to being misunderstood being slammed for every snarky comment cynical eye roll and foot she puts in the way of the people who hurt her being the girl everyone wants to see cry and keeping her tears hidden penn wanted her firsts but she wants to be his last everything the problem is once they see past each others cutting barbs and wounded hearts the truths they uncover might just start something new altogether,romance,2023,l j shen,say revenge dish best served cold penn scully four year stew daria followhill heart completely iced took first kiss took away person ever loved asked save rest first walked heart stiletto heel left bleeding bright summer day everything changed circumstance leave penn homeless senior year followhills take latest shiny project mean time he darias housemate living right across hall see he determined make spoiled princess pay ruining good thing life daria used misunderstood slammed every snarky comment cynical eye roll foot put way people hurt girl everyone want see cry keeping tear hidden penn wanted first want last everything problem see past others cutting barb wounded heart truth uncover might start something new altogether
home front,from a distance michael and jolene zarkades seem to have it all a solid dependable marriage exciting careers and children they adore but after 12 blissful years together the couple has lost their way they are unhappy and edging towards divorce then an unexpected deployment tears their already fragile family apart,romance,2014,kristin hannah,distance michael jolene zarkades seem solid dependable marriage exciting career child adore 12 blissful year together couple lost way unhappy edging towards divorce unexpected deployment tear already fragile family apart
maid for love,with more than 15 million copies of the new york times bestselling mccarthys of gansett island series sold since maid for love debuted in april 2011 this series has quickly become a fan favorite the mccarthys of gansett island book 1 maddie chester is determined to leave her hometown of gansett island a place that has brought her only bad memories and ugly rumors then shes knocked off her bike on the way to her housekeeping job at mccarthys resort hotel by gansetts favorite son mac mccarthy hes back in town to help his father with preparations to sell the family resort and has no intention of staying long when mac accidentally sends maddie flying over the handlebars badly injuring her he moves in to nurse her back to health and help care for her young son he soon realizes his plans for a hitandrun visit to the island are in serious jeopardy and he just may be maid for love the mccarthys of gansett island series book 1 maid for love book 2 fool for love book 3 ready for love book 4 falling for love book 5 hoping for love book 6 season for love book 7 longing for love book 8 waiting for love book 9 time for love book 10 meant for love book 105 chance for love a gansett island novella book 11 gansett after dark book 12 kisses after dark book 13 love after dark,romance,2016,marie force,15 million copy new york time bestselling mccarthy gansett island series sold since maid love debuted april 2011 series quickly become fan favorite mccarthy gansett island book 1 maddie chester determined leave hometown gansett island place brought bad memory ugly rumor shes knocked bike way housekeeping job mccarthy resort hotel gansetts favorite son mac mccarthy he back town help father preparation sell family resort intention staying long mac accidentally sends maddie flying handlebar badly injuring move nurse back health help care young son soon realizes plan hitandrun visit island serious jeopardy may maid love mccarthy gansett island series book 1 maid love book 2 fool love book 3 ready love book 4 falling love book 5 hoping love book 6 season love book 7 longing love book 8 waiting love book 9 time love book 10 meant love book 105 chance love gansett island novella book 11 gansett dark book 12 kiss dark book 13 love dark
the chase,everyone says opposites attract and they must be right because theres no logical reason why im so drawn to colin fitzgerald i dont usually go for tattoocovered videogaming hockeyplaying nerdjocks who think im flighty and superficial his narrow view of me is the first strike against him it doesnt help that hes buddybuddy with my brother and that his best friend has a crush on me and that i just moved in with them oh did i not mention were roommates i suppose it doesnt matter fitzy has made it clear hes not interested in me even though the sparks between us are liable to burn our house down im not the kind of girl who chases after a man though and im not about to start ive got my hands full dealing with a new school a sleazy professor and an uncertain future so if my sexy brooding roomie wises up and realizes what hes missing he knows where to find me,romance,2018,elle kennedy,everyone say opposite attract must right there logical reason im drawn colin fitzgerald dont usually go tattoocovered videogaming hockeyplaying nerdjocks think im flighty superficial narrow view first strike doesnt help he buddybuddy brother best friend crush moved oh mention roommate suppose doesnt matter fitzy made clear he interested even though spark u liable burn house im kind girl chase man though im start ive got hand full dealing new school sleazy professor uncertain future sexy brooding roomie wise realizes he missing know find
the bartered bride,from the exotic temptations of the orient to the ruthless grandeur of 19thcentury london bestselling author putney embarks on a romantic journey that begins with a daring act of courage,romance,2002,mary jo putney,exotic temptation orient ruthless grandeur 19thcentury london bestselling author putney embarks romantic journey begin daring act courage
betrayed birthright,your usual abandoned kid grows up gets rich finds his mother story but this young man is half lakota indian and finds his mother living on her native lands with a young lakota girl that shed help raise after her sons uncle kidnapped him and his sister there are a few unexpected details in this book  the use of the lakota language and details about the indian tribes,romance,2005,sheri whitefeather,usual abandoned kid grows get rich find mother story young man half lakota indian find mother living native land young lakota girl shed help raise son uncle kidnapped sister unexpected detail book use lakota language detail indian tribe
wife 101,final exam  question 1 is an independent woman destined to remain single forever or can a wife training course turn a mess into a mrs,romance,2011,andrea j wilson,final exam question 1 independent woman destined remain single forever wife training course turn mess mr
lady of fortune,young mariechristine destelle was stripped of title family and fortune by the french revolution but after her escape to england she faced even greater danger at the hands of lord radcliffe whose lustfilled demand that she be his bride filled her with loathing there was only one way out for christa fleeing to regency london little did she expect that her disguise as a servant in the household of lord kingsley would put a heartbreaking gap between her and the irresistible viscount,romance,2006,mary jo putney,young mariechristine destelle stripped title family fortune french revolution escape england faced even greater danger hand lord radcliffe whose lustfilled demand bride filled loathing one way christa fleeing regency london little expect disguise servant household lord kingsley would put heartbreaking gap irresistible viscount
all your perfects,can a love story with a perfect beginning survive a lifetime between two imperfect people from the bestselling author of it ends with us then the last thing quinn expected was to meet the love of her life just outside her fiancés front door a year after leaving behind their cheating partners quinn and graham are in a perfect relationship that seems designed by fate now seven years later their perfect love is threatened by their imperfect marriage the memories mistakes and dreams that they have built up over the years are tearing them apart the one thing that could save them might also be the very thing that pushes their marriage past the point of no return written with the same emotional depth and keen insight that made colleen hoovers it ends with us and ugly love instant new york times bestsellers all your perfects is a powerfully moving story about a broken couple whose future hinges on promises made in the past reminding us that the enduring power of love is the ultimate saviour praise for all your perfects colleen hoover returns with an emotionally raw pageturner us weekly colleen hoover crafts the unraveling of a marriage with brutal unflinching honesty the genius is in how she stitches together the perfect ending this is one beautiful story tracey garvis graves author of the girl he used to know a poignant love story  with hoovers evocative style readers will experience the emotion of this story while sympathising with both quinn and graham booklist,romance,2022,colleen hoover,love story perfect beginning survive lifetime two imperfect people bestselling author end u last thing quinn expected meet love life outside fiancés front door year leaving behind cheating partner quinn graham perfect relationship seems designed fate seven year later perfect love threatened imperfect marriage memory mistake dream built year tearing apart one thing could save might also thing push marriage past point return written emotional depth keen insight made colleen hoover end u ugly love instant new york time bestseller perfect powerfully moving story broken couple whose future hinge promise made past reminding u enduring power love ultimate saviour praise perfect colleen hoover return emotionally raw pageturner u weekly colleen hoover craft unraveling marriage brutal unflinching honesty genius stitch together perfect ending one beautiful story tracey garvis graf author girl used know poignant love story hoover evocative style reader experience emotion story sympathising quinn graham booklist
yours until dawn,blinded in battle an injury that costs him his beloved fiancée war hero gabriel fairchild lives as a recluse until the arrival of nurse samantha wickersham who sets out to heal not only his body but also his heart and mind,romance,2004,teresa medeiros,blinded battle injury cost beloved fiancée war hero gabriel fairchild life recluse arrival nurse samantha wickersham set heal body also heart mind
the dogs and the wolves,a wonderful panoramic novel and an achingly poignant love story from the bestselling author of suite française,romance,2010,irène némirovsky,wonderful panoramic novel achingly poignant love story bestselling author suite française
morning is a long time coming,reprint orginally published new york dial press c1978,romance,1993,bette greene,reprint orginally published new york dial press c1978
the playboy and the nanny,the playboy and the nanny by anne mcallister released on nov 24 1998 is available now for purchase,romance,1998,anne mcallister,playboy nanny anne mcallister released nov 24 1998 available purchase
29 dates,seventeenyearold jisus parents send her from south korea to san francisco for a fresh academic start and to continue going on arranged dates with men of her social class  provided by publisher,romance,2018,melissa de la cruz,seventeenyearold jisus parent send south korea san francisco fresh academic start continue going arranged date men social class provided publisher
eden close,andrew an advertising executive in his mid30s returns to his hometown in upstate new york for his mothers funeral he does not intend to stay in the slow rural backwater he left seventeen years before but the dreams and memories persist and in the darkened farmhouse he relives that hot bloody night when eden close was blinded  by the same gun that killed her father the enigmatic eden had been andrews childhood companion together the two roamed summer cornfields smoked their first forbidden cigarettes skated fished and fought until the tomboy turned temptress  then their friendship ended now despite warnings andrew is drawn again to this lost blind girl of his youth drawn to save her from the cruel neglect she has endured for seventeen sightless years without him but first he must discover the grisly truth about that night   ,romance,1994,anita shreve,andrew advertising executive mid30s return hometown upstate new york mother funeral intend stay slow rural backwater left seventeen year dream memory persist darkened farmhouse relives hot bloody night eden close blinded gun killed father enigmatic eden andrew childhood companion together two roamed summer cornfield smoked first forbidden cigarette skated fished fought tomboy turned temptress friendship ended despite warning andrew drawn lost blind girl youth drawn save cruel neglect endured seventeen sightless year without first must discover grisly truth night
the prince of broadway,in the second novel in joanna shupes the uptown girl series a ruthless casino owner bent on revenge finds his plans upended by a beautiful women who proves to be more determined than he isand too irresistible to deny powerful casino owner ruthless mastermind destroyer of men he lives in the shadows    as the owner of the citys most exclusive casino clayton madden holds the fortunes of prominent families in the palms of his hands every night there is one particular family he burns to ruin however one that has escaped his grasp    until now she is societys darling    florence greene is no ones fool she knows clayton madden is using her to ruin her prestigious family    and shes using him right back she plans to learn all she can from the mysterious casino ownerthen open a casino of her own just for women with revenge on his mind clay agrees to mentor florence however she soon proves more adeptand more alluringthan clay bargained for when his plans are threatened clay must decide if he is willing to gamble his empire on love,romance,2019,joanna shupe,second novel joanna shupes uptown girl series ruthless casino owner bent revenge find plan upended beautiful woman prof determined isand irresistible deny powerful casino owner ruthless mastermind destroyer men life shadow owner city exclusive casino clayton madden hold fortune prominent family palm hand every night one particular family burn ruin however one escaped grasp society darling florence greene one fool know clayton madden using ruin prestigious family shes using right back plan learn mysterious casino ownerthen open casino woman revenge mind clay agrees mentor florence however soon prof adeptand alluringthan clay bargained plan threatened clay must decide willing gamble empire love
our chemical hearts,love is never quite what you expect henry page fancies himself quite a romantic but he has yet to find the slomo heart palpitating cant eatcant sleep kind of love that hes been hoping for but then grace town walks into his class and he knows everythings about to change grace isnt who henry pictured as his dream girl  she walks with a cane wears oversized boys clothes and rarely seems to shower but when grace and henry are chosen to coedit the school paper he quickly finds himself falling for her its obvious theres something broken about grace but henry wants nothing more than to help her put the pieces back together again equal parts wit and heartbreak this is a potent powerful portrait of the bittersweet bliss that is first loveback cover,romance,2022,krystal sutherland,love never quite expect henry page fancy quite romantic yet find slomo heart palpitating cant eatcant sleep kind love he hoping grace town walk class know everythings change grace isnt henry pictured dream girl walk cane wear oversized boy clothes rarely seems shower grace henry chosen coedit school paper quickly find falling obvious there something broken grace henry want nothing help put piece back together equal part wit heartbreak potent powerful portrait bittersweet bliss first loveback cover
angel,all were orphans when they met in their teens in the late seventies and they vowed to be a family as they reunite at a film party in london it is rosalind madigan the angel of the title who holds them together an academy awardwinning designer blessed with innate goodness rosie is troubled by commitments that leave her feeling estranged from herself and her friends gavin ambrose a hollywood megastar a brilliant actorproducer whose personal life is not as successful as it appears nell jeffrey head of an international public relations firm and rosies best friend a glamorous woman having a secret love affair and kevin madigan rosies brother an undercover cop in the nypd crime intelligence division who specializes in fighting organized crime an assignment that threatens his life into their midst come a dashing french aristocrat and the worlds most successful popular singer two men who disruptand irrevocably transformthe family angel told with the power that only barbara taylor bradford can bring to the page this stunning novel is about a group of friendsand also about individuals who facing their own mortality must reevaluate their lives and strengthen their commitments exciting and moving it will fascinate you from beginning to end from the paperback edition,romance,1993,barbara taylor bradford,orphan met teen late seventy vowed family reunite film party london rosalind madigan angel title hold together academy awardwinning designer blessed innate goodness rosie troubled commitment leave feeling estranged friend gavin ambrose hollywood megastar brilliant actorproducer whose personal life successful appears nell jeffrey head international public relation firm rosies best friend glamorous woman secret love affair kevin madigan rosies brother undercover cop nypd crime intelligence division specializes fighting organized crime assignment threatens life midst come dashing french aristocrat world successful popular singer two men disruptand irrevocably transformthe family angel told power barbara taylor bradford bring page stunning novel group friendsand also individual facing mortality must reevaluate life strengthen commitment exciting moving fascinate beginning end paperback edition
anne of avonlea,in this sequel to anne of green gables teenage anne shirley becomes a schoolteacher in a small village on prince edward island,romance,1984,montgomery ian lucy maud montgomery,sequel anne green gable teenage anne shirley becomes schoolteacher small village prince edward island
pearl in the mist,living in the dumas family mansion ruby is enjoying the love of a father she has never known when her father dies she is left to contend with the cruelty of her stepmother and stepsister and has to find every piece of strength to reclaim her home,romance,1995,virginia andrews,living duma family mansion ruby enjoying love father never known father dy left contend cruelty stepmother stepsister find every piece strength reclaim home
demon rumm,it was the publicity stunt from hell as far as kirsten rumm was concerned she may have been writing the book about her late husband aeronautical daredevil demon rumm but she didnt see the need to play host to the arrogant badboy actor starring in the film versions title role still for the good of the project kirsten agreed to share her beachfront home with the impossibly sexy screen idol any other woman would do anything to be in her sandals but kirsten wasnt falling for rylan north even if he did play his role of male lead to perfection his downhome charm his gentleness and virile charisma might be seducing her in every sense of the word but he was an actor after all seducing an audience was his job rylan could have any woman he wanted so why was he so desperately pretending to want her from the moment he saw her rylan north knew that kirsten rumm was the woman hed been waiting all his life to cast as the star in his reallife love story what did it matter if he was every womans fantasy if he couldnt get kirsten to so much as glance his way hed caught the look of past hurt behind her skyblue eyesa dark secret that shadowed the sparkle rylan was determined to find out what tragedy held this passionate woman back from a second chance at love even if it cost him his reputation his career and his life but first hed have to get kirsten to act on her instincts    and to trust the fleshandblood man behind the fantasy,romance,2005,sandra brown,publicity stunt hell far kirsten rumm concerned may writing book late husband aeronautical daredevil demon rumm didnt see need play host arrogant badboy actor starring film version title role still good project kirsten agreed share beachfront home impossibly sexy screen idol woman would anything sandal kirsten wasnt falling rylan north even play role male lead perfection downhome charm gentleness virile charisma might seducing every sense word actor seducing audience job rylan could woman wanted desperately pretending want moment saw rylan north knew kirsten rumm woman hed waiting life cast star reallife love story matter every woman fantasy couldnt get kirsten much glance way hed caught look past hurt behind skyblue eyesa dark secret shadowed sparkle rylan determined find tragedy held passionate woman back second chance love even cost reputation career life first hed get kirsten act instinct trust fleshandblood man behind fantasy
five days in paris,follows the fiveday affair between a man and a woman in paris a relationship that decides the course of the rest of their lives reprint,romance,1997,danielle steel,follows fiveday affair man woman paris relationship decides course rest life reprint
devoted in death,when lieutenant eve dallas examines a body in a downtown manhattan alleyway the victims injuries are so extensive that she almost misses the clue carved into the skin is the shape of a heartand initials inside reading e and d  ellaloo and her boyfriend darryl had been separated while darryl was a guest of the state of oklahoma and now that his sentence has been served they dont ever intend to part again ellaloos got dreams and darryl believes there are better ways to achieve your dreams than working for them so they hit the road and when their car breaks down in arkansas they make plans to take someone elses then things get messy and they wind up killing someonean experience that stokes a fierce wild desire in ellaloo a desire for darryl and a desire to kill again as they cross state lines on their way to new york to find the life they think they deserve they will leave a trail of evil behind them but now theyve landed in the jurisdiction of lieutenant dallas and her team at the new york police and security department and with her husband roarke at her side she has every intention of hunting them down and giving them what they truly deserve,romance,2016,j d robb,lieutenant eve dallas examines body downtown manhattan alleyway victim injury extensive almost miss clue carved skin shape heartand initial inside reading e ellaloo boyfriend darryl separated darryl guest state oklahoma sentence served dont ever intend part ellaloos got dream darryl belief better way achieve dream working hit road car break arkansas make plan take someone elses thing get messy wind killing someonean experience stokes fierce wild desire ellaloo desire darryl desire kill cross state line way new york find life think deserve leave trail evil behind theyve landed jurisdiction lieutenant dallas team new york police security department husband roarke side every intention hunting giving truly deserve
dream baby,by the year 2000 baby what have you resolved to do by the year 2000 millennium baby when a friend pregnant and desperate suggests that nora holloway adopt the baby it looks as if noras dream of celebrating the millennium with a family of her own may come true then the babys uncle shows up with a plan that doesnt include nora jake burdettes guilt over his brothers death wont allow him to break his promise to look after the child he wont allow a stranger to adopt his nephew but the more he learns about nora the less of a stranger she becomes,romance,1999,ann evans,year 2000 baby resolved year 2000 millennium baby friend pregnant desperate suggests nora holloway adopt baby look noras dream celebrating millennium family may come true baby uncle show plan doesnt include nora jake burdettes guilt brother death wont allow break promise look child wont allow stranger adopt nephew learns nora less stranger becomes
danger in the shadows,sara is terrified hidden away in the witness protection program shes falling in love with former pro football player adam black which is something that could get her killed fbi agent dave richman has his hands full keeping her safe from her sisters killer when events bring sara facetoface with terror will she rely on god for protection,romance,2002,dee henderson,sara terrified hidden away witness protection program shes falling love former pro football player adam black something could get killed fbi agent dave richman hand full keeping safe sister killer event bring sara facetoface terror rely god protection
jade star,kidnapped by lecherous white slaver juliana dupres the lovely daughter of a hawaiian missionary finds herself the coveted prize of a san francisco slave auction until she is rescued from degradation by a handsome mysterious doctor reissue,romance,2002,catherine coulter,kidnapped lecherous white slaver juliana dupres lovely daughter hawaiian missionary find coveted prize san francisco slave auction rescued degradation handsome mysterious doctor reissue
the girls of mischief bay,through romance and heartbreak laughter and tears the girls of mischief bay will discover that life is richer with friends at your side nicole lord wants to be a good wife but theres a difference between being supportive and supporting her husband who quit his job to write a screenplay shes never seen he wont even help take care of their son leaving nicole to run the house and work fulltime sacrificing a personal life for her career is how shannon rigg became a vp at her firm but she wonders now whether she made the right choice an exciting new relationship with a great guy convinces her that it might not be too lateuntil he drops a bombshell that has her questioning whether she really can have it all although pam eiland adores her husband she feels restless now that the kids are grown finding sexy new ways to surprise him brings the heat and humor back to their marriage but when unexpected change turns her life upside down shell have to redefine herself again through romance and heartbreak laughter and tears the girls of mischief bay will discover that life is richer with friends at your side,romance,2016,susan mallery,romance heartbreak laughter tear girl mischief bay discover life richer friend side nicole lord want good wife there difference supportive supporting husband quit job write screenplay shes never seen wont even help take care son leaving nicole run house work fulltime sacrificing personal life career shannon rigg became vp firm wonder whether made right choice exciting new relationship great guy convinces might lateuntil drop bombshell questioning whether really although pam eiland adores husband feel restless kid grown finding sexy new way surprise brings heat humor back marriage unexpected change turn life upside shell redefine romance heartbreak laughter tear girl mischief bay discover life richer friend side
marry me by sundown,published in 2018 by arrangement with galley books an imprint of simon  schuster inccopyright page,romance,2018,johanna lindsey,published 2018 arrangement galley book imprint simon schuster inccopyright page
all the feels,following spoiler alert olivia dade returns with another utterly charming romantic comedy about a devilmaycare actorwho actually cares more than anyone knowsand the nononsense woman hired to keep him in line an absolutely witty swoon worthy behind the scenes romp delightful from beginning to endjulie murphy 1 new york times bestselling author of dumplin alexander woodroe has it all charm sex appeal wealth fame a starring role as cupid on tvs biggest show gods of the gates but the showrunners have wrecked his character hes dogged by old demons and his postshow future remains uncertain when all that reckless emotion explodes into a bar fight the tabloids and public agree his star is falling enter lauren clegg the former er therapist hired to keep him in line compared to her previous work watching over handsome but impulsive alex shouldnt be especially difficult but the more time they spend together the harder it gets to keep her professional remove and her heart intact especially when she discovers the reasons behind his recklessnessnot to mention his cupid fanfiction habit when another scandal lands alex in major hot water and costs lauren her job shell have to choose between protecting him and offering him what he really wantsher but hes determined to keep his improbably short impossibly stubborn and extremely endearing minder in his life any way he can and on a road trip up the california coast together he intends to show her exactly what a falling star will do to catch the woman he loves anything at all,romance,2021,olivia dade,following spoiler alert olivia dade return another utterly charming romantic comedy devilmaycare actorwho actually care anyone knowsand nononsense woman hired keep line absolutely witty swoon worthy behind scene romp delightful beginning endjulie murphy 1 new york time bestselling author dumplin alexander woodroe charm sex appeal wealth fame starring role cupid tv biggest show god gate showrunners wrecked character he dogged old demon postshow future remains uncertain reckless emotion explodes bar fight tabloid public agree star falling enter lauren clegg former er therapist hired keep line compared previous work watching handsome impulsive alex shouldnt especially difficult time spend together harder get keep professional remove heart intact especially discovers reason behind recklessnessnot mention cupid fanfiction habit another scandal land alex major hot water cost lauren job shell choose protecting offering really wantsher he determined keep improbably short impossibly stubborn extremely endearing minder life way road trip california coast together intends show exactly falling star catch woman love anything
tea for two,zack cooper tries his best to raise his children but hes losing his grip on them in their teen years theyve both had scrapes with the local law tea shop owner milly jewel has the perfect woman in mind to help zack counselor tina milano meets weekly at the tea shop with her womens group milly encourages zack and tina to work together to draw the teens back before they get into even hotter water tinas connections with the middleburg police department prove a mixed blessing for zack and his kids both her best friend and her old boyfriend are officers on the force when tinas womens group gets wind of her personal pursuits and clashes they want to help and as the groups meetings at the tea shop take on a slightly different flavor tina begins to wonder who exactly is counseling whom,romance,2011,trish perry,zack cooper try best raise child he losing grip teen year theyve scrape local law tea shop owner milly jewel perfect woman mind help zack counselor tina milano meet weekly tea shop womens group milly encourages zack tina work together draw teen back get even hotter water tinas connection middleburg police department prove mixed blessing zack kid best friend old boyfriend officer force tinas womens group get wind personal pursuit clash want help group meeting tea shop take slightly different flavor tina begin wonder exactly counseling
the mistake,the second book in the offcampus series from new york times bestselling author elle kennedy,romance,2015,elle kennedy,second book offcampus series new york time bestselling author elle kennedy
shoulda woulda coulda,romantic drama of family life,romance,2005,la jill hunt,romantic drama family life
viscount breckenridge to the rescue,attending a racy soiree in hopes of finding her dream man miss heather cynster finds her plan of landing a husband going dangerously awry after she is abducted and the interfering viscount breckenridge comes to her rescue,romance,2011,stephanie laurens,attending racy soiree hope finding dream man miss heather cynster find plan landing husband going dangerously awry abducted interfering viscount breckenridge come rescue
devoted in death hb,eve dallas tracks a young couple whose heated passion for each other is fueled by cold brutality,romance,2015,j d robb,eve dallas track young couple whose heated passion fueled cold brutality
the blue castle,valancy lives a drab life with her overbearing mother and prying aunt then a shocking diagnosis from dr trent prompts her to make a fresh start for the first time she does and says exactly what she feels as she expands her limited horizons valancy undergoes a transformation discovering a new world of love and happiness one of lucy maud montgomerys only novels intended for an adult audience the blue castle is filled with humour and romance,romance,1977,lucy maud montgomery,valancy life drab life overbearing mother prying aunt shocking diagnosis dr trent prompt make fresh start first time say exactly feel expands limited horizon valancy undergoes transformation discovering new world love happiness one lucy maud montgomery novel intended adult audience blue castle filled humour romance
holiday in the hamptons,the perfect summer escape professional dogwalker felicity knight loves everything about new yorkuntil her exhusband starts working at her local vet clinic she hasnt seen seth carlyle in ten years but one glimpse of himtoo gorgeous and still too good for herand flisss heart hurts like their whirlwind marriage ended yesterday so when her grandmother in the hamptons needs help for the summer it seems the ideal way to escape her past their relationship might have lasted only a few scorching months but vet seth knows flissif shes run away to the hamptons its because she still feels their connection and it terrifies her he let her go once before when he didnt know any better but not this summer with the help of his adorable dog lulu and a sprinkling of beachside magic seth is determined to make fliss see that hes never stopped loving her sarah morgan delights with more love and laughter in her acclaimed series from manhattan with love which publishers weekly calls engaginga classic sweepyouoffyourfeet romantic experience dont miss beach house summer the ultimate beach read by usa today bestselling author sarah morgan one woman forges the most unlikely friendship of all and embarks on a summer of confronting her past in order to build the future she wants,romance,2017,sarah morgan romance fiction writer,perfect summer escape professional dogwalker felicity knight love everything new yorkuntil exhusband start working local vet clinic hasnt seen seth carlyle ten year one glimpse himtoo gorgeous still good herand flisss heart hurt like whirlwind marriage ended yesterday grandmother hampton need help summer seems ideal way escape past relationship might lasted scorching month vet seth know flissif shes run away hampton still feel connection terrifies let go didnt know better summer help adorable dog lulu sprinkling beachside magic seth determined make fliss see he never stopped loving sarah morgan delight love laughter acclaimed series manhattan love publisher weekly call engaginga classic sweepyouoffyourfeet romantic experience dont miss beach house summer ultimate beach read usa today bestselling author sarah morgan one woman forge unlikely friendship embarks summer confronting past order build future want
because of lila,prim proper classic good girl and her least favorite label  icy lila kate carter has heard them all the last one being the newest she is not icy she just doesnt care for cruz kerrington and his spoiled selfish careless ways that doesnt make her icy that makes him a jerk tired of being labeled and doing what is expected of her lila kate leaves rosemary beach florida ready for an adventure wanting to recreate herself find a new path and become something more eli hardy is tired of women who always act the same do the same thing and expect the same thing hes ready to swear off women until he can get the rest of his life together two weeks into his nowomenrule he meets lila shes so damn sweet and polite like she walked right out of an etiquette book but hed already been drunk before she walked in so there was a good chance she might not be as stunning and perfect as he thinks hes just too drunk to worry about that the next morning he swears he can still smell her on his skin he just cant remember why or what happened after that third dance their worlds are about to collide and so are the secrets and lies,romance,2017,abbi glines,prim proper classic good girl least favorite label icy lila kate carter heard last one newest icy doesnt care cruz kerrington spoiled selfish careless way doesnt make icy make jerk tired labeled expected lila kate leaf rosemary beach florida ready adventure wanting recreate find new path become something eli hardy tired woman always act thing expect thing he ready swear woman get rest life together two week nowomenrule meet lila shes damn sweet polite like walked right etiquette book hed already drunk walked good chance might stunning perfect think he drunk worry next morning swears still smell skin cant remember happened third dance world collide secret lie
on a highland shore,when her scottish highland village is decimated in a viking raid two weeks before her wedding margaret macdonald and her surviving siblings find shelter in the home of warrior gannon macmagnus who agrees to help margaret locate her abducted younger brother,romance,2007,kathleen givens,scottish highland village decimated viking raid two week wedding margaret macdonald surviving sibling find shelter home warrior gannon macmagnus agrees help margaret locate abducted younger brother
the princess diaries,just in time for the disney featurefilm release comes the paperback edition of the princess diariesthe story of a 14yearold high school girl who discovers shes the crown princess of a european principality,romance,2001,meg cabot,time disney featurefilm release come paperback edition princess diariesthe story 14yearold high school girl discovers shes crown princess european principality
a death in vienna,following the english assassin and the confessor this is the final novel in the trilogy to feature art restorer and spy gabriel allon he is sent to vienna to discover the truth behind a bombing which killed an old friend  a nazi hunter,romance,2004,daniel silva,following english assassin confessor final novel trilogy feature art restorer spy gabriel allon sent vienna discover truth behind bombing killed old friend nazi hunter
home in carolina,theres no place like home especially if its serenity south carolina for annie sullivan though the homecoming is bittersweet shed always envisioned a life there with her childhood best friend tyler townsend but tys betrayal has cost her the family and the future theyd once planned for ty losing annie was heartbreaking still he cant imagine life without the threeyearold son whose mother left him for ty to raise ty wants it all annie his child and the future hed dreamed about and hes back home in serenity to fight for it but getting annie to forgive and forget may be the hardest challenge hes ever faced with the stakes so high this is one game he cant afford to losepage 4 of cover,romance,2016,sherryl woods,there place like home especially serenity south carolina annie sullivan though homecoming bittersweet shed always envisioned life childhood best friend tyler townsend tys betrayal cost family future theyd planned ty losing annie heartbreaking still cant imagine life without threeyearold son whose mother left ty raise ty want annie child future hed dreamed he back home serenity fight getting annie forgive forget may hardest challenge he ever faced stake high one game cant afford losepage 4 cover
the love of landry,mildred osborne travels west to improve her health while there she falls in love with landry a cowboy,romance,1969,paul laurence dunbar,mildred osborne travel west improve health fall love landry cowboy
on the night of the seventh moon,for generations victoria holt has dazzled and entertained millions of readers with her spinetingling novels of romantic suspense on the night of the seventh moon is one of her most evocative magical and chillingcome take a journey into a dark and shadowy forest where nothing is as it seems on the night of the seventh moon according to ancient black forest legend loke the god of mischief is abroad in the world it is a night for singing and dancing and it is a night for love helena trant was enchanted by everything she found in the black forestits people its mysterious castles its legends and lore especially its legends of love until the day she started to live one of them and the enchantment turned suddenly into a terrifying nightmare,romance,1979,victoria holt,generation victoria holt dazzled entertained million reader spinetingling novel romantic suspense night seventh moon one evocative magical chillingcome take journey dark shadowy forest nothing seems night seventh moon according ancient black forest legend loke god mischief abroad world night singing dancing night love helena trant enchanted everything found black forestits people mysterious castle legend lore especially legend love day started live one enchantment turned suddenly terrifying nightmare
waiting,the story of lin kong a man living in two worlds struggling with the conflicting claims of two utterly different women,romance,2000,ha jin,story lin kong man living two world struggling conflicting claim two utterly different woman
the horse whisperer,his name is tom his voice can calm wild horses his touch can heal broken spirits and annie has traveled a long ways to find him desperate to heal her injured daughter her horse and her heart,romance,1996,nicholas evans,name tom voice calm wild horse touch heal broken spirit annie traveled long way find desperate heal injured daughter horse heart
the independent bride,pepper is rendered uncharacteristically speechless when she encounters steven konig in a live tv debate the man is gorgeous but infuriatingly provocative and hes flirting with her having turned her back on her life as an heiress pepper is determined to make it alone but shes thrown into turmoil when steven challenges her to take their attraction furtheras far as the altar,romance,2003,sophie weston,pepper rendered uncharacteristically speechless encounter steven konig live tv debate man gorgeous infuriatingly provocative he flirting turned back life heiress pepper determined make alone shes thrown turmoil steven challenge take attraction furtheras far altar
ghosts of the shadow market,the shadow market is a meeting point for faeries werewolves warlocks and vampires there the downworlders buy and sell magical objects make dark bargains and whisper secrets they do not want the nephilim to know through two centuries however there has been a frequent visitor to the shadow market from the city of bones the very heart of the shadowhunters as a silent brother brother zachariah is sworn keeper of the laws and lore of the nephilim but once he was a shadowhunter called jem carstairs and his love then and always is the warlock tessa gray follow brother zachariah and see against the backdrop of the shadow markets dark dealing and festival anna lightwoods doomed romance matthew fairchilds great sin and tessa gray plunged into a world war valentine morgenstern buys a soul at the market and a young jace waylands soul finds safe harbor in the market is hidden a lost heir and a beloved ghost and noone can save you once you have traded away your heart not even brother zachariah the series features characters from cassandra clares mortal instruments infernal devices dark artifices and the upcoming last hours series,romance,2019,cassandra clare sarah rees brennan maureen johnson kelly link robin wasserman,shadow market meeting point faery werewolf warlock vampire downworlders buy sell magical object make dark bargain whisper secret want nephilim know two century however frequent visitor shadow market city bone heart shadowhunters silent brother brother zachariah sworn keeper law lore nephilim shadowhunter called jem carstairs love always warlock tessa gray follow brother zachariah see backdrop shadow market dark dealing festival anna lightwood doomed romance matthew fairchilds great sin tessa gray plunged world war valentine morgenstern buy soul market young jace wayland soul find safe harbor market hidden lost heir beloved ghost noone save traded away heart even brother zachariah series feature character cassandra clares mortal instrument infernal device dark artifice upcoming last hour series
the believers,rebecca fowler follows her husband to a shaker colony in early 19thcentury kentucky a portrayal of the shaker way of life,romance,1957,janice holt giles,rebecca fowler follows husband shaker colony early 19thcentury kentucky portrayal shaker way life
me and mr jones,meet the women in love with the very different jones brothers izzy is determined to escape her troubled past but flirtatious charlie is causing complications alicias been happily married to loyal hugh for years but secretly craves excitement emmas relationship with david was once fun and romantic but trying for a baby has taken its toll as the future of the familys bb becomes uncertain izzy alicia and emma are thrown together unexpectedly me and mr jones is a sparkling tale of heartbreak hope friendship and love the new queen of the gripping lighthearted pageturner easy living,romance,2014,lucy diamond,meet woman love different jones brother izzy determined escape troubled past flirtatious charlie causing complication alicias happily married loyal hugh year secretly craves excitement emmas relationship david fun romantic trying baby taken toll future family bb becomes uncertain izzy alicia emma thrown together unexpectedly mr jones sparkling tale heartbreak hope friendship love new queen gripping lighthearted pageturner easy living
boss,crystal scott has the world at her fingertips at the height of her career at a wildly popular magazine and on the rise in an enviable social circle shes beginning to think that maybe she can have it all but her entire life body and soul is threatened when troy mitchell the man who stole her heart and shattered her world a decade ago returns crystal has never felt the insatiable passion she felt for troy sinceand shes never forgotten the harsh sting at betrayal when he left her and her family devastated in his wake,romance,2017,tracy brown,crystal scott world fingertip height career wildly popular magazine rise enviable social circle shes beginning think maybe entire life body soul threatened troy mitchell man stole heart shattered world decade ago return crystal never felt insatiable passion felt troy sinceand shes never forgotten harsh sting betrayal left family devastated wake
the fall of legend,from new york times bestselling author meghan march comes a new deliciously dangerous alpha hero in the fall of legend the first book in the brand new and utterly addictive legend trilogy we come from two different worlds im from the streets she might as well live in an ivory tower i made my living with my fists i doubt she could even throw a punch our paths never should have crossed we never should have met that doesnt change the facts i would sell my soul to taste those red lips fight the devil himself to hear her laugh burn in hell to have a single night scarlett priest shouldnt even know men like me exist but sometimes temptation is stronger than will if this is how i go down itll be worth every second of the fall,romance,2019,meghan march,new york time bestselling author meghan march come new deliciously dangerous alpha hero fall legend first book brand new utterly addictive legend trilogy come two different world im street might well live ivory tower made living fist doubt could even throw punch path never crossed never met doesnt change fact would sell soul taste red lip fight devil hear laugh burn hell single night scarlett priest shouldnt even know men like exist sometimes temptation stronger go itll worth every second fall
silverhill,from the day malinda rice first comes to silverhill  her mothers home  her hope turns to fear but she will not run for the beauty of silverhills setting hides more than one familys secrets and malinda must fight for both her sanity and her life before she discovers the full horrifying truth about the past evil and present terrors that may engulf her,romance,1967,phyllis a whitney,day malinda rice first come silverhill mother home hope turn fear run beauty silverhills setting hide one family secret malinda must fight sanity life discovers full horrifying truth past evil present terror may engulf
single by saturday,a year ago karen jones agreed to wed a famous actor to defuse rumors about his personal life now her divorce sits just around the corner along with a five million dollar payout however as she prepares to exit her fake marriage gracefully her dropdeadgorgeous brotherinlaw walks through the doorand into her heart,romance,2014,catherine bybee,year ago karen jones agreed wed famous actor defuse rumor personal life divorce sits around corner along five million dollar payout however prepares exit fake marriage gracefully dropdeadgorgeous brotherinlaw walk doorand heart
last chance books,synopsis coming soon,romance,2021,kelsey rodkey,synopsis coming soon
if you believe,this classic tale from the new york times bestselling author about a carefree drifter and a lonely spinster who discover passionand its priceis now repackaged at a special price reissue,romance,2004,kristin hannah,classic tale new york time bestselling author carefree drifter lonely spinster discover passionand priceis repackaged special price reissue
the best of us,during her aunt helens visit dr leigh culver takes her to sullivans crossing where each meet someone special and must decide if they are ready to take a risk on love,romance,2019,robyn carr,aunt helen visit dr leigh culver take sullivan crossing meet someone special must decide ready take risk love
that month in tuscany,ren sawyer and lizzy harper live completely different lives hes a rock star with a secret he can no longer live with shes a regular person whose husband stood her up for a long planned anniversary trip on a flight across the atlantic headed for italy a drunken pity party and untimely turbulence literally drop lizzy into rens lap it is the last thing she can imagine ever happening to someone like her but despite their surface differences they discover an undeniable pull between them a pull that leads them both to remember who they had once been before letting themselves be changed by a life they had each chosen exploring the streets of florence and the hills of tuscany together  two people with seemingly nothing in common  changes them both forever and what they find in each other is something that might just heal them both,romance,2014,inglath cooper,ren sawyer lizzy harper live completely different life he rock star secret longer live shes regular person whose husband stood long planned anniversary trip flight across atlantic headed italy drunken pity party untimely turbulence literally drop lizzy rens lap last thing imagine ever happening someone like despite surface difference discover undeniable pull pull lead remember letting changed life chosen exploring street florence hill tuscany together two people seemingly nothing common change forever find something might heal
sweet ember,nineteenyearold camp counselor stephanie wright left heartbroken and pregnant after one night of passion with tennis instructor douglas weston is forced to face the past when she returns to the camp eight years later with her sevenyearold daughter only to encounter her old love,romance,1999,barbara delinsky,nineteenyearold camp counselor stephanie wright left heartbroken pregnant one night passion tennis instructor douglas weston forced face past return camp eight year later sevenyearold daughter encounter old love
science fact and science fiction,publisher description,science fiction,2006,brian m stableford,publisher description
time in fiction,what can we learn about the world from engaging with fictional timeseriesstories involving time travellers recurring and rewinding time and foreknowledge of the future craig bourne and emily caddick bourne show how we can use the complexities of fictional time to get to the core of the relation between truth in fiction and possibility,science fiction,2016,craig bourne emily caddick bourne,learn world engaging fictional timeseriesstories involving time traveller recurring rewinding time foreknowledge future craig bourne emily caddick bourne show use complexity fictional time get core relation truth fiction possibility
worlds in science fiction,in this captivating exploration of science fiction we journey through the vast landscape of this beloved genre delving into the science behind the stories the impact of science fiction on society and its enduring legacy from the earliest tales of jules verne and hg wells to the modern masterpieces of authors like isaac asimov arthur c clarke and ursula k le guin science fiction has captured the hearts and minds of readers around the world this book explores the unique power of science fiction to hold a mirror up to our own world reflecting our hopes fears and dreams science fiction stories can explore the potential benefits and dangers of new technologies challenge our assumptions about the nature of reality and offer us a glimpse into possible futures they can also be a powerful tool for social change inspiring us to work towards a better world but science fiction is not just about serious issues it can also be a lot of fun science fiction stories can take us on thrilling adventures introduce us to fascinating alien cultures and allow us to experience the wonders of the universe in ways that would otherwise be impossible whether you are a lifelong fan of science fiction or you are just discovering the genre for the first time this book is for you join us on this journey through the worlds of science fiction and be inspired by the stories ideas and possibilities that you encounter along the way in this book you will  explore the science behind science fiction from the possibilities of space travel to the ethics of genetic engineering  discover the impact of science fiction on society from its role in shaping public opinion to its influence on popular culture  learn about the enduring legacy of science fiction from the greatest stories of all time to the most influential authors  gain a new appreciation for the power of science fiction to inspire entertain and challenge us if you like this book write a review,science fiction,2025,pasquale de marco,captivating exploration science fiction journey vast landscape beloved genre delving science behind story impact science fiction society enduring legacy earliest tale jules verne hg well modern masterpiece author like isaac asimov arthur c clarke ursula k le guin science fiction captured heart mind reader around world book explores unique power science fiction hold mirror world reflecting hope fear dream science fiction story explore potential benefit danger new technology challenge assumption nature reality offer u glimpse possible future also powerful tool social change inspiring u work towards better world science fiction serious issue also lot fun science fiction story take u thrilling adventure introduce u fascinating alien culture allow u experience wonder universe way would otherwise impossible whether lifelong fan science fiction discovering genre first time book join u journey world science fiction inspired story idea possibility encounter along way book explore science behind science fiction possibility space travel ethic genetic engineering discover impact science fiction society role shaping public opinion influence popular culture learn enduring legacy science fiction greatest story time influential author gain new appreciation power science fiction inspire entertain challenge u like book write review
fiction in french  fiction in soviet,no detailed description available for fiction in french  fiction in soviet,science fiction,2013,british library,detailed description available fiction french fiction soviet
the history of science fiction,the history of science fiction traces the origin and development of science fiction from ancient greece up to the present day the author is both an academic literary critic and acclaimed creative writer of the genre written in lively accessible prose it is specifically designed to bridge the worlds of academic criticism and sf fandom,science fiction,2005,a roberts,history science fiction trace origin development science fiction ancient greece present day author academic literary critic acclaimed creative writer genre written lively accessible prose specifically designed bridge world academic criticism sf fandom
science fiction prototyping,science fiction is the playground of the imagination if you are interested in science or fascinated with the future then science fiction is where you explore new ideas and let your dreams and nightmares duke it out on the safety of the page or screen but what if we could use science fiction to do more than that what if we could use science fiction based on science fact to not only imagine our future but develop new technologies and products what if we could use stories movies and comics as a kind of tool to explore the real world implications and uses of future technologies today science fiction prototyping is a practical guide to using fiction as a way to imagine our future in a whole new way filled with history real world examples and conversations with experts like best selling science fiction author cory doctorow senior editor at dark horse comics chris warner and hollywood science expert sidney perkowitz science fiction prototyping will give you the tools you need to begin designing the future with science fiction the future is brian david johnsons business as a futurist at intel corporation his charter is to develop an actionable vision for computing in 2021 his work is called future castingusing ethnographic field studies technology research trend data and even science fiction to create a pragmatic vision of consumers and computing johnson has been pioneering development in artificial intelligence robotics and reinventing tv he speaks and writes extensively about future technologies in articles and scientific papers as well as science fiction short stories and novels fake plastic love and screen future the future of entertainment computing and the devices we love he has directed two feature films and is an illustrator and commissioned painter table of contents preface  foreword  epilogue  dedication  acknowledgments  1 the future is in your hands  2 religious robots and runaway weretigers a brief overview of the science and the fiction that went into two sf prototypes  3 how to build your own sf prototype in five steps or less  4 i robot from asimov to doctorow exploring short fiction as an sf prototype and a conversation with cory doctorow  5 the men in the moon exploring movies as an sf prototype and a conversation with sidney perkowitz  6 science in the gutters exploring comics as an sf prototype and a conversation with chris warner  7 making the future now that you have developed your sf prototype whats next  8 einsteins thought experiments and asimovs second dream  appendix a the sf prototypes  notes  author biography,science fiction,2011,brian david johnson,science fiction playground imagination interested science fascinated future science fiction explore new idea let dream nightmare duke safety page screen could use science fiction could use science fiction based science fact imagine future develop new technology product could use story movie comic kind tool explore real world implication us future technology today science fiction prototyping practical guide using fiction way imagine future whole new way filled history real world example conversation expert like best selling science fiction author cory doctorow senior editor dark horse comic chris warner hollywood science expert sidney perkowitz science fiction prototyping give tool need begin designing future science fiction future brian david johnson business futurist intel corporation charter develop actionable vision computing 2021 work called future castingusing ethnographic field study technology research trend data even science fiction create pragmatic vision consumer computing johnson pioneering development artificial intelligence robotics reinventing tv speaks writes extensively future technology article scientific paper well science fiction short story novel fake plastic love screen future future entertainment computing device love directed two feature film illustrator commissioned painter table content preface foreword epilogue dedication acknowledgment 1 future hand 2 religious robot runaway weretigers brief overview science fiction went two sf prototype 3 build sf prototype five step less 4 robot asimov doctorow exploring short fiction sf prototype conversation cory doctorow 5 men moon exploring movie sf prototype conversation sidney perkowitz 6 science gutter exploring comic sf prototype conversation chris warner 7 making future developed sf prototype whats next 8 einstein thought experiment asimov second dream appendix sf prototype note author biography
science fiction and climate change,this is a timely comprehensive and thoroughly researched study of climate fiction from around the world including novels short stories films and other formats informed by a sociological perspective it will be an invaluable resource for students and scholars looking to enter and expand the field of climate fiction studies,science fiction,2020,andrew milner j r burgmann,timely comprehensive thoroughly researched study climate fiction around world including novel short story film format informed sociological perspective invaluable resource student scholar looking enter expand field climate fiction study
justice in young adult speculative fiction,this book is the first to offer a justicefocused cognitive reading of modern ya speculative fiction in its narrative and filmic forms it links the expansion of ya speculative fiction in the 20th century with the emergence of human and civil rights movements with the communitarian revolution in conceptualizations of justice and with spectacular advances in cognitive sciences as applied to the examination of narrative fiction oziewicz argues that complex ideas such as justice are processed by the human mind as cognitive scripts that scripts when narrated take the form of multiply indexable stories and that ya speculative fiction is currently the largest conceptual testing ground in the forging of justice consciousness for the 21st century world drawing on recent research in the cognitive and evolutionary sciences oziewicz explains how poetic retributive restorative environmental social and global types of justice have been represented in narrative fiction from 19th century folk and fairy tales through 21st century fantasy dystopia and science fiction suggesting that the appeal of these and other nonmimetic genres is largely predicated on the dream of justice oziewicz theorizes new justice scripts as conceptual tools essential to help humanity survive the qualitative leap toward an environmentally conscious culturally diversified global world this book is an important contribution to studies of childrens and ya speculative fiction adding a new perspective to discussions about the educational as well as social potential of nonmimetic genres it demonstrates that the justice imperative is very much alive in ya speculative fiction creating new visions of justice relevant to contemporary challenges,science fiction,2015,marek c oziewicz,book first offer justicefocused cognitive reading modern ya speculative fiction narrative filmic form link expansion ya speculative fiction 20th century emergence human civil right movement communitarian revolution conceptualization justice spectacular advance cognitive science applied examination narrative fiction oziewicz argues complex idea justice processed human mind cognitive script script narrated take form multiply indexable story ya speculative fiction currently largest conceptual testing ground forging justice consciousness 21st century world drawing recent research cognitive evolutionary science oziewicz explains poetic retributive restorative environmental social global type justice represented narrative fiction 19th century folk fairy tale 21st century fantasy dystopia science fiction suggesting appeal nonmimetic genre largely predicated dream justice oziewicz theorizes new justice script conceptual tool essential help humanity survive qualitative leap toward environmentally conscious culturally diversified global world book important contribution study childrens ya speculative fiction adding new perspective discussion educational well social potential nonmimetic genre demonstrates justice imperative much alive ya speculative fiction creating new vision justice relevant contemporary challenge
ecoanxiety in nuclear holocaust fiction and climate fiction,ecoanxiety in nuclear holocaust fiction and climate fiction doomsday clock narratives demonstrates that disaster fiction nuclear holocaust and climate change alike allows us to unearth and anatomise contemporary psychodynamics and enables us to identify pretraumatic stress as the common denominator of seemingly unrelated types of texts these doomsday clock narratives argue that earths demise is soon and certain they are set after some catastrophe and depict people waiting for an even worse catastrophe to come references to geology are particularly important in descriptions of the landscape the emphasis falls on waste and industrial bric a brac which is seen through the eyes of a future posthuman archaeologist their protagonists have the uncanny feeling that the countdown has already started and they are coping with both traumatic memories and pretraumatic stress readings of novels by walter m miller nevil shute john christopher j g ballard george turner maggie gee paolo bacigalupi ruth ozeki and yoko tawada demonstrate that the authors are both indebted to a century old tradition and inventively looking for new ways of expressing the pretraumatic stress syndrome common in contemporary society this book is written for an academic audience postgraduates researchers and academics specialising in british literature american literature and science fiction studies,science fiction,2023,dominika oramus,ecoanxiety nuclear holocaust fiction climate fiction doomsday clock narrative demonstrates disaster fiction nuclear holocaust climate change alike allows u unearth anatomise contemporary psychodynamics enables u identify pretraumatic stress common denominator seemingly unrelated type text doomsday clock narrative argue earth demise soon certain set catastrophe depict people waiting even worse catastrophe come reference geology particularly important description landscape emphasis fall waste industrial bric brac seen eye future posthuman archaeologist protagonist uncanny feeling countdown already started coping traumatic memory pretraumatic stress reading novel walter miller nevil shute john christopher j g ballard george turner maggie gee paolo bacigalupi ruth ozeki yoko tawada demonstrate author indebted century old tradition inventively looking new way expressing pretraumatic stress syndrome common contemporary society book written academic audience postgraduate researcher academic specialising british literature american literature science fiction study
cognitive value of philosophical fiction,an examination of philosophical truth and knowledge in literary fiction,science fiction,2013,jukka mikkonen,examination philosophical truth knowledge literary fiction
revising fiction fact and faith,this book addresses how our revisionary practices account for relations between texts and how they are read it offers an overarching philosophy of revision concerning works of fiction fact and faith revealing unexpected insights about the philosophy of language the metaphysics of fact and fiction and the history and philosophy of science and religion using the novels of jrr tolkien as exemplars the authors introduce a fundamental distinction between the purely physical and the linguistic aspects of texts they then demonstrate how two competing theories of referencedescriptivism and referentialismare instead constitutive of a single semantic account needed to explain all kinds of revision the authors also propose their own metaphysical foundations of fiction and fact the next part of the book brings the authors philosophy of revision into dialogue with thomas kuhns famous analysis of factual and specifically scientific change it also discusses a complex episode in the history of paleontology demonstrating how scientific and popular texts can diverge over time finally the authors expand their philosophy of revision to religious texts arguing that rather than being distinct such texts are always read as other kinds that faith tends to be more important as evidence for religious texts than for others and that the latter explains why religious communities tend to have remarkable historical longevity revising fiction fact and faith offers a unique and comprehensive account of the philosophy of revision it will be of interest to a wide range of scholars and advanced students working in philosophy of language metaphysics philosophy of literature literary theory and criticism and history and philosophy of science and religion,science fiction,2020,nathaniel goldberg chris gavaler,book address revisionary practice account relation text read offer overarching philosophy revision concerning work fiction fact faith revealing unexpected insight philosophy language metaphysics fact fiction history philosophy science religion using novel jrr tolkien exemplar author introduce fundamental distinction purely physical linguistic aspect text demonstrate two competing theory referencedescriptivism referentialismare instead constitutive single semantic account needed explain kind revision author also propose metaphysical foundation fiction fact next part book brings author philosophy revision dialogue thomas kuhn famous analysis factual specifically scientific change also discusses complex episode history paleontology demonstrating scientific popular text diverge time finally author expand philosophy revision religious text arguing rather distinct text always read kind faith tends important evidence religious text others latter explains religious community tend remarkable historical longevity revising fiction fact faith offer unique comprehensive account philosophy revision interest wide range scholar advanced student working philosophy language metaphysics philosophy literature literary theory criticism history philosophy science religion
ecofeminist science fiction,ecofeminist science fiction international perspectives on gender ecology and literature provides guidance in navigating some of the most pressing dangers we face today science fiction helps us face problems that threaten the very existence of humankind by giving us the emotional distance to see our current situation from afar separated in our imaginations through time space or circumstance extrapolating from contemporary science science fiction allows a critique of modern society imagining more lifeaffirming alternatives in this collection ecocritics from five continents scrutinize science fiction for insights into the fundamental changes we need to make to survive and thrive as a species contributors examine ecofeminist themes in films such as avatar star wars and the stepford wives as well as television series including doctor who and westworld other scholars explore an internationally diverse group of both canonical and lesserknown science fiction writers including oreet ashery iraj fazel bakhsheshi liu cixin louise erdrich hanns heinz ewers larissa lai ursula k le guin chen qiufan mary doria russell larissa sansour karen traviss and jeanette winterson ecofeminist science fiction explores the origins of humancaused environmental change in the twin oppressions of women and of nature driven by patriarchal power and ideologies female embodiment is examined through diverse natural and artificial forms and queer ecologies challenge heteronormativity the links between war and environmental destruction are analyzed and the capitalist motivations and means for exploiting nature are critiqued through postcolonial perspectives,science fiction,2021,douglas a vakoch,ecofeminist science fiction international perspective gender ecology literature provides guidance navigating pressing danger face today science fiction help u face problem threaten existence humankind giving u emotional distance see current situation afar separated imagination time space circumstance extrapolating contemporary science science fiction allows critique modern society imagining lifeaffirming alternative collection ecocritics five continent scrutinize science fiction insight fundamental change need make survive thrive specie contributor examine ecofeminist theme film avatar star war stepford wife well television series including doctor westworld scholar explore internationally diverse group canonical lesserknown science fiction writer including oreet ashery iraj fazel bakhsheshi liu cixin louise erdrich hanns heinz ewer larissa lai ursula k le guin chen qiufan mary doria russell larissa sansour karen traviss jeanette winterson ecofeminist science fiction explores origin humancaused environmental change twin oppression woman nature driven patriarchal power ideology female embodiment examined diverse natural artificial form queer ecology challenge heteronormativity link war environmental destruction analyzed capitalist motivation mean exploiting nature critiqued postcolonial perspective
the philosophy of science fiction film,the science fiction genre maintains a remarkable hold on the imagination and enthusiasm of the filmgoing public captivating large audiences worldwide and garnering everlarger profits science fiction films entertain the possibility of time travel and extraterrestrial visitation and imaginatively transport us to worlds transformed by modern science and technology they also provide a medium through which questions about personal identity moral agency artificial consciousness and other categories of experience can be addressed in the philosophy of science fiction film distinguished authors explore the storylines conflicts and themes of fifteen science fiction film classics from metropolis to the matrix editor steven m sanders and a group of outstanding scholars in philosophy film studies and other fields raise science fiction film criticism to a new level by penetrating the surface of the films to expose the underlying philosophical arguments ethical perspectives and metaphysical views sanderss introduction presents an overview and evaluation of each essay and poses questions for readers to consider as they think about the films under discussionthe first section enigmas of identity and agency deals with the nature of humanity as it is portrayed in blade runner dark city frankenstein invasion of the body snatchers and total recall in the second section extraterrestrial visitation time travel and artificial intelligence contributors discuss 2001 a space odyssey the terminator 12 monkeys and the day the earth stood still and analyze the challenges of artificial intelligence the paradoxes of time travel and the ethics of war the final section brave newer world science fiction futurism looks at visions of the future in metropolis the matrix alphaville and screen adaptations of george orwells 1984,science fiction,2007,steven sanders,science fiction genre maintains remarkable hold imagination enthusiasm filmgoing public captivating large audience worldwide garnering everlarger profit science fiction film entertain possibility time travel extraterrestrial visitation imaginatively transport u world transformed modern science technology also provide medium question personal identity moral agency artificial consciousness category experience addressed philosophy science fiction film distinguished author explore storyline conflict theme fifteen science fiction film classic metropolis matrix editor steven sander group outstanding scholar philosophy film study field raise science fiction film criticism new level penetrating surface film expose underlying philosophical argument ethical perspective metaphysical view sanderss introduction present overview evaluation essay pose question reader consider think film discussionthe first section enigma identity agency deal nature humanity portrayed blade runner dark city frankenstein invasion body snatcher total recall second section extraterrestrial visitation time travel artificial intelligence contributor discus 2001 space odyssey terminator 12 monkey day earth stood still analyze challenge artificial intelligence paradox time travel ethic war final section brave newer world science fiction futurism look vision future metropolis matrix alphaville screen adaptation george orwell 1984
why we read fiction,why we read fiction offers a lucid overview of the most exciting area of research in contemporary cognitive psychology known as theory of mind and discusses its implications for literary studies it covers a broad range of fictional narratives from richardson s clarissa dostoyevskis crime and punishment and austen s pride and prejudice to woolfs mrs dalloway nabokovs lolita and hammett s the maltese falcon zunshines surprising new interpretations of wellknown literary texts and popular cultural representations constantly prod her readers to rethink their own interest in fictional narrative written for a general audience this study provides a jargonfree introduction to the rapidly growing interdisciplinary field known as cognitive approaches to literature and culture,science fiction,2006,lisa zunshine,read fiction offer lucid overview exciting area research contemporary cognitive psychology known theory mind discusses implication literary study cover broad range fictional narrative richardson clarissa dostoyevskis crime punishment austen pride prejudice woolf mr dalloway nabokov lolita hammett maltese falcon zunshines surprising new interpretation wellknown literary text popular cultural representation constantly prod reader rethink interest fictional narrative written general audience study provides jargonfree introduction rapidly growing interdisciplinary field known cognitive approach literature culture
science fiction,this book compares science fiction with science fact,science fiction,1995,isaac asimov greg walzchojnacki francis reddy,book compare science fiction science fact
fiction in american magazines before 1800,an easytouse identification manual for plants in eastern united states identification is through keys in which the matching of plant characteristics leads to family genus species and common name the book also lists flowering dates habitat and degree of rarity,science fiction,1993,edward w r pitcher,easytouse identification manual plant eastern united state identification key matching plant characteristic lead family genus specie common name book also list flowering date habitat degree rarity
music in contemporary british fiction,movie watchers guide to enlightenment describes helpful movies in healing and awakening to truth,science fiction,2008,gerry smyth,movie watcher guide enlightenment describes helpful movie healing awakening truth
science  technology in fact and fiction,grade level 8 9 10 11 12 i s,science fiction,1990,dayann m kennedy stella s spangler mary ann vanderwerf,grade level 8 9 10 11 12
a readers guide to australian fiction,this authoritative and comprehensive reference book is the first chronological account of the major australian fiction writers from 1830 to the 1990s brief biographical information on the writers accompanies a critical discussion of the work each entry stands alone but the book can be read as a chronological account of the extraordinary development of australian fiction over a period of 160 years,science fiction,1992,laurie clancy,authoritative comprehensive reference book first chronological account major australian fiction writer 1830 1990s brief biographical information writer accompanies critical discussion work entry stand alone book read chronological account extraordinary development australian fiction period 160 year
the supernatural and english fiction,this book is the first ever to describe and discuss all the principal english writers who have handled the subject of the supernatural among those included in glen cavalieros absorbing study are james hogg sheridan le fanu henry james rudyard kipling walter de la mare m r james john cowper powys william golding iris murdoch and muriel spark as well as analysing the senses in which the supernatural may be understood he relates them to different kinds of fiction such as the gothic novel the occultist romance the ghost story novels of paranormal psychology nature mysticism and late twentiethcentury uses of allegory and fable he examines the impact of supernaturalist themes upon naturalistic writers and discusses the relevance of the supernatural to the question of the truthfulness of fiction and to contemporary literary theory and its ideological accompaniments,science fiction,1995,glen cavaliero,book first ever describe discus principal english writer handled subject supernatural among included glen cavalieros absorbing study james hogg sheridan le fanu henry james rudyard kipling walter de la mare r james john cowper powys william golding iris murdoch muriel spark well analysing sens supernatural may understood relates different kind fiction gothic novel occultist romance ghost story novel paranormal psychology nature mysticism late twentiethcentury us allegory fable examines impact supernaturalist theme upon naturalistic writer discusses relevance supernatural question truthfulness fiction contemporary literary theory ideological accompaniment
space cosmology and fiction,space cosmology and fiction begins with the confrontation between galileo and the church it then follows some of the scientific discoveries which led to modern cosmology to the excitement of science fiction and to the present possibilities of space technologypage 4 of cover,science fiction,1983,joan solomon,space cosmology fiction begin confrontation galileo church follows scientific discovery led modern cosmology excitement science fiction present possibility space technologypage 4 cover
history and fiction in galdóss narratives,galdos wrote prolifically in two distinct narrative modes some twenty major contemporary novels in the realist tradition and a special sort of historical novel he called the episodio nacional the reign of isabella ii 184368 and the revolutionary period which followed until 1875 was a time of exceptional volatility in spain and geoffrey ribbanss comprehensive study shows how each of galdoss two narrative modes adopts a particular technique in its treatment of spanish history and politics the episodio is tightly bound to historical events and timescale though it skilfully incorporates its fictional characters into this framework the novel on the other hand is embedded in historical reality in a constant but less systematic manner,science fiction,1993,geoffrey ribbans,galdos wrote prolifically two distinct narrative mode twenty major contemporary novel realist tradition special sort historical novel called episodio nacional reign isabella ii 184368 revolutionary period followed 1875 time exceptional volatility spain geoffrey ribbanss comprehensive study show galdoss two narrative mode adopts particular technique treatment spanish history politics episodio tightly bound historical event timescale though skilfully incorporates fictional character framework novel hand embedded historical reality constant less systematic manner
stranger than fiction,this account explores the world of killer bees fire ants  other such bugs,science fiction,1990,melvin berger,account explores world killer bee fire ant bug
contentbased chapter books fiction science planet patrol antarctic adventure,four students travel to dry icy antarctica to study the adeì1lie penguins they use all they have learned to make an important rescue by themselvespublishers website,science fiction,2007,rebecca l johnson,four student travel dry icy antarctica study adeì1lie penguin use learned make important rescue themselvespublishers website
fact fiction and forecast,here in a new edition is nelson goodmans provocative philosophical classica book that according to science raised a storm of controversy when it was first published in 1954 and one that remains on the front lines of philosophical debate how is it that we feel confident in generalizing from experience in some ways but not in others how are generalizations that are warranted to be distinguished from those that are not goodman shows that these questions resist formal solution and his demonstration has been taken by nativists like chomsky and fodor as proof that neither scientific induction nor ordinary learning can proceed without an a priori or innate ordering of hypotheses in his new foreword to this edition hilary putnam forcefully rejects these nativist claims the controversy surrounding these unsolved problems is as relevant to the psychology of cognitive development as it is to the philosophy of science no serious student of either discipline can afford to misunderstand goodmans classic argument,science fiction,1983,nelson goodman,new edition nelson goodman provocative philosophical classica book according science raised storm controversy first published 1954 one remains front line philosophical debate feel confident generalizing experience way others generalization warranted distinguished goodman show question resist formal solution demonstration taken nativist like chomsky fodor proof neither scientific induction ordinary learning proceed without priori innate ordering hypothesis new foreword edition hilary putnam forcefully reject nativist claim controversy surrounding unsolved problem relevant psychology cognitive development philosophy science serious student either discipline afford misunderstand goodman classic argument
british fantasy and sciencefiction writers before world war i,essays on british writers of fantasy and science fiction during a time when science technology and industrialization made increasingly impressive inroads from the enlightenment to world war ia gradual emphasis on social improvement including literature involved efforts to increase literacy through expanding material to read during this period publication of newspapers penny dreadfuls and dime novels lead to pulp magazines and other popular periodicals,science fiction,1997,darren harrisfain,essay british writer fantasy science fiction time science technology industrialization made increasingly impressive inroad enlightenment world war ia gradual emphasis social improvement including literature involved effort increase literacy expanding material read period publication newspaper penny dreadfuls dime novel lead pulp magazine popular periodical
from science fiction to science facts,from science fiction to science facts is the nonfiction companion study guide to the fantastic sciencefiction novel accused by faceteyes it is a unique teachinglearning approach which pairs literary entertainment with fascinating life science facts academic enrichment for natureloving readers middle highschool and college students intended for mainstream supplementary and home schooling education readers will learn why honeybees are endangered worldwide their pivotal role in pollination and will better appreciate the essential mutual interdependence with humankind eyeopening life science facts point out important interactions of biology chemistry and physics with contemporary issues in ecology and humaninduced environmental hazards from a global social perspective from science fiction to science facts is a great timesaver for busy educators over 400 easily accessed references support the science facts an overview of the science topics shows their relevance to the national science education standards categories the analytical format and discussion questions encourage critical thought and debates cb dons original captivating photographs bring foraging honeybees on garden flowers to life,science fiction,2005,c b don,science fiction science fact nonfiction companion study guide fantastic sciencefiction novel accused faceteyes unique teachinglearning approach pair literary entertainment fascinating life science fact academic enrichment natureloving reader middle highschool college student intended mainstream supplementary home schooling education reader learn honeybee endangered worldwide pivotal role pollination better appreciate essential mutual interdependence humankind eyeopening life science fact point important interaction biology chemistry physic contemporary issue ecology humaninduced environmental hazard global social perspective science fiction science fact great timesaver busy educator 400 easily accessed reference support science fact overview science topic show relevance national science education standard category analytical format discussion question encourage critical thought debate cb don original captivating photograph bring foraging honeybee garden flower life
blockbuster science,if youve ever wondered how much real science goes into movies like gravity novels like the martian and television shows like dr who this is the book for you written by an author who is both a data scientist and a science fiction writer this entertaining science primer provides lucid jargonfree explanations of key scientific principles while referencing wellknown science fiction books movies and tv shows the reader learns about relativity through orson scott cards enders gameand the movie interstellar black holes and wormholes in connection with contactand planet of the apes theories about the origin of life as reflected in battlestar galactica star trek the next generation and the hitchhikers guide to the galaxy computer science and artificial intelligence in reference to ai artificial intelligence and much much morewritten with wit clarity and a great sense of fun blockbuster science will inspire science fiction fans to get excited about real science while also putting an engaging pop culture spin on science for any curious reader,science fiction,2017,david siegel bernstein,youve ever wondered much real science go movie like gravity novel like martian television show like dr book written author data scientist science fiction writer entertaining science primer provides lucid jargonfree explanation key scientific principle referencing wellknown science fiction book movie tv show reader learns relativity orson scott card enders gameand movie interstellar black hole wormhole connection contactand planet ape theory origin life reflected battlestar galactica star trek next generation hitchhiker guide galaxy computer science artificial intelligence reference ai artificial intelligence much much morewritten wit clarity great sense fun blockbuster science inspire science fiction fan get excited real science also putting engaging pop culture spin science curious reader
a geography of victorian gothic fiction,this is the first major fulllength study of victorian gothic fiction combining original readings of familiar texts with a rich store of historical sources a geography of victorian gothic fiction is an historicist survey of nineteenthcentury gothic writingfrom dickens to stoker wilkie collins to conan doyle through european travelogues sexological textbooks ecclesiastic histories and pamphlets on the perils of selfabuse critics have thus far tended to concentrate on specific angles of gothic writing gender or race or the belief that the gothic returned at the socalled fin de siècle robert mighall by contrast demonstrates how the gothic mode was active throughout the victorian period and provides historical explanations for its development from late eighteenth century through the urban gothic fictions of the midvictorian period the suburban gothic of the sensation vogue through to the somatic horrors of stevenson machen stoker and doyle at the centurys close mighall challenges the psychological approach to gothic fiction which currently prevails demonstrating the importance of geographical historical and discursive factors that have been largely neglected by critics and employing a variety of original sources to demonstrate the contexts of gothic fiction and explain its development in the victorian period,science fiction,1999,robert mighall,first major fulllength study victorian gothic fiction combining original reading familiar text rich store historical source geography victorian gothic fiction historicist survey nineteenthcentury gothic writingfrom dickens stoker wilkie collins conan doyle european travelogue sexological textbook ecclesiastic history pamphlet peril selfabuse critic thus far tended concentrate specific angle gothic writing gender race belief gothic returned socalled fin de siècle robert mighall contrast demonstrates gothic mode active throughout victorian period provides historical explanation development late eighteenth century urban gothic fiction midvictorian period suburban gothic sensation vogue somatic horror stevenson machen stoker doyle century close mighall challenge psychological approach gothic fiction currently prevails demonstrating importance geographical historical discursive factor largely neglected critic employing variety original source demonstrate context gothic fiction explain development victorian period
shikitei sanba and the comic tradition in edo fiction,this book is a critical treatment of a shikitei sanba 17761822 a major writer of gesaku playful compositions many in the comic vein,science fiction,1985,robert w leutner,book critical treatment shikitei sanba 17761822 major writer gesaku playful composition many comic vein
the monist,vols 2 and 5 include appendices,science fiction,1910,paul carus,vols 2 5 include appendix
walfords guide to reference material generalia language and literature the arts,from its first edition the purpose of walford has been to identify and evaluate the widest possible range of reference materials no rigid definition of reference is applied in addition to the expected bibliographies indexes dictionaries encyclopaedias and directories a number of important textbooks and manuals of general practice are included while the majority of the items are books walford is a guide to reference material thus periodical articles microforms online and cdrom sources are all represented in this volume a particular effort has been made to improve coverage of the latter two categories,science fiction,1996,albert john walford marilyn mullay priscilla schlicke library association,first edition purpose walford identify evaluate widest possible range reference material rigid definition reference applied addition expected bibliography index dictionary encyclopaedia directory number important textbook manual general practice included majority item book walford guide reference material thus periodical article microforms online cdrom source represented volume particular effort made improve coverage latter two category
the heart of time,knight describes modern chinese fictions unique contribution to ethical and literary debates over the possibility for meaningful moral action by analyzing discourses of agency and fatalism and the ethical import of narrative structures the author explores how representations of determinism and moral responsibility changed over the 20th century,science fiction,2006,sabina knight,knight describes modern chinese fiction unique contribution ethical literary debate possibility meaningful moral action analyzing discourse agency fatalism ethical import narrative structure author explores representation determinism moral responsibility changed 20th century
the tyrannosaurus prescription and 100 other essays,includes essays on a variety of topics plus articles written for sciquest magazine and book introductions,science fiction,1989,isaac asimov,includes essay variety topic plus article written sciquest magazine book introduction
nanovision,divexamines the cultural history of nanotechnology in contemporary literature film and digital mediadiv,science fiction,2008,colin milburn,divexamines cultural history nanotechnology contemporary literature film digital mediadiv
screening science,vieth contemporary communications central queensland u australia looks at how science was portrayed in the 1950s in the medium of science fiction films he argues that the portrayal of science can provide a threedimensional insight into particular cultural and social contexts after looking at the contextual elements of history culture and the film industry vieth continues with a discussion of the nature of science and the scientist looking at both the nonhuman sciences ie those not related to the human organism as well as medical and psychological sciences c book news inc,science fiction,2001,errol vieth,vieth contemporary communication central queensland u australia look science portrayed 1950s medium science fiction film argues portrayal science provide threedimensional insight particular cultural social context looking contextual element history culture film industry vieth continues discussion nature science scientist looking nonhuman science ie related human organism well medical psychological science c book news inc
meaning intentions and argumentation,what is the relationship between words and reality which are the best ways to convince or persuade other people besides philosophy and grammar ancient greeks developed rhetoric to answer these questions the twentiethcentury brought the birth of semantics and pragmatics for a systematic study of linguistic meaning and linguistic acts meaning intentions and argumentation brings together the work of leading contemporary scholars approaching those issues from various perspectivesfrom the old disciplines of philosophy and rhetoric to the newest thinking on semantics and pragmaticsto illuminate crucial aspects of meaning communication argumentation and persuasion,science fiction,2008,kepa korta joana garmendia,relationship word reality best way convince persuade people besides philosophy grammar ancient greek developed rhetoric answer question twentiethcentury brought birth semantics pragmatic systematic study linguistic meaning linguistic act meaning intention argumentation brings together work leading contemporary scholar approaching issue various perspectivesfrom old discipline philosophy rhetoric newest thinking semantics pragmaticsto illuminate crucial aspect meaning communication argumentation persuasion
public understanding of science,a forum for the emerging interdisciplinary field of public understanding of science this journal encourages open debate of contrasting and even conflicting viewpoints on all aspects of the interrelationships between science and the public,science fiction,2009,,forum emerging interdisciplinary field public understanding science journal encourages open debate contrasting even conflicting viewpoint aspect interrelationship science public
brave new words,the first historical dictionary devoted to science fiction this shows how sciencefictional words and their associated concepts have developed over time with full citations and bibliographic information it also documents the enduring legacy of authors and their fans,science fiction,2007,jeff prucher,first historical dictionary devoted science fiction show sciencefictional word associated concept developed time full citation bibliographic information also document enduring legacy author fan
reaching for the high frontier,reaching for the high frontier tells the story of the prospace movement from the end of the moon landing program to the beginning of the space station program it describes the origins constituencies and goals of the various groups in the movement and reviews their tactics successes and the opportunities they may have missed,science fiction,1986,michael michaud,reaching high frontier tell story prospace movement end moon landing program beginning space station program describes origin constituency goal various group movement review tactic success opportunity may missed
modern biology  visions of humanity,ethical questions arising from developments in modern biology such as if we are genetically determined where is free will is it right for humans to create new foods and should organizations be allowed to hold the keys to the production of vast amounts of food globally in the form of a patent are discussed in this collection of presentations from the 2004 european commission sponsored conference modern biology and visions of humanity organized into four sections the contributions from this event reflect on the complex relationship between science and society and touch on such subjects as what are the benefits of science who decides its uses and how science relates to other areas of human creativity leading figures in the worlds of science and the arts take sides in these essays in either promoting the products and services biology provides challenging biologys vision of humanity or questioning the whole approach of western science from a political perspective,science fiction,2004,european group on life sciences,ethical question arising development modern biology genetically determined free right human create new food organization allowed hold key production vast amount food globally form patent discussed collection presentation 2004 european commission sponsored conference modern biology vision humanity organized four section contribution event reflect complex relationship science society touch subject benefit science decides us science relates area human creativity leading figure world science art take side essay either promoting product service biology provides challenging biology vision humanity questioning whole approach western science political perspective
anticipations of the reaction of mechanical and scientific progress upon human life and thought,it is proposed in this book to present in as orderly an arrangement as the necessarily diffused nature of the subject admits certain speculations about the trend of present forces speculations which taken all together will build up an imperfect and very hypothetical but sincerely intended forecast of the way things will probably go in this new century necessarily diffidence will be one of the graces of the performance hitherto such forecasts have been presented almost invariably in the form of fiction and commonly the provocation of the satirical opportunity has been too much for the writer the narrative form becomes more and more of a nuisance as the speculative inductions become sincerer and here it will be abandoned altogether in favour of a texture of frank inquiries and arranged considerations our utmost aim is a rough sketch of the coming time a prospectus as it were of the joint undertaking of mankind in facing these impending years the reader is a prospective shareholderhe and his heirsthough whether he will find this anticipatory balancesheet to his belief or liking is another matter for reasons that will develop themselves more clearly as these papers unfold it is extremely convenient to begin with a speculation upon the probable developments and changes of the means of land locomotion during the coming decades,science fiction,1902,herbert george wells,proposed book present orderly arrangement necessarily diffused nature subject admits certain speculation trend present force speculation taken together build imperfect hypothetical sincerely intended forecast way thing probably go new century necessarily diffidence one grace performance hitherto forecast presented almost invariably form fiction commonly provocation satirical opportunity much writer narrative form becomes nuisance speculative induction become sincerer abandoned altogether favour texture frank inquiry arranged consideration utmost aim rough sketch coming time prospectus joint undertaking mankind facing impending year reader prospective shareholderhe heirsthough whether find anticipatory balancesheet belief liking another matter reason develop clearly paper unfold extremely convenient begin speculation upon probable development change mean land locomotion coming decade
elements of literature,this comprehensive broadlybased collection gives the student a wide variety of selections in five major forms of literature in addition it offers a survey of the historical development of each genre brief biographies of each author a clear concise editorial apparatus lively introductions and critical remarks as well as glossary and an index,science fiction,1986,carl h klaus,comprehensive broadlybased collection give student wide variety selection five major form literature addition offer survey historical development genre brief biography author clear concise editorial apparatus lively introduction critical remark well glossary index
practising science communication in the information age,practising science communication in the information age reviews the trends and issues that are engaging practitioners of science communication critically exploring topics as diverse as peer review open access pulication the protection of intellectual property the popularization of science and the practices of public engagement,science fiction,2009,richard holliman,practising science communication information age review trend issue engaging practitioner science communication critically exploring topic diverse peer review open access pulication protection intellectual property popularization science practice public engagement
student handbook,a hudson group book includes index a onevolume shortentry encyclopedia containing information about the characters plots authors and other topics found in classic and contemporary books for young readers,science fiction,1993,gorton carruth,hudson group book includes index onevolume shortentry encyclopedia containing information character plot author topic found classic contemporary book young reader
opus three hundred,contains a collection of essays studies and short stories divided into subject categories includes behindthescenes accounts of how the author conceives his writings,science fiction,1984,isaac asimov,contains collection essay study short story divided subject category includes behindthescenes account author conceives writing
scifi in the minds eye,from the publisher what does our favorite science fiction tell us about the culture of science what do stories of cyborg women and genetic engineering show us about how science and values interact and how science and politics affect each other in scifi in the minds eye leading scholars look at the way science fiction informs and inspires contemporary research in science and technology and how scientific breakthroughs spur authors on to yet more creative science fiction narratives alongside investigations into the meaning of science fiction scifi in the minds eye gives us previously unpublished interventions by acclaimed science fiction authors l timmel duchamp nicola griffith nancy kress terry bisson and stanislaw lem,science fiction,2007,margret grebowicz,publisher favorite science fiction tell u culture science story cyborg woman genetic engineering show u science value interact science politics affect scifi mind eye leading scholar look way science fiction informs inspires contemporary research science technology scientific breakthrough spur author yet creative science fiction narrative alongside investigation meaning science fiction scifi mind eye give u previously unpublished intervention acclaimed science fiction author l timmel duchamp nicola griffith nancy kress terry bisson stanislaw lem
science,vols for 191113 contain the proceedings of the helminothological society of washington issn 00180120 1st15th meeting,science fiction,1923,john michels journalist,vols 191113 contain proceeding helminothological society washington issn 00180120 1st15th meeting
annual report of the board of regents of the smithsonian institution,reports for 1884188687 issued in 2 pts pt 2 being the report of the national museum,science fiction,1905,smithsonian institution,report 1884188687 issued 2 pt pt 2 report national museum
margaret atwoods dystopian fiction,this volume details margaret atwoods dystopian novels through the themes of the ambivalent ethics of science and technology the position of women in the maledominated world and the ambiguous role played by religion and spirituality the books unique and original approach places atwoods fiction within the contemporary world with all the problems of our fastchanging reality furthermore it provides an excellent reading of her dystopias in a broader humanist context with an emphasis on the social cultural and political issues that have been important for both her the writer and us the readers,science fiction,2017,sławomir kuźnicki,volume detail margaret atwoods dystopian novel theme ambivalent ethic science technology position woman maledominated world ambiguous role played religion spirituality book unique original approach place atwoods fiction within contemporary world problem fastchanging reality furthermore provides excellent reading dystopia broader humanist context emphasis social cultural political issue important writer u reader
holt anthology of science fiction,includes an introduction to the genre of science fiction  stories relating to the various areas of science by leading authors in the field  bibliographical information on authors  references for additional reading  critical thinking questions,science fiction,2000,holt rinehart  winston,includes introduction genre science fiction story relating various area science leading author field bibliographical information author reference additional reading critical thinking question
masters theses in library science 19701974,the following index was compiled with the hope that it would make this body of library science research material available to the entire library science community to aid in acquisitions the addresses of the schools are listed at the end of the subject index,science fiction,1976,shirley magnotti,following index compiled hope would make body library science research material available entire library science community aid acquisition address school listed end subject index
vulnerable people,a careful study of modern american novelists kurt vonnegut arthur c clark truman capote john updike saul bellow john gardner thomas pynchon and other and the value of modern fiction as reflecting changes in our adaption to life the book combines social awareness with psychological insight to relate economic climate feminism masculinity and the desire for selfimprovement,science fiction,1979,josephine hendin,careful study modern american novelist kurt vonnegut arthur c clark truman capote john updike saul bellow john gardner thomas pynchon value modern fiction reflecting change adaption life book combine social awareness psychological insight relate economic climate feminism masculinity desire selfimprovement
after mao,preliminary material jeffrey c kinkley introduction jeffrey c kinkley lobby literature the archeology and present functions of science fiction in china rudolf g wagner love stories the meaning of love and marriage in china kam louie chinese crime fiction and its formulas at the turn of the 1980s jeffrey c kinkley obscure poetry a controversy in postmao china william tay the politics of technique perspectives of literary dissidence in contemporary chinese fiction leo oufan lee the nonofficial magazine today and the younger generations ideals for a new literature pan yuan and pan jie fiction and the reading public in guangzhou and other chinese cities 1979 1980 jeffrey c kinkley notes jeffrey c kinkley glossary jeffrey c kinkley index jeffrey c kinkley harvard east asian monographs jeffrey c kinkley,science fiction,1985,national endowment for the humanities,preliminary material jeffrey c kinkley introduction jeffrey c kinkley lobby literature archeology present function science fiction china rudolf g wagner love story meaning love marriage china kam louie chinese crime fiction formula turn 1980s jeffrey c kinkley obscure poetry controversy postmao china william tay politics technique perspective literary dissidence contemporary chinese fiction leo oufan lee nonofficial magazine today younger generation ideal new literature pan yuan pan jie fiction reading public guangzhou chinese city 1979 1980 jeffrey c kinkley note jeffrey c kinkley glossary jeffrey c kinkley index jeffrey c kinkley harvard east asian monograph jeffrey c kinkley
analog essays on science,for over 60 years analog magazine has been publishing stories and essays by the biggest names in science fiction and science factmany of whom got their start there this book contains some the best of analogs sciencefact offerings for the 1980s includes contributions by arthur c clarke robert forward john gribben and eric drexler readings address current topics such as cosmology evolution the search for extraterrestrial life and spaceflight contains a glimpse of what the next generations technology might look like,science fiction,1990,stanley schmidt,60 year analog magazine publishing story essay biggest name science fiction science factmany got start book contains best analog sciencefact offering 1980s includes contribution arthur c clarke robert forward john gribben eric drexler reading address current topic cosmology evolution search extraterrestrial life spaceflight contains glimpse next generation technology might look like
exploitation conservation preservation,using a geographic approach to the study of the environment and environmental policy the authors have successfully integrated physical economic social and political considerations of the major natural resource issues facing the world today features many maps photos and other visual materials to reinforce learning new to this edition is material on toxic substances and land resources as well as a focus on current issues in the topic,science fiction,1991,susan l cutter hilary lambert renwick william h renwick,using geographic approach study environment environmental policy author successfully integrated physical economic social political consideration major natural resource issue facing world today feature many map photo visual material reinforce learning new edition material toxic substance land resource well focus current issue topic
cybersexualities,cyberspace the cyborg and cyberpunk have given feminists new imaginative possibilities for thinking about embodiment and identity in relation to technology this is the first anthology of the key essays on these potent metaphors divided into three sections technology embodiment and cyberspace cybersubjects cyborgs and cyberpunks cyborg futures the book addresses different aspects of the humantechnology interface the extensive introduction surveys the ways cyborg and cyberspace metaphors have been used in relation to current critical theory and indicates the context for the specific essays this is an invaluable guide for students studying any aspects of contemporary theory and culture brings together in a unique collection the work of key authors in feminist and cyber theory demonstrates the wide range of contemporary critical work challenges constructions of gender race and class an extensive introduction surveys the ways cyborg and cyberspace metaphors have been used in relation to current critical theory brief section introductions indicate the context for the specific essays,science fiction,1999,jenny wolmark,cyberspace cyborg cyberpunk given feminist new imaginative possibility thinking embodiment identity relation technology first anthology key essay potent metaphor divided three section technology embodiment cyberspace cybersubjects cyborg cyberpunk cyborg future book address different aspect humantechnology interface extensive introduction survey way cyborg cyberspace metaphor used relation current critical theory indicates context specific essay invaluable guide student studying aspect contemporary theory culture brings together unique collection work key author feminist cyber theory demonstrates wide range contemporary critical work challenge construction gender race class extensive introduction survey way cyborg cyberspace metaphor used relation current critical theory brief section introduction indicate context specific essay
war stars,in this groundbreaking cultural analysis of the superweapon in american society h bruce franklin explores a pattern of thought that has beguiled americans since the 18th century the belief that miraculous new weapons will somehow end war and bring global triumph to american ideals franklin begins his analysis with robert fulton who claimed that an age of reasonincluding an end to ignorance poverty and warwould be ushered in by his three defensive inventions the submarine the torpedo and the steam warship he then traces this seductive idea as it weaves through american cultural artifacts such as the flood of future war novels appearing between 1880 and world war i the animated disney feature victory through air power and a 1940 novel in which america uses atomic bombs to win world war ii and establish a pax americana along the lines of the 1946 baruch plan in all franklin explores over two hundred movies stories and novels rediscovering obscure works that directly influenced later decisionmaking and brilliantly reinterpreting such modern classics as catch 22 slaughterhouse five and dr strangelove more important he shows how these cultural images shaped the imagination and public discourse responsible for the actual superweapons now looming over human destiny,science fiction,1988,howard bruce franklin,groundbreaking cultural analysis superweapon american society h bruce franklin explores pattern thought beguiled american since 18th century belief miraculous new weapon somehow end war bring global triumph american ideal franklin begin analysis robert fulton claimed age reasonincluding end ignorance poverty warwould ushered three defensive invention submarine torpedo steam warship trace seductive idea weave american cultural artifact flood future war novel appearing 1880 world war animated disney feature victory air power 1940 novel america us atomic bomb win world war ii establish pax americana along line 1946 baruch plan franklin explores two hundred movie story novel rediscovering obscure work directly influenced later decisionmaking brilliantly reinterpreting modern classic catch 22 slaughterhouse five dr strangelove important show cultural image shaped imagination public discourse responsible actual superweapons looming human destiny
dune,what the lord of the rings is to fantasy dune is to science fiction presenting one of the most influential works of all time which has inspired countless other stories for more than half a century this is an aweinspiring world and a story of truly epic scope an astonishing science fiction phenomenon washington post i know nothing comparable to it except the lord of the rings arthur c clarke it is possible that dune is even more relevant now than when it was first published new yorker paul atreides son of duke leto atreides and all of his family have been sent to the planet arrakis having been outmanoeuvred by their archenemy baron harkonnen arrakis  also known as dune  is an arid place but a planet of fabulous wealth the only source of a drug prized throughout the galactic empire spice what will happen next will change everything there are secrets on dune known only to the planets native people the fremen they have been waiting for their moment to make their move paul will be brought into the path by terrible events beyond his control but paul himself is important he is the child of destiny a child of prophecy and within him is the power to bring the empire to its knees joint winner of the hugo award for best novel 1966 winner of the nebula award for best novel 1965 read the book which inspired the academy awardwinning and jawdropping cinematic events dune part one 2021 and dune part two 2024 a science fiction spectacular like no other this is a deeply climate conscious novel and a compelling family saga for the ages,science fiction,2010,frank herbert,lord ring fantasy dune science fiction presenting one influential work time inspired countless story half century aweinspiring world story truly epic scope astonishing science fiction phenomenon washington post know nothing comparable except lord ring arthur c clarke possible dune even relevant first published new yorker paul atreides son duke leto atreides family sent planet arrakis outmanoeuvred archenemy baron harkonnen arrakis also known dune arid place planet fabulous wealth source drug prized throughout galactic empire spice happen next change everything secret dune known planet native people fremen waiting moment make move paul brought path terrible event beyond control paul important child destiny child prophecy within power bring empire knee joint winner hugo award best novel 1966 winner nebula award best novel 1965 read book inspired academy awardwinning jawdropping cinematic event dune part one 2021 dune part two 2024 science fiction spectacular like deeply climate conscious novel compelling family saga age
women and gaming,today virtual worlds abound avatars are every day occurrences and video games are yesterdays news but todays games are not just a pastime for millions  they are also a technological focal point for new forms of learning james paul gee and elisabeth hayes are leading researchers in the field of gaming and here they argue that women gamersa group too often marginalizedare at the forefront of todays online learning world by utilizing the tools of gaming in ways never before imagined  actively engaging in game design writing fan fiction and organizing themselves into collaborative learning communities  women of all ages acquire the tools to successfully navigate the complex social cultural  and economic problems of the 21st century women are leading the way to a new understanding of online learning techniques from cultural production to learning communities to technical proficiency in the latest software this book draws on case studies about women who play the sims the best selling game in history to argue for a new general theory of learning for the 21st century,science fiction,2010,james paul gee elisabeth r hayes,today virtual world abound avatar every day occurrence video game yesterday news today game pastime million also technological focal point new form learning james paul gee elisabeth hayes leading researcher field gaming argue woman gamersa group often marginalizedare forefront today online learning world utilizing tool gaming way never imagined actively engaging game design writing fan fiction organizing collaborative learning community woman age acquire tool successfully navigate complex social cultural economic problem 21st century woman leading way new understanding online learning technique cultural production learning community technical proficiency latest software book draw case study woman play sims best selling game history argue new general theory learning 21st century
the magazine in america 17411990,this carefully researched and sweeping work ranges from tales of the earliest magazine the general magazine of benjamin franklin and american magazine of andrew bradford to contemporary giants such as tv guide and sports illustrated and includes a history of the business press,science fiction,1991,john william tebbel mary ellen zuckerman,carefully researched sweeping work range tale earliest magazine general magazine benjamin franklin american magazine andrew bradford contemporary giant tv guide sport illustrated includes history business press
the writing on the cloud,this book is a pathbreaking collection of essays which explore the diverse and complex ways american culture has been shaped by the looming presence of the atomic bomb the central icon of technology diplomacy and war of the second half of the twentieth century these essays were originally presented as papers at a 1995 conference at bowling green state university commemorating the fiftieth anniversary of the bomb this collection is unusual in the range of subjects addressed which range from abstract expressionism and modernist poetry to television sitcoms and advertisements for lipstick and appliances the papers fall into four general areas of investigation and interpretation the analysis of widespread cultural issues or social movements the examination of particular cultural artifacts the explorations of aspects of political diplomatic or military history and recollections or interpretations of personal experience contents the consequences of the atomic bomb the end of the soviet union and the beginning of environmental hysteria edward teller bert the turtle meets doctor spock parenting in atomic age america daniel gomes commercial fallout the image of progress and the feminine consumer in the atomic age 19451962 john gregory stocke from the missile gap to the culture gap modernism in the fallout from sputnik david howard detonating on canvas the abstract bomb in american art richard martin sane and beyond sane poets and the hbomb 19581960 daniel belgrad from science to science fiction leo szilard and fictional persuasion michael l lewis shboom or how early rock  roll taught us to stop worrying and love the bomb richard aquila are you ready for the great atomic power music and protest 19451960 joseph c ruff stories told by godzilla and rodan helen schwartz the berlin crisis the bomb shelter craze and bizarre television expressions of an atomic age counterculture in the early 1960s margot a henricksen peace on earth without goodwill t,science fiction,1997,alison m scott christopher d geist,book pathbreaking collection essay explore diverse complex way american culture shaped looming presence atomic bomb central icon technology diplomacy war second half twentieth century essay originally presented paper 1995 conference bowling green state university commemorating fiftieth anniversary bomb collection unusual range subject addressed range abstract expressionism modernist poetry television sitcom advertisement lipstick appliance paper fall four general area investigation interpretation analysis widespread cultural issue social movement examination particular cultural artifact exploration aspect political diplomatic military history recollection interpretation personal experience content consequence atomic bomb end soviet union beginning environmental hysteria edward teller bert turtle meet doctor spock parenting atomic age america daniel gomes commercial fallout image progress feminine consumer atomic age 19451962 john gregory stocke missile gap culture gap modernism fallout sputnik david howard detonating canvas abstract bomb american art richard martin sane beyond sane poet hbomb 19581960 daniel belgrad science science fiction leo szilard fictional persuasion michael l lewis shboom early rock roll taught u stop worrying love bomb richard aquila ready great atomic power music protest 19451960 joseph c ruff story told godzilla rodan helen schwartz berlin crisis bomb shelter craze bizarre television expression atomic age counterculture early 1960s margot henricksen peace earth without goodwill
sublime voices,since the 1950s abe kōbō 19241993 has achieved an international reputation for his surreal or grotesque brand of literature bolton explores how this reconciliation of ideas and dialects is for abe part of the process whereby texts and individuals form themselvesa search for identity that occurs at the level of the self and society at large,science fiction,2009,christopher bolton,since 1950s abe kōbō 19241993 achieved international reputation surreal grotesque brand literature bolton explores reconciliation idea dialect abe part process whereby text individual form themselvesa search identity occurs level self society large
dying planet,for more than a century mars has been at the center of debates about humanitys place in the cosmos focusing on perceptions of the red planet in scientific works and science fiction dying planet analyzes the ways mars has served as a screen onto which humankind has projected both its hopes for the future and its fears of ecological devastation on earth robert markley draws on planetary astronomy the history and cultural study of science science fiction literary and cultural criticism ecology and astrobiology to offer a crossdisciplinary investigation of the cultural and scientific dynamics that have kept mars on front pages since the 1800s markley interweaves chapters on science and science fiction enabling him to illuminate each arena and to explore the ways their concerns overlap and influence one another he tracks all the major scientific developments from observations through primitive telescopes in the seventeenth century to data returned by the rovers that landed on mars in 2004 markley describes how major science fiction writersh g wells kim stanley robinson philip k dick edgar rice burroughs ray bradbury robert heinlein and judith merrilresponded to new theories and new controversies he also considers representations of mars in film on the radio and in the popular press in its comprehensive study of both science and science fiction dying planet reveals how changing conceptions of mars have had crucial consequences for understanding ecology on earth,science fiction,2005,robert markley,century mar center debate humanity place cosmos focusing perception red planet scientific work science fiction dying planet analyzes way mar served screen onto humankind projected hope future fear ecological devastation earth robert markley draw planetary astronomy history cultural study science science fiction literary cultural criticism ecology astrobiology offer crossdisciplinary investigation cultural scientific dynamic kept mar front page since 1800s markley interweaves chapter science science fiction enabling illuminate arena explore way concern overlap influence one another track major scientific development observation primitive telescope seventeenth century data returned rover landed mar 2004 markley describes major science fiction writersh g well kim stanley robinson philip k dick edgar rice burroughs ray bradbury robert heinlein judith merrilresponded new theory new controversy also considers representation mar film radio popular press comprehensive study science science fiction dying planet reveals changing conception mar crucial consequence understanding ecology earth
practices of the sentimental imagination,the history of the book in nineteenthcentury japan follows an uneven course that resists the simple chronology often used to mark the divide between premodern and modern literary history by examining the obscured histories of publication circulation and reception of widely consumed literary works from late edo to the early meiji period jonathan zwicker traces a genealogy of the literary field across a long nineteenth century one that stresses continuities between the generic conventions of early modern fiction and the modern novel in the literature of sentiment zwicker locates a tearstreaked lens through which to view literary practices and readerly expectations that evolved across the century practices of the sentimental imagination emphasizes both qualitative and quantitative aspects of literary production and consumption balancing close readings of canonical and noncanonical texts sophisticated applications of critical theory and careful archival research into the holdings of nineteenthcentury lending libraries and private collections by exploring the relationships between and among japanese literary works and texts from late imperial china europe and america zwicker also situates the japanese novel within a larger literary history of the novel across the global nineteenth century,science fiction,2006,jonathan e zwicker,history book nineteenthcentury japan follows uneven course resists simple chronology often used mark divide premodern modern literary history examining obscured history publication circulation reception widely consumed literary work late edo early meiji period jonathan zwicker trace genealogy literary field across long nineteenth century one stress continuity generic convention early modern fiction modern novel literature sentiment zwicker locates tearstreaked lens view literary practice readerly expectation evolved across century practice sentimental imagination emphasizes qualitative quantitative aspect literary production consumption balancing close reading canonical noncanonical text sophisticated application critical theory careful archival research holding nineteenthcentury lending library private collection exploring relationship among japanese literary work text late imperial china europe america zwicker also situates japanese novel within larger literary history novel across global nineteenth century
science fiction science fact,compares what writers over the centuries have written about an imaginary future with the reality revealed by time,science fiction,1991,isaac asimov,compare writer century written imaginary future reality revealed time
gay and gaia,gay and gaia is daniel spencers bold passionate call to rethink sexuality ecology and the sacred contending that ecological ethics must become the grounding for all ethics the author asserts that genuine justice requires right relation among all of creation not simply among human beings spencer urges us  gay and straight bisexual transgendered  to reject a humancentered anthropocentric worldview in favor of an ecocentric worldview yet our responses to the ecological crises need to be rooted in and nourished by our appreciation of the erotic only when we are able to integrate our sexuality with our spirituality will we fully experience the divine  and fully live out our ethical values,science fiction,1996,daniel teberg spencer,gay gaia daniel spencer bold passionate call rethink sexuality ecology sacred contending ecological ethic must become grounding ethic author asserts genuine justice requires right relation among creation simply among human being spencer urge u gay straight bisexual transgendered reject humancentered anthropocentric worldview favor ecocentric worldview yet response ecological crisis need rooted nourished appreciation erotic able integrate sexuality spirituality fully experience divine fully live ethical value
red cosmos,often called the grandfather of russian rocketry k e tsiolkovskii first conceived of multistage rockets that would later be adapted as the basis of both the us and soviet rocket programs mining a myriad of russian archives andrews produces a study of soviet technological propaganda local science education public culture in the 1920s and 1930s and the cultural ramifications of space flight,science fiction,2009,james t andrews,often called grandfather russian rocketry k e tsiolkovskii first conceived multistage rocket would later adapted basis u soviet rocket program mining myriad russian archive andrew produce study soviet technological propaganda local science education public culture 1920s 1930s cultural ramification space flight
integrating science and language arts,this excellent new resource presents a substantive integration of science and language arts curriculum organized in teaching units activities are organized topically to allow teachers to work with complete teaching units for planning purposes all the science activities have been fully researched and are explained with appropriate background information the language arts activities have a whole language approach elementary classroom teachers a longwood professional book,science fiction,1996,donna gail shaw claudia s dybdahl,excellent new resource present substantive integration science language art curriculum organized teaching unit activity organized topically allow teacher work complete teaching unit planning purpose science activity fully researched explained appropriate background information language art activity whole language approach elementary classroom teacher longwood professional book
the country of the pointed firs and other fiction,this volume includes jewetts classic novella and 13 of her short stories written towards the end of her career the introduction a pharmacopoeia and extensive explanatory notes suggest a variety of ways to explore jewetts subtle fiction,science fiction,1996,sarah orne jewett,volume includes jewetts classic novella 13 short story written towards end career introduction pharmacopoeia extensive explanatory note suggest variety way explore jewetts subtle fiction
archangel,a twelveyearold boy discovers the wonders of science and the natural world from motorized bicycles to airplanes to xray technology and genetics in this collection of five stories,science fiction,2013,andrea barrett,twelveyearold boy discovers wonder science natural world motorized bicycle airplane xray technology genetics collection five story
the holodeck in the garden,collecting twenty essays written by distinguished scholars from the united states and germany the holodeck in the garden offers an informative tour of the complex interrelations between science technology and contemporary american literature contributors include michael berube writing on colson whiteheads the intuitionist joseph conte on william gibson and bruce sterling david cowart on don delillos cosmopolis carl djerassi on scienceinfiction n katherine hayles on neal stephensons cryptonomicon ursula heise on risk and narrative in the contemporary novel john johnston on network theory brian mchale on harry mathews kathy acker and gilbert sorrentino joseph tabbi on william gaddis and curtis white on the great american disaster machine,science fiction,2004,peter freese charles b harris,collecting twenty essay written distinguished scholar united state germany holodeck garden offer informative tour complex interrelation science technology contemporary american literature contributor include michael berube writing colson whitehead intuitionist joseph conte william gibson bruce sterling david cowart delillos cosmopolis carl djerassi scienceinfiction n katherine hayles neal stephenson cryptonomicon ursula heise risk narrative contemporary novel john johnston network theory brian mchale harry mathews kathy acker gilbert sorrentino joseph tabbi william gaddi curtis white great american disaster machine
sound rising from the paper,chinese martial arts novels from the late nineteenth century are full of suggestive sounds characters curse in colorful dialect accents and action scenes come to life with the loud clash of swords paize keulemans examines the relationship between these novels and earlier storyteller manuscripts to explain the purpose and history of these sounds,science fiction,2014,paize keulemans,chinese martial art novel late nineteenth century full suggestive sound character curse colorful dialect accent action scene come life loud clash sword paize keulemans examines relationship novel earlier storyteller manuscript explain purpose history sound
bulletin of the georgia academy of science,beginning in 1947 includes program and abstracts of papers presented at its annual meeting,science fiction,1975,georgia academy of science,beginning 1947 includes program abstract paper presented annual meeting
an introduction to modern greek literature,the book highlights those writers and works which have enjoyed critical or popular acclaim and emphasizes the relationships which link one work with another and with its historical context it moves from the varying responses to european romanticism which defined greek literature in the nineteenth century culminating in the work of palamas and cavafy in the first decades of this century to the modernist influenced work of the years from the 1920s to 1945,science fiction,1994,roderick beaton,book highlight writer work enjoyed critical popular acclaim emphasizes relationship link one work another historical context move varying response european romanticism defined greek literature nineteenth century culminating work palamas cavafy first decade century modernist influenced work year 1920s 1945
postmodern time and space in fiction and theory,postmodern time and space in fiction and theory seeks to place the contemporary transformation of notions of space and time often attributed to the technologies we use in the context of the ongoing transformations of modernity bringing together examples of modern and contemporary fiction from defoe to delillo frankenstein to finnegans wake and theoretical discussions of the modern and the postmodern the author explores the legacy of modern transformations of space and time under five headings the space of nature the space of the city postmodern or most modern time the time and space of the work of art in the age of digital reproduction and travel from modernity to these five essays reexamine the meanings of modernity and its aftermath in relation to the spaces and times of the natural the urban and the media environment,science fiction,2020,michael kane,postmodern time space fiction theory seek place contemporary transformation notion space time often attributed technology use context ongoing transformation modernity bringing together example modern contemporary fiction defoe delillo frankenstein finnegans wake theoretical discussion modern postmodern author explores legacy modern transformation space time five heading space nature space city postmodern modern time time space work art age digital reproduction travel modernity five essay reexamine meaning modernity aftermath relation space time natural urban medium environment
climate change communication,proceedings of a conference that provided a foundation to begin addressing matters related to communicating the climate change issue in order to raise awareness confer understanding and motivate action presentations are organized under the following themes climate change perceptions among scientists  decision makers influences on public understanding of climate change organizational roles in communicating about climate change national  regional communication strategies climate change perceptions among the public assessment of media representations of climate change promotion of community action stakeholder framing of climate change communication and the sciencepolicy interface lessons for civic engagement from other participatory processes social marketing strategies communitybased communication strategies climate change education through science fiction climate change curriculum development values and responsibility scenarios as communication tools engaging youth  educators linking climate change knowledge  action stakeholder engagement in the agricultural sector motivating change developing an international climate change communication network communication of natural variability  extremes the role of libraries  the internet and climate change from an inuit perspective the final section includes summaries of conference workshops public forums and poster papers,science fiction,2000,daniel james scott canada environment canada university of waterloo,proceeding conference provided foundation begin addressing matter related communicating climate change issue order raise awareness confer understanding motivate action presentation organized following theme climate change perception among scientist decision maker influence public understanding climate change organizational role communicating climate change national regional communication strategy climate change perception among public assessment medium representation climate change promotion community action stakeholder framing climate change communication sciencepolicy interface lesson civic engagement participatory process social marketing strategy communitybased communication strategy climate change education science fiction climate change curriculum development value responsibility scenario communication tool engaging youth educator linking climate change knowledge action stakeholder engagement agricultural sector motivating change developing international climate change communication network communication natural variability extreme role library internet climate change inuit perspective final section includes summary conference workshop public forum poster paper
space  amern imagination,examining popular images that have helped motivate the most ambitious civil space program in the world mccurdy argues that the spacefaring dream tapped into several of americas most deeply rooted cultural ideals he also explains how space advocates playing on the publics cold war fears convinced politicians that control of space meant control of the earthhe also contends that the gaps between expectations and reality led to public policy obligated to entertain as well as inform 43 photos,science fiction,1997,howard e mccurdy,examining popular image helped motivate ambitious civil space program world mccurdy argues spacefaring dream tapped several america deeply rooted cultural ideal also explains space advocate playing public cold war fear convinced politician control space meant control earthhe also contends gap expectation reality led public policy obligated entertain well inform 43 photo
reading mavis gallant,this book examines the nature and scope of the work of mavis gallant the noted canadian short story writer and novelist who delights readers with the elegance and authority of her prose while disconcerting them with the sharp edge of her vision examining her fiction journalism and work in the theatre keefer explores her preoccupation with the prison of childhood and the constricted world of women as well as her continual concern with the function of memory keefer also focuses closely on both the rewards and the problems that readers encounter in any sustained engagement with gallants work raising important questions about the nature of contemporary fiction and gallants unique canadian perspective,science fiction,1989,janice kulyk keefer,book examines nature scope work mavis gallant noted canadian short story writer novelist delight reader elegance authority prose disconcerting sharp edge vision examining fiction journalism work theatre keefer explores preoccupation prison childhood constricted world woman well continual concern function memory keefer also focus closely reward problem reader encounter sustained engagement gallant work raising important question nature contemporary fiction gallant unique canadian perspective
pseudoscience and science fiction,aliens flying saucers esp the bermuda triangle antigravity  are we talking about science fiction or pseudoscience sometimes it is difficult to tell the difference both pseudoscience and science fiction sf are creative endeavours that have little in common with academic science beyond the superficial trappings of jargon and subject matter the most obvious difference between the two is that pseudoscience is presented as fact not fiction yet like sf and unlike real science pseudoscience is driven by a desire to please an audience  in this case people who want to believe this has led to significant crossfertilization between the two disciplines sf authors often draw on real pseudoscientific theories to add verisimilitude to their stories while on other occasions pseudoscience takes its cue from sf  the symbiotic relationship between ufology and hollywood being a prime example of this this engagingly written well researched and richly illustrated text explores a wide range of intriguing similarities and differences between pseudoscience and the fictional science found in sf andrew may has a degree in natural sciences from cambridge university and a phd in astrophysics from manchester university after many years in academia and the private sector he now works as a freelance writer and scientific consultant he has written pocket biographies of newton and einstein as well as contributing to a number of popular science books he has a lifelong interest in science fiction and has had several articles published in fortean times magazine,science fiction,2016,andrew may,alien flying saucer esp bermuda triangle antigravity talking science fiction pseudoscience sometimes difficult tell difference pseudoscience science fiction sf creative endeavour little common academic science beyond superficial trapping jargon subject matter obvious difference two pseudoscience presented fact fiction yet like sf unlike real science pseudoscience driven desire please audience case people want believe led significant crossfertilization two discipline sf author often draw real pseudoscientific theory add verisimilitude story occasion pseudoscience take cue sf symbiotic relationship ufology hollywood prime example engagingly written well researched richly illustrated text explores wide range intriguing similarity difference pseudoscience fictional science found sf andrew may degree natural science cambridge university phd astrophysics manchester university many year academia private sector work freelance writer scientific consultant written pocket biography newton einstein well contributing number popular science book lifelong interest science fiction several article published fortean time magazine
different engines,since its emergence in the seventeenth century science fiction has been a sustained coherent and subversive check on the promises and pitfalls of science in their turn invention and discovery have forced fiction writers to confront the nature and limits of reality different engines explores how this fascinating symbiosis shapes what we see do and dream from johannes keplers somnium to arthur c clarkes 2001 science fiction has emerged as a mode of thinking complementary to the scientific method science fictions field of interest is the gap between the new worlds uncovered by experimentation and exploration and the fantastic worlds of the imagination its proponents find drama in the tension between the familiar and the unfamiliar its readers many of them scientists and politicians find inspiration in the contrast between the ordinary and the extraordinary brake and hooks different engines is a unique provocative and compelling account of science fiction as the arbiter of progress,science fiction,2007,mark brake neil hook,since emergence seventeenth century science fiction sustained coherent subversive check promise pitfall science turn invention discovery forced fiction writer confront nature limit reality different engine explores fascinating symbiosis shape see dream johannes kepler somnium arthur c clarkes 2001 science fiction emerged mode thinking complementary scientific method science fiction field interest gap new world uncovered experimentation exploration fantastic world imagination proponent find drama tension familiar unfamiliar reader many scientist politician find inspiration contrast ordinary extraordinary brake hook different engine unique provocative compelling account science fiction arbiter progress
the oxford companion to australian film,the oxford companion to australian film is an indispensable reference for anyone interested in australian movies this companion is a comprehensive guide to the people and ideas that have made australian cinema it contains more than a thousand entries and was written by almost a hundred scholars and writers with expertise in different facets of australian film no other reference book on this subject contains so many features  succinct yet detailed entries on key figures actors directors producers writers designers composers etc  incisive discussions of major films with credits and plot summaries  longer essays on critical and historical themes  a series of extended interviews specially prepared for this companion with some of the luminaries of australian film including goeffrey rush and pamela rabe  over 100 illustrations portraits stills and posters  thorough bibliography  full list of afi awards  subject index providing easy access to relevant entries this companion celebrates australias love of the movies and provides a comprehensive and entertaining account of its unique contribution to the art,science fiction,1999,brian mcfarlane geoff mayer ina bertrand,oxford companion australian film indispensable reference anyone interested australian movie companion comprehensive guide people idea made australian cinema contains thousand entry written almost hundred scholar writer expertise different facet australian film reference book subject contains many feature succinct yet detailed entry key figure actor director producer writer designer composer etc incisive discussion major film credit plot summary longer essay critical historical theme series extended interview specially prepared companion luminary australian film including goeffrey rush pamela rabe 100 illustration portrait still poster thorough bibliography full list afi award subject index providing easy access relevant entry companion celebrates australia love movie provides comprehensive entertaining account unique contribution art
native american writers of the united states,contains fortythree alphabetically arranged essays that provide biographical and critical information about indian authors from throughout historymost of whom live or lived in the us and who wrote or write primarily in englishwho have made significant contributions to the body of native american literature,science fiction,1997,kenneth m roemer,contains fortythree alphabetically arranged essay provide biographical critical information indian author throughout historymost live lived u wrote write primarily englishwho made significant contribution body native american literature
bulgarian horizons,no 6 include separately paged literary supplements with articles in english french german and russian,science fiction,1984,,6 include separately paged literary supplement article english french german russian
out of the alleyway,these chapters trace the biographical thread running through nakagamis works while foregrounding such diverse facets of his writing as his interest in the modern possibilities of traditional myths and forms of storytelling his deployment of shocking tropes and images and his crafting of a unique poetic language,science fiction,2007,eve zimmerman,chapter trace biographical thread running nakagamis work foregrounding diverse facet writing interest modern possibility traditional myth form storytelling deployment shocking trope image crafting unique poetic language
the planets,consists of essays by astronomers speculations by science fiction authors and illustrations by space artists,science fiction,1985,byron preiss,consists essay astronomer speculation science fiction author illustration space artist
cosmic catastrophes,a meteorite destroying los angeles another ice age a star explosion impossible not so according to astronomer gerrit verschuur who combines science fiction and science fact in this remarkable new book cosmic catastrophes predicts disasters on the largest possible scale catastrophes that could destroy our entire planet they could happen in a billion years or a thousand in a decade or tomorrow a nearby star explodes a large meteorite strikes the earth the temperature drops 10o to produce an ice age the magnetic field drops to zero a black hole orbiting the sun churns the earths oceans into huge tidal waves dr verschuur points out that we are an integral part of the universenot just observersand that cosmic events can and will affect our lives he uses science fiction to explore some of the more chilling possibilities then presents the science facts behind each of the potential disasters cosmic catastrophesa fascinating book for armchair astronomers and science fiction buffs alikepg 4 of cover,science fiction,1978,gerrit l verschuur,meteorite destroying los angeles another ice age star explosion impossible according astronomer gerrit verschuur combine science fiction science fact remarkable new book cosmic catastrophe predicts disaster largest possible scale catastrophe could destroy entire planet could happen billion year thousand decade tomorrow nearby star explodes large meteorite strike earth temperature drop 10o produce ice age magnetic field drop zero black hole orbiting sun churn earth ocean huge tidal wave dr verschuur point integral part universenot observersand cosmic event affect life us science fiction explore chilling possibility present science fact behind potential disaster cosmic catastrophesa fascinating book armchair astronomer science fiction buff alikepg 4 cover
the cyborg handbook,on cybernetic organisms cyborgs,science fiction,1995,chris hables gray steven mentor,cybernetic organism cyborg
time for discovery informational books,fiftyseven excerpts from nonfiction books in the physical biological and social sciences includes a discussion of the use of these books and an annotated bibliography of other selected books for children and young people,science fiction,1971,,fiftyseven excerpt nonfiction book physical biological social science includes discussion use book annotated bibliography selected book child young people
dreams must explain themselves,ursula k le guin has won or been nominated for over 200 awards for her fiction including the hugo nebula world fantasy and sfwa grand master awards she is the acclaimed author of the earthsea sequence and the left hand of darkness  which alone would qualify her for literary immortality  as well as a remarkable body of short fiction including the powerful hugowinning the ones who walk away from omelas and the masterpiece of anthropological and environmental sf the word for world is forest  winner of the hugo award for best novella but ursula le guins talents do not stop at fiction over the course of her extraordinary career she has penned numerous essays around themes important to her anthropology environmentalism feminism social justice and literary criticism to name a few she has responded in detail to criticism of her own work and even reassessed that work in the context of such critiques this selection of the best of le guins nonfiction shows an agile mind an unparalleled imagination and a ferocious passion to argue against injustice in 2014 ursula le guin was awarded the national book foundations medal for distinguished contribution to american letters and her widely praised acceptance speech is one of the highlights of this volume which shows that one of modern literatures most original voices is also one of its purest consciences,science fiction,2018,ursula k le guin,ursula k le guin nominated 200 award fiction including hugo nebula world fantasy sfwa grand master award acclaimed author earthsea sequence left hand darkness alone would qualify literary immortality well remarkable body short fiction including powerful hugowinning one walk away omelas masterpiece anthropological environmental sf word world forest winner hugo award best novella ursula le guins talent stop fiction course extraordinary career penned numerous essay around theme important anthropology environmentalism feminism social justice literary criticism name responded detail criticism work even reassessed work context critique selection best le guins nonfiction show agile mind unparalleled imagination ferocious passion argue injustice 2014 ursula le guin awarded national book foundation medal distinguished contribution american letter widely praised acceptance speech one highlight volume show one modern literature original voice also one purest conscience
opus 100,isaac asimovs 100th book a collection including samples of the range of his writings,science fiction,1969,isaac asimov,isaac asimov 100th book collection including sample range writing
nova 19651975,a chronicle of the magazine novas visual impact and influence during the eleven years it was published,science fiction,1993,david hillman,chronicle magazine nova visual impact influence eleven year published
the book of mars,from myth to musk astrology to astronomy the red planet in fact and fiction  dr stuark clark selects the very best writing about mars,science fiction,2022,stuart clark,myth musk astrology astronomy red planet fact fiction dr stuark clark selects best writing mar
the oxford dictionary of phrase saying and quotation,compiles over 10000 quotations proverbs and phrases on over 350 themes among them actors and acting bores and boredom elections food and drink kissing madness schools taxes the weather and youth many are attributed with reference to particular works while others merely explain the meaning and sometimes the background for example a carthaginian peace is a peace settlement that imposes very severe terms of the defeated side and refers to the ultimate destruction of carthage by rome in the punic wars a keyword index presents abbreviated versions to facilitate finding a particular perhaps half remembered quotation annotation copyrighted by book news inc portland or,science fiction,1997,elizabeth m knowles,compiles 10000 quotation proverb phrase 350 theme among actor acting bore boredom election food drink kissing madness school tax weather youth many attributed reference particular work others merely explain meaning sometimes background example carthaginian peace peace settlement imposes severe term defeated side refers ultimate destruction carthage rome punic war keyword index present abbreviated version facilitate finding particular perhaps half remembered quotation annotation copyrighted book news inc portland
comeuppance,flesch delivers the freshest most generous thinking about the novel since walter benjamin wrote on the storyteller and wayne c booth on the rhetoric of fiction in clear and engaging prose flesch integrates evolutionary psychology into literary studies creating a new theory of fiction in which form and content flawlessly intermesh,science fiction,2009,william flesch,flesch delivers freshest generous thinking novel since walter benjamin wrote storyteller wayne c booth rhetoric fiction clear engaging prose flesch integrates evolutionary psychology literary study creating new theory fiction form content flawlessly intermesh
english fiction and the evolution of language 18501914,victorian science changed language from a tool into a natural phenomenon evolving independently of its speakers will abberley explores how science and fiction interacted in imagining different stories of language evolution popular narratives of language progress clashed with others of decay and degeneration furthermore the blurring of language evolution with biological evolution encouraged victorians to reimagine language as a mixture of social convention and primordial instinct abberley argues that fiction by authors such as charles kingsley thomas hardy and h g wells not only reflected these intellectual currents but also helped to shape them genres from utopia to historical romance supplied narrative models for generating thought experiments in the possible pasts and futures of language equally fiction that explored the instinctive roots of language intervened in debates about language standardisation and scientific objectivity these textual readings offer new perspectives on twentyfirstcentury discussions about language evolution and the language of science,science fiction,2015,will abberley,victorian science changed language tool natural phenomenon evolving independently speaker abberley explores science fiction interacted imagining different story language evolution popular narrative language progress clashed others decay degeneration furthermore blurring language evolution biological evolution encouraged victorian reimagine language mixture social convention primordial instinct abberley argues fiction author charles kingsley thomas hardy h g well reflected intellectual current also helped shape genre utopia historical romance supplied narrative model generating thought experiment possible past future language equally fiction explored instinctive root language intervened debate language standardisation scientific objectivity textual reading offer new perspective twentyfirstcentury discussion language evolution language science
psience fiction,science fiction has often been considered the literature of futuristic technology fantastic warfare among the stars or ruinous apocalypses on earth the last century however saw through john w campbell the introduction of psience fiction which explores such themes of mental powers as telepathy precognition of the future teleportation etcand symbolic machines that react to such forces the author surveys this longignored literary shift through a series of influential novels and short stories published between the 1930s and the present this discussion is framed by the sudden surge of interest in parapsychology and its absorption not only into the sf genre but also into the real world through military experiments such as the star gate program,science fiction,2018,damien broderick,science fiction often considered literature futuristic technology fantastic warfare among star ruinous apocalypse earth last century however saw john w campbell introduction psience fiction explores theme mental power telepathy precognition future teleportation etcand symbolic machine react force author survey longignored literary shift series influential novel short story published 1930s present discussion framed sudden surge interest parapsychology absorption sf genre also real world military experiment star gate program
proceedings of the west virginia academy of science,list of members in v 2,science fiction,1951,west virginia academy of science,list member v 2
the routledge anthology of climate fiction,the routledge anthology of climate fiction brings together key works from the bible to the twentieth century in an accessible resource for students and teachers alike with a robust variety of works including h g wells clare winger harris h p lovecraft leslie f stone and arthur conan doyle the routledge anthology of climate fiction offers vital new perspectives and critical introductions all the way back to humanitys earliest surviving literary texts,science fiction,2024,bill gillard,routledge anthology climate fiction brings together key work bible twentieth century accessible resource student teacher alike robust variety work including h g well clare winger harris h p lovecraft leslie f stone arthur conan doyle routledge anthology climate fiction offer vital new perspective critical introduction way back humanity earliest surviving literary text
on the origin of stories,brian boyd explains why we tell stories and how our minds are shaped to understand them after considering art as adaptation boyd examines homers odyssey and dr seusss horton hears a who demonstrating how an evolutionary lens can offer new understanding and appreciation of specific works,science fiction,2010,brian boyd,brian boyd explains tell story mind shaped understand considering art adaptation boyd examines homer odyssey dr seusss horton hears demonstrating evolutionary lens offer new understanding appreciation specific work
dystopias and utopias on earth and beyond,foreword ecofeminism and speculative fiction  a writers reflection  vandana singh  preface  douglas a vakoch  introduction  patrick d murphy  climate change and future earth dystopias an ecofeminist reading of octavia butlers parable of the sower and parable of talents  hatice övgü tüzün  an ecofeminist treatment of nourishment and feeding in margaret atwoods maddaddam trilogy  debra wain  margaret atwoods ecodystopic sf  approaching ethics gender and ecology  izabel f o brandão and ildney cavalcant  ecofeminist post iceage ecotopia  doris lessings mara and dann books  julia kuznetsk  ecofeminist climate fiction  merlinda bobiss locust girl  iris ralph  utopias on earth and beyond extinction is forever  ecofeminism and apocalypse in louise lawrences young adult short fiction  michelle deininger and gemma scammel  ecofeminist utopian speculations in henrietta augusta dugdales a few hours in a faroff age 1883 catherine helen spences a week in the future 1888 mary anne moorebentleys a woman of mars or australias enfranchised woman 1901 and joyce vincents the celestial hand a sensational story  nicole anae  alien ecofeminist societies  sharers in joan slonczewskis a door into ocean  irene sanz alonso  rereading ursula k le guins sf  the daoist yin principle in ecofeminist novels  amy chan kitsze  keeping grows giving flows  reciprocal relations and the gift of always coming home  karl zuelke  the revolt of the mother  romanticizing nature and rejecting science in sally miller gearharts the wanderground and other feminist utopias  christy tidwell,science fiction,2021,douglas a vakoch,foreword ecofeminism speculative fiction writer reflection vandana singh preface douglas vakoch introduction patrick murphy climate change future earth dystopia ecofeminist reading octavia butler parable sower parable talent hatice övgü tüzün ecofeminist treatment nourishment feeding margaret atwoods maddaddam trilogy debra wain margaret atwoods ecodystopic sf approaching ethic gender ecology izabel f brandão ildney cavalcant ecofeminist post iceage ecotopia doris lessing mara dann book julia kuznetsk ecofeminist climate fiction merlinda bobiss locust girl iris ralph utopia earth beyond extinction forever ecofeminism apocalypse louise lawrence young adult short fiction michelle deininger gemma scammel ecofeminist utopian speculation henrietta augusta dugdales hour faroff age 1883 catherine helen spences week future 1888 mary anne moorebentleys woman mar australia enfranchised woman 1901 joyce vincents celestial hand sensational story nicole anae alien ecofeminist society sharer joan slonczewskis door ocean irene sanz alonso rereading ursula k le guins sf daoist yin principle ecofeminist novel amy chan kitsze keeping grows giving flow reciprocal relation gift always coming home karl zuelke revolt mother romanticizing nature rejecting science sally miller gearharts wanderground feminist utopia christy tidwell
consciousness and science fiction,science fiction explores the wonderful baffling and wildly entertaining aspects of a universe unimaginably old and vast and with a future even more immense it reaches into that endless cosmos with the tools of rational investigation and storytelling at the core of both science and science fiction is the engaged human minda consciousness that sees and feels and thinks and loves but what is this mind this aware and selfaware consciousness that seems unlike anything else we experience what makes consciousness the hard problem of philosophy still unsolved after millennia of probing this book looks into the heart of this mystery  at the science and philosophy of consciousness and at many inspiring fictional examples  and finds strange challenging answers the books content and entertaining style will appeal equally to science fiction enthusiasts and scholars including cognitive and neuroscientists as well as philosophers of mind it is a refreshing romp through the science and science fiction of consciousness,science fiction,2018,damien broderick,science fiction explores wonderful baffling wildly entertaining aspect universe unimaginably old vast future even immense reach endless cosmos tool rational investigation storytelling core science science fiction engaged human minda consciousness see feel think love mind aware selfaware consciousness seems unlike anything else experience make consciousness hard problem philosophy still unsolved millennium probing book look heart mystery science philosophy consciousness many inspiring fictional example find strange challenging answer book content entertaining style appeal equally science fiction enthusiast scholar including cognitive neuroscientist well philosopher mind refreshing romp science science fiction consciousness
the near future in 21st century fiction,explores contemporary fiction set in the near future to shed new light on our cultures relationship to the anthropocene,science fiction,2022,david sergeant,explores contemporary fiction set near future shed new light culture relationship anthropocene
tropeing the light fantastic,physicist computer engineer science popularizer and awardwinning sciencefiction author edward m lerner entertainingly examines the tropes that surround science fiction the science behind the fiction,science fiction,2018,edward m lerner,physicist computer engineer science popularizer awardwinning sciencefiction author edward lerner entertainingly examines trope surround science fiction science behind fiction
future humans in fiction and film,this book will appeal to everyone who reads science fiction or thinks about science and its impact on our lives it raises profound economic ethical political sociological and psychological questions it explores our fears and fantasies as it examines a range of fictions films and tv programs that speculate about the possibilities of humans in the future the contributions here ask central questions that have provoked the creators and readers of science fiction since mary shelley inaugurated the genre with her novel frankenstein what are the aims and limits of science and technology what are our responsibilities toward the products of our advancing science and technology what kinds of creatures will we produce or encounter in the future what rights will we grant to these creatures or  more worryingly  will they grant to us do science and technology make us more civilized or more barbaric how should we treat each other ultimately what does it mean to be human,science fiction,2019,louisa mackay demerjian karen f stein,book appeal everyone read science fiction think science impact life raise profound economic ethical political sociological psychological question explores fear fantasy examines range fiction film tv program speculate possibility human future contribution ask central question provoked creator reader science fiction since mary shelley inaugurated genre novel frankenstein aim limit science technology responsibility toward product advancing science technology kind creature produce encounter future right grant creature worryingly grant u science technology make u civilized barbaric treat ultimately mean human
american novelists since world war ii,contains biographical sketches of writers who either began writing novels after 1945 or have done their most important work since then,science fiction,1996,james richard giles wanda h giles,contains biographical sketch writer either began writing novel 1945 done important work since
science fiction and futurism,science and science fiction have become inseparablewith common stories interconnected thought experiments and shared language this reference book lays out that relationship and its allbutmagical terms and ideas those who think seriously about the future are changing the world reshaping how we speak and how we think this book fully covers the terms that collected clarified and crystallized the futurists ideas sometimes showing them off sometimes slowing them down and sometimes propelling them to fame and making them the common currency of our culture the many entries in this encyclopedic work offer a guided tour of the vast territories occupied by science fiction and futurism in his foreword david brin says provocative and enticing filled with huh moments and leads to great stories that describes this volume,science fiction,2017,ace g pilkington,science science fiction become inseparablewith common story interconnected thought experiment shared language reference book lay relationship allbutmagical term idea think seriously future changing world reshaping speak think book fully cover term collected clarified crystallized futurist idea sometimes showing sometimes slowing sometimes propelling fame making common currency culture many entry encyclopedic work offer guided tour vast territory occupied science fiction futurism foreword david brin say provocative enticing filled huh moment lead great story describes volume
american environmental fiction 17821847,while ralph waldo emerson and henry david thoreau are often credited with inventing american environmental writing matthew wynn sivils argues that the works of these transcendentalists must be placed within a larger literary tradition that has its origins in early republic natural histories indian captivity narratives gothic novels and juvenile literature authors such as william bartram ann eliza bleecker and samuel griswold goodrich to name just a few enabled the development of a credibly american brand of protoenvironmental fiction sivils argues that these seeds of environmental literature would come to fruition in james fenimore coopers the pioneers which he argues is the first uniquely environmental american novel he then connects the biogeographical politics of coopers the prairie with european antiamericanism and concludes this study by examining how james kirke paulding thomas cole and james fenimore cooper imaginatively addressed the problem of human culpability and nationalistic cohesiveness in the face of natural disasters with their focus on the character and implications of the imagined american landscape these key works of early environmental thought contributed to the growing influence of the natural environment on the identity of the fledgling nation decades before the influences of emersons nature and thoreaus walden,science fiction,2016,matthew wynn sivils,ralph waldo emerson henry david thoreau often credited inventing american environmental writing matthew wynn sivils argues work transcendentalist must placed within larger literary tradition origin early republic natural history indian captivity narrative gothic novel juvenile literature author william bartram ann eliza bleecker samuel griswold goodrich name enabled development credibly american brand protoenvironmental fiction sivils argues seed environmental literature would come fruition james fenimore cooper pioneer argues first uniquely environmental american novel connects biogeographical politics cooper prairie european antiamericanism concludes study examining james kirke paulding thomas cole james fenimore cooper imaginatively addressed problem human culpability nationalistic cohesiveness face natural disaster focus character implication imagined american landscape key work early environmental thought contributed growing influence natural environment identity fledgling nation decade influence emerson nature thoreau walden
sauls fall,herbert lindenbergers satire on authorship milton j wolfson an assistant professor of english at stanford receives in the mail a playscript sauls fall so lindenbergers book is wolfsons critical edition full text of sauls fall a of subsidiary jottings then a raft of critical essays,science fiction,1979,herbert lindenberger,herbert lindenbergers satire authorship milton j wolfson assistant professor english stanford receives mail playscript saul fall lindenbergers book wolfsons critical edition full text saul fall subsidiary jotting raft critical essay
the secret window,in this series of meditations on seven of tanizaki junichiros novels and novellas chambers focuses on the thread of fantasy that tanizaki weaves throughout his work he examines tanizakis subtle use of storytelling devices to evoke his characters alternate sense of reality and to encourage the readers participation in their fantasies,science fiction,1994,anthony hood chambers,series meditation seven tanizaki junichiros novel novella chamber focus thread fantasy tanizaki weave throughout work examines tanizakis subtle use storytelling device evoke character alternate sense reality encourage reader participation fantasy
nineteenth century popular fiction medicine and anatomy,this book investigates the relationship between the fascinating and misunderstood penny blood early victorian popular fiction for the working class and victorian anatomy in 1832 the controversial anatomy act sanctioned the use of the body of the pauper for teaching dissection to medical students deeply affecting the victorian poor the ensuing decade such famous penny bloods as manuscripts from the diary of a physician varney the vampyre sweeney todd and the mysteries of london addressed issues of medical ethics social power and bodily agency challenging traditional views of penny bloods as a lowlier unreadable genre this book rereads these four narratives in the light of the 1832 anatomy act putting them in dialogue with different popular artistic forms and literary genres as well as with the spaces of death and dissection in victorian london exploring their role as channels for circulating discourses about anatomy and ethics among the victorian poor,science fiction,2019,anna gasperini,book investigates relationship fascinating misunderstood penny blood early victorian popular fiction working class victorian anatomy 1832 controversial anatomy act sanctioned use body pauper teaching dissection medical student deeply affecting victorian poor ensuing decade famous penny blood manuscript diary physician varney vampyre sweeney todd mystery london addressed issue medical ethic social power bodily agency challenging traditional view penny blood lowlier unreadable genre book rereads four narrative light 1832 anatomy act putting dialogue different popular artistic form literary genre well space death dissection victorian london exploring role channel circulating discourse anatomy ethic among victorian poor
the war of the worlds,wells novel a scientific romance attained perhaps its greatest fame in another form the infamous realistic 1939 radio broadcast invasion from mars by the redoubtable orson welles it was also notably made into an early fifties science fiction adventure movie and there have been other adaptations as well so indelible is the association that the novel like the panic inducing broadcast and the hollywood flick now is taken as little more than a light fantasy of outerspace terror and human heroism far from the authors original vision the war of the worlds is a philosophical tale and as such is profoundly ideological the world of the martians represents the progressive future of humanity in a cultural war with our world of tradition and reactionthese are the two worlds in question the mars from which the invaders come is united by a planetwide system of irrigation canals for wells this indicates a socialist worldstate the red planet is red in more than one sense pointing the direction of terrestrial progress the martians in the novel are octopoidal monsters bodily anticipating the tentacular allcontrolling totalitarian regimes of the twentieth century,science fiction,2018,h g wells,well novel scientific romance attained perhaps greatest fame another form infamous realistic 1939 radio broadcast invasion mar redoubtable orson welles also notably made early fifty science fiction adventure movie adaptation well indelible association novel like panic inducing broadcast hollywood flick taken little light fantasy outerspace terror human heroism far author original vision war world philosophical tale profoundly ideological world martian represents progressive future humanity cultural war world tradition reactionthese two world question mar invader come united planetwide system irrigation canal well indicates socialist worldstate red planet red one sense pointing direction terrestrial progress martian novel octopoidal monster bodily anticipating tentacular allcontrolling totalitarian regime twentieth century
the science of science fiction,let mark brake open your eyes to how science fiction helped us dream of things to come and building the future we inhabitfrom star trek to the martian from back to the future to guardians of the galaxy from 2001 a space odyssey to the avengers media headlines declare this the age of automation the tv talks about the coming revolution of the robot tweets tell tales of jets that will ferry travelers to the edge of space and social media reports that the first human to live for a thousand years has already been born the science we do the movies we watch and the culture we consume is the stuff of fiction that became fact the future imagined in our pastthe future we now inhabit the science of science fiction is the story of how science fiction shaped our world no longer a subculture science fiction has moved into the mainstream with the advent of the information age it helped realize explore how science fiction has driven science with topics that include guardians of the galaxy is space full of extraterrestrials jacking in will the future be like ready player one mad max is society running down into chaos the internet will humans tire of mere reality blade runner 2049 when will we engineer human lookalikes and many more this book is the story of how science fiction shaped our world no longer a subculture science fiction has moved into the mainstream with the advent of the information age it helped realize explore how science fiction has driven science this book will open your eyes to the way science fiction helped us dream of things to come forced us to uncover the nature and limits of our own reality and helped us build the sciencefictiondriven world we live in today,science fiction,2018,mark brake,let mark brake open eye science fiction helped u dream thing come building future inhabitfrom star trek martian back future guardian galaxy 2001 space odyssey avenger medium headline declare age automation tv talk coming revolution robot tweet tell tale jet ferry traveler edge space social medium report first human live thousand year already born science movie watch culture consume stuff fiction became fact future imagined pastthe future inhabit science science fiction story science fiction shaped world longer subculture science fiction moved mainstream advent information age helped realize explore science fiction driven science topic include guardian galaxy space full extraterrestrial jacking future like ready player one mad max society running chaos internet human tire mere reality blade runner 2049 engineer human lookalikes many book story science fiction shaped world longer subculture science fiction moved mainstream advent information age helped realize explore science fiction driven science book open eye way science fiction helped u dream thing come forced u uncover nature limit reality helped u build sciencefictiondriven world live today
time machines,this book explores the idea of time travel from the first account in english literature to the latest theories of physicists such as kip thorne and igor novikov this very readable work covers a variety of topics including the history of time travel in fiction the fundamental scientific concepts of time spacetime and the fourth dimension the speculations of einstein richard feynman kurt goedel and others time travel paradoxes and much more,science fiction,2001,paul j nahin,book explores idea time travel first account english literature latest theory physicist kip thorne igor novikov readable work cover variety topic including history time travel fiction fundamental scientific concept time spacetime fourth dimension speculation einstein richard feynman kurt goedel others time travel paradox much
microworlds,in this bold and controversial examination of the past present and future of science fiction lem informs the raging debate over the literary merit of the genre with ten arch incisive provocative essays edited and with an introduction by franz rottensteiner translated by rottensteiner and others a helen and kurt wolff book,science fiction,1986,stanisław lem,bold controversial examination past present future science fiction lem informs raging debate literary merit genre ten arch incisive provocative essay edited introduction franz rottensteiner translated rottensteiner others helen kurt wolff book
the legacies of ursula k le guin,the legacies of ursula k le guin explores how le guins fiction and essays have built a speculative ethical practice engaging indigenous knowledge and feminism while crafting utopias in which human and otherthanhuman life forms enter into new relations her work also delineates new ways of making sense of the science of science fiction the authors of this collection provide uptodate discussions of wellknown works as well as more experimental writings written in an accessible style legacies will appeal to any readers interested in literature science fiction and fantasy as well as specialists of science and technology studies philosophy of science ethics gender studies indigenous studies and posthumanism,science fiction,2021,christopher l robinson sarah bouttier pierrelouis patoine,legacy ursula k le guin explores le guins fiction essay built speculative ethical practice engaging indigenous knowledge feminism crafting utopia human otherthanhuman life form enter new relation work also delineates new way making sense science science fiction author collection provide uptodate discussion wellknown work well experimental writing written accessible style legacy appeal reader interested literature science fiction fantasy well specialist science technology study philosophy science ethic gender study indigenous study posthumanism
new light through old windows exploring contemporary science through 12 classic science fiction tales,this book presents the reader with some of the earliest classic sf short stories  all of them published between 1858 and 1934 featuring both wellknown and longforgotten writers  dealing for the first time with topics to which science had some answers only at much later stages this includes aspects of alien life forms transmogrification pandemics life on mars android robots big data matter transmission and impact events to name but a few the short stories are reprinted in full alongside extensive commentaries which also examine some of the latest scientific thinking surrounding the storys main theme and provide the reader with suggestions for further reading,science fiction,2019,stephen webb,book present reader earliest classic sf short story published 1858 1934 featuring wellknown longforgotten writer dealing first time topic science answer much later stage includes aspect alien life form transmogrification pandemic life mar android robot big data matter transmission impact event name short story reprinted full alongside extensive commentary also examine latest scientific thinking surrounding story main theme provide reader suggestion reading
just like being there,just like being there is the first collection of science fiction stories by awardwinning author and aerospace engineer eric choi spanning his 25 year writing career the stories are hard science fiction in which some element of engineering or science is so central there would be no story if that element were removed story topics include space exploration artificial intelligence virtual reality cryptography quantum computing online privacy mathematics statistics neuroscience psychology space medicine extraterrestrial intelligence undersea exploration commercial aviation and the history of science a special feature of the book is that each story is followed by an afterword that explains the underlying engineering or science this collection will entertain and inform all aficionados of science and science fiction,science fiction,2022,eric choi,like first collection science fiction story awardwinning author aerospace engineer eric choi spanning 25 year writing career story hard science fiction element engineering science central would story element removed story topic include space exploration artificial intelligence virtual reality cryptography quantum computing online privacy mathematics statistic neuroscience psychology space medicine extraterrestrial intelligence undersea exploration commercial aviation history science special feature book story followed afterword explains underlying engineering science collection entertain inform aficionado science science fiction
science fiction by scientists,this anthology contains fourteen intriguing stories by active research scientists and other writers trained in science science is at the heart of real science fiction which is more than just westerns with ray guns or fantasy with spaceships the people who do science and love science best are scientists scientists like isaac asimov arthur c clarke and fred hoyle wrote some of the legendary tales of golden age science fiction today there is a new generation of scientists writing science fiction informed with the expertise of their fields from astrophysics to computer science biochemistry to rocket science quantum physics to genetics speculating about what is possible in our universe here lies the sense of wonder only science can deliver all the stories in this volume are supplemented by afterwords commenting on the science underlying each story,science fiction,2016,michael brotherton,anthology contains fourteen intriguing story active research scientist writer trained science science heart real science fiction western ray gun fantasy spaceship people science love science best scientist scientist like isaac asimov arthur c clarke fred hoyle wrote legendary tale golden age science fiction today new generation scientist writing science fiction informed expertise field astrophysics computer science biochemistry rocket science quantum physic genetics speculating possible universe lie sense wonder science deliver story volume supplemented afterwords commenting science underlying story
the orchid cage,this book is a new english translation of the classic science fiction story written in 1961 by herbert w franke widely held to be the most important germanlanguage sciencefiction writer a dead city on a distant planet two groups of people trying to explore it step by step they penetrate the outer ring with its ultramodern technology the halfruined medieval city center and finally the mysterious center but is the eerie city really dead suddenly the factories start working again the automatons intervene and somewhere in the background there is still something hidden that could perhaps awaken but is it people or machines herbert w franke leads the reader into an oppressively strange world only after the startling resolution does it become clear what lies behind the adventures of the intruders  not a cosmic strangeness but a threatening development that could affect humans in the same way frankes novel is thus a parable of the evolution of all humans in the age of technical communication ,science fiction,2024,herbert w franke,book new english translation classic science fiction story written 1961 herbert w franke widely held important germanlanguage sciencefiction writer dead city distant planet two group people trying explore step step penetrate outer ring ultramodern technology halfruined medieval city center finally mysterious center eerie city really dead suddenly factory start working automaton intervene somewhere background still something hidden could perhaps awaken people machine herbert w franke lead reader oppressively strange world startling resolution become clear lie behind adventure intruder cosmic strangeness threatening development could affect human way frankes novel thus parable evolution human age technical communication
hivaids,the scientific literature is clear 1 new york city is the epicenter of the aids epidemic 2 the theory that hiv came from monkeys is a fallacy the theory that aids originated in african monkeys arose from an incident of laboratory contamination and 3 the african aids epidemicasholocaust never manifested based on a forensic review of over 3000 scientific and medical journal articles hivaids the facts and the fiction redefines global concepts for the prevalence and distribution of hiv infection and has powerful implications for hivaids funding research prerogatives and global health care interventionspublishers website,science fiction,2012,chris jennings,scientific literature clear 1 new york city epicenter aid epidemic 2 theory hiv came monkey fallacy theory aid originated african monkey arose incident laboratory contamination 3 african aid epidemicasholocaust never manifested based forensic review 3000 scientific medical journal article hivaids fact fiction redefines global concept prevalence distribution hiv infection powerful implication hivaids funding research prerogative global health care interventionspublishers website
environmentality,this book addresses the role and potential of literature in the process of contesting and reevaluating concepts of nature and animality describing ones individual environment as the starting point for such negotiations it employs the notion of the literary event to discuss the specific literary quality of verbal art conceptualised as environmentality environmentality is grounded on the understanding that fiction does not explain or second scientific and philosophical notions but that it poses a fundamental challenge to any form of knowledge manifesting in processes determined by the human capacity to think beyond a given hermeneutic situation bartosch foregrounds the dialectics of understanding the other by means of literary interpretation in ecocritical readings of novels by amitav ghosh zakes mda yann martel margaret atwood and jm coetzee arguing that environmentality helps us as readers of fiction to learn from the books we read that which can only be learned by means of reading to think like a mountain aldo leopold and to know what it is like to be a bat thomas nagel,science fiction,2013,roman bartosch,book address role potential literature process contesting reevaluating concept nature animality describing one individual environment starting point negotiation employ notion literary event discus specific literary quality verbal art conceptualised environmentality environmentality grounded understanding fiction explain second scientific philosophical notion pose fundamental challenge form knowledge manifesting process determined human capacity think beyond given hermeneutic situation bartosch foreground dialectic understanding mean literary interpretation ecocritical reading novel amitav ghosh zakes mda yann martel margaret atwood jm coetzee arguing environmentality help u reader fiction learn book read learned mean reading think like mountain aldo leopold know like bat thomas nagel
the invisible man,with his face swaddled in bandages his eyes hidden behind dark glasses and his hands covered even indoors griffin  the new guest at the coach and horses  is at first assumed to be a shy accidentvictim but the true reason for his disguise is far more chilling he has developed a process that has made him invisible and is locked in a struggle to discover the antidote forced from the village and driven to murder he seeks the aid of an old friend kemp the horror of his fate has affected his mind however  and when kemp refuse to help he resolves to wreak his revenge,science fiction,2007,hg wells,face swaddled bandage eye hidden behind dark glass hand covered even indoors griffin new guest coach horse first assumed shy accidentvictim true reason disguise far chilling developed process made invisible locked struggle discover antidote forced village driven murder seek aid old friend kemp horror fate affected mind however kemp refuse help resolve wreak revenge
other animals in twentyfirst century fiction,this book is about ordinary animals and how they are imagined in twentyfirst century fiction examining contemporary animal representations and the fraught and potent distinctions humans fashion between themselves and all other animals it asks how a range of novels make remake or unmake traditional conceptions of the creatures we love admire eat vilify and abuse other animals detailed readings of horses an animalised human a donkey ants chickens and chimpanzees develop new critical practices in literary animal studies they explore the connections between fictional animal representation narrative form ethics and the lives and warm bodies of the realworld creatures that precede and exceed our imagination humananimal relationships are conditioned by our imaginative shapings of other animals and by our sense of distinction from them and other animals opens out how fictional animal forms and tropes respond to participate in or challenge the ways animals lives are lived out in consequence of human imaginings of them,science fiction,2017,catherine parry,book ordinary animal imagined twentyfirst century fiction examining contemporary animal representation fraught potent distinction human fashion animal asks range novel make remake unmake traditional conception creature love admire eat vilify abuse animal detailed reading horse animalised human donkey ant chicken chimpanzee develop new critical practice literary animal study explore connection fictional animal representation narrative form ethic life warm body realworld creature precede exceed imagination humananimal relationship conditioned imaginative shaping animal sense distinction animal open fictional animal form trope respond participate challenge way animal life lived consequence human imaginings
climate fiction and cultural analysis,climate fiction and cultural analysis argues that the popularity of the term climate fiction has paradoxically exhausted the terms descriptive power and that it has developed into a black box containing all kinds of fictions which depict climatic events and has consequently lost its true significance aware of the prospect of ecological collapse as well as our apparent inability to avert it we face geophysical changes of drastic proportions that severely challenge our ability to imagine the consequences this book argues that this crisis of imagination can be partly relieved by climate fiction which may help us comprehend the potential impact of the crisis we are facing strictly assigning climate fiction to fictions that incorporate the climatological paradigm of anthropogenic global warming into their plots this book sets out to salvage the terms speculative quality it argues that climate fiction should be regarded as no less than a vital supplement to climate science because climate fiction makes visible and conceivable future modes of existence within worlds not only deemed likely by science but which are scientifically anticipated focusing primarily on english and german language fictions climate fiction and cultural analysis shows how western climate fiction sketches various affective and cognitive relations to the world in its utilization of a small number of recurring imaginaries or imagination forms this book will be of great interest to students and scholars of ecocriticism the environmental humanities and literary and culture studies more generally,science fiction,2020,gregers andersen,climate fiction cultural analysis argues popularity term climate fiction paradoxically exhausted term descriptive power developed black box containing kind fiction depict climatic event consequently lost true significance aware prospect ecological collapse well apparent inability avert face geophysical change drastic proportion severely challenge ability imagine consequence book argues crisis imagination partly relieved climate fiction may help u comprehend potential impact crisis facing strictly assigning climate fiction fiction incorporate climatological paradigm anthropogenic global warming plot book set salvage term speculative quality argues climate fiction regarded less vital supplement climate science climate fiction make visible conceivable future mode existence within world deemed likely science scientifically anticipated focusing primarily english german language fiction climate fiction cultural analysis show western climate fiction sketch various affective cognitive relation world utilization small number recurring imaginary imagination form book great interest student scholar ecocriticism environmental humanity literary culture study generally
the psychology of time travel,perfect for fans of naomi aldermans the power and margot lee shetterlys hidden figures comes the psychology of time travel a mindbending timetravel debut in 1967 four female scientists worked together to build the worlds first time machine but just as they are about to debut their creation one of them suffers a breakdown putting the whole projectand future of time travelin jeopardy to protect their invention one member is exiled from the teamerasing her contributions from history fifty years later time travel is a big business twentysomething ruby rebello knows her beloved grandmother granny bee was one of the pioneers though no one will tell her more but when bee receives a mysterious newspaper clipping from the future reporting the murder of an unidentified woman ruby becomes obsessed could it be bee who would want her dead and most importantly of all can her murder be stopped traversing the decades and told from alternating perspectives the psychology of time travel introduces a fabulous new voice in fiction and a new mustread for fans of speculative fiction and womens fiction alike,science fiction,2019,kate mascarenhas,perfect fan naomi alderman power margot lee shetterlys hidden figure come psychology time travel mindbending timetravel debut 1967 four female scientist worked together build world first time machine debut creation one suffers breakdown putting whole projectand future time travelin jeopardy protect invention one member exiled teamerasing contribution history fifty year later time travel big business twentysomething ruby rebello know beloved grandmother granny bee one pioneer though one tell bee receives mysterious newspaper clipping future reporting murder unidentified woman ruby becomes obsessed could bee would want dead importantly murder stopped traversing decade told alternating perspective psychology time travel introduces fabulous new voice fiction new mustread fan speculative fiction womens fiction alike
surreal entanglements,this edited collection approaches the most pressing discourses of the anthropocene and posthumanist culture through the surreal yet instructive lens of jeff vandermeers fiction in contrast to universalist and essentializing ways of responding to new material realities vandermeers work invites us to reimagine human subjectivity and other collectivities in the light of historically unique entanglements we face today the ecological technological aesthetic epistemological and political challenges of life in the anthropocene era situating these messy multiscalar material complexities of life in close relation to their ecological material and colonialist histories his fiction renders them at once troublingly familiar and strangely generative of other potentialities and insight the collection measures vandermeers work as a new kind of speculative surrealism his texts capturing the strangeness of navigating a world in which nature has become radically uncanny due to global climate change and powerful biotechnologies the first collection to survey academic engagements with vandermeer this book brings together scholars in the fields of environmental literature science fiction genre studies american literary history philosophy of technology and digital cultures to reflect on the environmentally culturally aesthetically and politically central questions his fiction poses to predominant understandings of the anthropocene,science fiction,2021,louise economides laura shackelford,edited collection approach pressing discourse anthropocene posthumanist culture surreal yet instructive lens jeff vandermeers fiction contrast universalist essentializing way responding new material reality vandermeers work invite u reimagine human subjectivity collectivities light historically unique entanglement face today ecological technological aesthetic epistemological political challenge life anthropocene era situating messy multiscalar material complexity life close relation ecological material colonialist history fiction render troublingly familiar strangely generative potentiality insight collection measure vandermeers work new kind speculative surrealism text capturing strangeness navigating world nature become radically uncanny due global climate change powerful biotechnology first collection survey academic engagement vandermeer book brings together scholar field environmental literature science fiction genre study american literary history philosophy technology digital culture reflect environmentally culturally aesthetically politically central question fiction pose predominant understanding anthropocene
in the field,a selected title of the national book foundation and the alfred b sloan foundations science  literature program brilliant terribly stubborn and illsuited to the expectations of the period kate croft has shattered her widowed mothers traditional hopes for her in favor of higher education rejecting domestic pressures she has cleaved out an alternative channel for herself one that deprioritizes marriage and children more subversive still are the complexities of her sexuality her pursuit of queer relationships in an intensely heteronormative era most notably though she has taken a hammer to her field making debris of its governing premises and challenging the very fundamentals of evolutionary theory spanning nearly sixty years we follow kate from her first introductory biology course at cornell to her receipt of the prize a journey ridden with obstacles kates scientific medium maize is unglamorous and undervalued in academia her research is so visionary that it alienates her peers who are unable to grasp its complex implications subject to both implicit and explicit sexism kate finds herself perpetually on the defensive struggling to distinguish between those who care for her and those who wish to oppress her a dynamic that traps even her longtime friendships in a state of precarity she struggles to straddle the chasm between the physical field where her corn grows her oasis and the corresponding professional field beleaguered by bias and petty politics,science fiction,2022,rachel pastan,selected title national book foundation alfred b sloan foundation science literature program brilliant terribly stubborn illsuited expectation period kate croft shattered widowed mother traditional hope favor higher education rejecting domestic pressure cleaved alternative channel one deprioritizes marriage child subversive still complexity sexuality pursuit queer relationship intensely heteronormative era notably though taken hammer field making debris governing premise challenging fundamental evolutionary theory spanning nearly sixty year follow kate first introductory biology course cornell receipt prize journey ridden obstacle kates scientific medium maize unglamorous undervalued academia research visionary alienates peer unable grasp complex implication subject implicit explicit sexism kate find perpetually defensive struggling distinguish care wish oppress dynamic trap even longtime friendship state precarity struggle straddle chasm physical field corn grows oasis corresponding professional field beleaguered bias petty politics
nation and region in modern american and european fiction,in his book nation and region in modern american and european fiction thomas o beebee analyzes fictional texts as a discursive territoriality that shape readers notions of and ambivalence about national and regional belonging several canonical works of literary fiction have provided their readers with verbal maps that in their depictions of boundary spaces construct indirect images of national territory and geography beebee analyzes the historical and cultural diversity in johann wolfgang von goethes nikolai gogols and ivan turgenevs competing geographies of russia and its empire euclides da cunhas ambivalent nomination of the sertanejo backlander as the bedrock of the brazilian race william faulkners and jose lins do regos cultural memories of the plantation jose maria arguedass novelistic ethnogeographies of andean culture juan benets construction of region as both metaphor and metonym for francoist spain and the utopian north american us and canada desert landscapes of mary austin nicole brossard and joy harjo,science fiction,2008,thomas o beebee,book nation region modern american european fiction thomas beebee analyzes fictional text discursive territoriality shape reader notion ambivalence national regional belonging several canonical work literary fiction provided reader verbal map depiction boundary space construct indirect image national territory geography beebee analyzes historical cultural diversity johann wolfgang von goethe nikolai gogol ivan turgenev competing geography russia empire euclides da cunhas ambivalent nomination sertanejo backlander bedrock brazilian race william faulkner jose lin regos cultural memory plantation jose maria arguedass novelistic ethnogeographies andean culture juan benet construction region metaphor metonym francoist spain utopian north american u canada desert landscape mary austin nicole brossard joy harjo
the skeptics guide to the future,from the bestselling authors and hosts of the skeptics guide to the universe a hightech roadmap of the future in their beloved voice cracking open the follies of futurists past and how technology will profoundly change our world redefining what it means to be human our predictions of the future are a wild fantasy inextricably linked to our present hopes and fears biases and ignorance whether they be the outlandish leaps predicted in the 1920s like multipurpose utility belts with climate control capabilities and planes the size of luxury cruise ships or the forecasts of the 60s which didnt anticipate the sexual revolution or womens liberation the path to the present is littered with failed predictions and incorrect estimations the best we can do is try to absorb the lessons from futurisms checkered past perhaps learning to do a little better in the skeptics guide to the future steven novella and his coauthors build upon the work of futurists of the past by examining what they got right what they got wrong and how they came to those conclusions by exploring the pitfalls of each era they give their own speculations about the distant future transformed by unbelievable technology ranging from genetic manipulation to artificial intelligence and quantum computing applying their trademark skepticism they carefully extrapolate upon each scientific development leaving no stone unturned as they lay out a vision for the future,science fiction,2022,dr steven novella,bestselling author host skeptic guide universe hightech roadmap future beloved voice cracking open folly futurist past technology profoundly change world redefining mean human prediction future wild fantasy inextricably linked present hope fear bias ignorance whether outlandish leap predicted 1920s like multipurpose utility belt climate control capability plane size luxury cruise ship forecast 60 didnt anticipate sexual revolution womens liberation path present littered failed prediction incorrect estimation best try absorb lesson futurism checkered past perhaps learning little better skeptic guide future steven novella coauthor build upon work futurist past examining got right got wrong came conclusion exploring pitfall era give speculation distant future transformed unbelievable technology ranging genetic manipulation artificial intelligence quantum computing applying trademark skepticism carefully extrapolate upon scientific development leaving stone unturned lay vision future
trents last case,a powerful and ruthless american capitalist is found dead in the garden of his english country house but why is he not wearing his false teeth why is his young widow so relieved at his death the artist and amateur detective philip trent arrives to find that there is more to the case than the solving of a puzzle he must also accept his own fallibility in detection and in romance,science fiction,1995,edmund clerihew bentley,powerful ruthless american capitalist found dead garden english country house wearing false teeth young widow relieved death artist amateur detective philip trent arrives find case solving puzzle must also accept fallibility detection romance
ecosickness in contemporary us fiction,the 1970s brought a new understanding of the biological and intellectual impact of environmental crises on human beings and as efforts to prevent ecological and human degradation aligned a new literature of sickness emerged ecosickness fiction imaginatively rethinks the link between ecological and bodily endangerment and uses affect and the sick body to bring readers to environmental consciousness tracing the development of ecosickness through a compelling archive of modern us novels and memoirs this study demonstrates the modes crucial role in shaping thematic content and formal and affective literary strategies examining works by david foster wallace richard powers leslie marmon silko marge piercy jan zita grover and david wojnarowicz heather houser shows how these authors unite experiences of environmental and somatic damage through narrative affects that draw attention to ecological phenomena organize perception and convert knowledge into ethics traversing contemporary cultural studies ecocriticism affect studies and literature and medicine houser juxtaposes ecosickness fiction against new forms of environmentalism and technoscientific innovations such as regenerative medicine and alternative ecosystems ecosickness in contemporary us fiction recasts recent narrative as a laboratory in which affective and perceptual changes both support and challenge political projects,science fiction,2014,heather houser,1970s brought new understanding biological intellectual impact environmental crisis human being effort prevent ecological human degradation aligned new literature sickness emerged ecosickness fiction imaginatively rethink link ecological bodily endangerment us affect sick body bring reader environmental consciousness tracing development ecosickness compelling archive modern u novel memoir study demonstrates mode crucial role shaping thematic content formal affective literary strategy examining work david foster wallace richard power leslie marmon silko marge piercy jan zita grover david wojnarowicz heather houser show author unite experience environmental somatic damage narrative affect draw attention ecological phenomenon organize perception convert knowledge ethic traversing contemporary cultural study ecocriticism affect study literature medicine houser juxtaposes ecosickness fiction new form environmentalism technoscientific innovation regenerative medicine alternative ecosystem ecosickness contemporary u fiction recasts recent narrative laboratory affective perceptual change support challenge political project
steam meets story,this innovative steam guide will help general and special education teachers to increase effective instruction with adolescents grades 510 the authors show teachers how to link stem concepts with popular fiction and film selections as a catalyst to launch student interactions discussions projects and investigations this approach will promote problem solving and reasoning skills by initiating the scientific process rather than simply presenting established facts the book includes a wealth of lesson plans that connect abstract stem ideas to realistic experiences that students encounter sample lessons call on students to produce drawings and models that move stem to steam grounded in popular film and some of the mostread young adult books the text includes teaching strategies found to be effective with traditionally underserved students and those with disabilities book features standardsbased stem lessons interrelated and interwoven with writing reading speaking and other skills practical ideas and handson activities for engaging adolescents in both traditional and virtual environments guidance for working with diverse populations such as students with different abilities culturally and linguistically diverse students translingual students and transnational students templates handouts and lessons linked to star wars the giver the immortal life of henrietta lacks harry potter to kill a mockingbird star trek the matrix holes and more,science fiction,2021,gloria d campbellwhatley diane rodríguez jugnu agrawal,innovative steam guide help general special education teacher increase effective instruction adolescent grade 510 author show teacher link stem concept popular fiction film selection catalyst launch student interaction discussion project investigation approach promote problem solving reasoning skill initiating scientific process rather simply presenting established fact book includes wealth lesson plan connect abstract stem idea realistic experience student encounter sample lesson call student produce drawing model move stem steam grounded popular film mostread young adult book text includes teaching strategy found effective traditionally underserved student disability book feature standardsbased stem lesson interrelated interwoven writing reading speaking skill practical idea handson activity engaging adolescent traditional virtual environment guidance working diverse population student different ability culturally linguistically diverse student translingual student transnational student template handout lesson linked star war giver immortal life henrietta lack harry potter kill mockingbird star trek matrix hole
world views,world views examines literary representations of spatial form within the contexts of the emerging disciplines of geography geopolitics and international relations positing that modernisms experimental engagements with space intended to imagine alternatives to the new world order,science fiction,2012,jon hegglund,world view examines literary representation spatial form within context emerging discipline geography geopolitics international relation positing modernism experimental engagement space intended imagine alternative new world order
the octopus,excerpt from the octopus or the devilfish of fiction and of fact i am indebted to my friend mr thomas davidson c for the beautiful portrait of the octopus which forms the frontispiece to this volume to mrs edward harris for the drawing of its eggs fig to miss gertrude woodward for that of its tongue fig 4 and to messrs west and co and mr charles a ferrier for the care they have respectively bestowed on the lithographing and engraving of the illustrations about the publisher forgotten books publishes hundreds of thousands of rare and classic books find more at wwwforgottenbookscom this book is a reproduction of an important historical work forgotten books uses stateoftheart technology to digitally reconstruct the work preserving the original format whilst repairing imperfections present in the aged copy in rare cases an imperfection in the original such as a blemish or missing page may be replicated in our edition we do however repair the vast majority of imperfections successfully any imperfections that remain are intentionally left to preserve the state of such historical works,science fiction,2018,henry lee,excerpt octopus devilfish fiction fact indebted friend mr thomas davidson c beautiful portrait octopus form frontispiece volume mr edward harris drawing egg fig miss gertrude woodward tongue fig 4 messrs west co mr charles ferrier care respectively bestowed lithographing engraving illustration publisher forgotten book publishes hundred thousand rare classic book find wwwforgottenbookscom book reproduction important historical work forgotten book us stateoftheart technology digitally reconstruct work preserving original format whilst repairing imperfection present aged copy rare case imperfection original blemish missing page may replicated edition however repair vast majority imperfection successfully imperfection remain intentionally left preserve state historical work
the brothers vonnegut,while kurt writes press releases by day and labors over short stories by night bernard builds silver iodide generators and sends planes to bomb cloud banks with dry ice these experiments dubbed project cirrus soon attract the attention of military menmaybe weather will even become the new superweapon but as evidence mounts that project cirrus is causing alarming changes in the atmosphere bernard begins to have misgivings about the harmful uses of his inventions and kurt starts writing a new kind of story depicting scientists grappling with moral questions and with fantastic inventions gone awry set against a backdrop of atomic anxiety and the dawn of the digital age the brothers vonnegut is a wild collision of science and literature,science fiction,2015,ginger strand,kurt writes press release day labor short story night bernard build silver iodide generator sends plane bomb cloud bank dry ice experiment dubbed project cirrus soon attract attention military menmaybe weather even become new superweapon evidence mount project cirrus causing alarming change atmosphere bernard begin misgiving harmful us invention kurt start writing new kind story depicting scientist grappling moral question fantastic invention gone awry set backdrop atomic anxiety dawn digital age brother vonnegut wild collision science literature
beautiful chaos,explores the way chaos theory is incorporated in the work of such writers as toni morrison thomas pynchon john barth don delillo and michael crichton,science fiction,2000,gordon e slethaug professor gordon e slethaug phd,explores way chaos theory incorporated work writer toni morrison thomas pynchon john barth delillo michael crichton
perfect pairs,a teachers guide to using fiction and nonfiction picture books to teach life sciences,science fiction,2014,melissa stewart nancy chesley,teacher guide using fiction nonfiction picture book teach life science
dear reader,ready now reader easy then that should put you in the right historical frame of mind put you in mind of the right historical frame for it did seem easier then certainly more relaxed like the addressed and otherwise rendered nineteenthcentury reader who is my subject of study you are invited to take it slow while we back our way into the last century we do so by moving from an unexpected modernist sendup of victorian direct address an early twist of phrase in e m forsters 1907 the longest journey to the underlying aesthetic of classic realism on which even this one rhetorical irony is by no means intended to pull the plug on the way back to the nineteenth century certain realist assumptions help mark out our coursefrom dear reader with the great tradition from austen through dickens and eliot to hardy read here for the first time alongside the noncanonical bestsellers of the period we get a revised picture of an evolving readership narrated rather than merely implied the mass audience conscripted written with figured in redirecting response aesthetics away from the a priori reader function toward this reader figure garrett stewarts dear reader intercepts two tendencies in the recent criticism of fiction the blanket audience determinations of ideological critique and the thinness of historicizing discourse analysis when divorced from literary historys own discursive field,science fiction,1996,garrett stewart james o freedman professor of letters university of iowa garrett stewart,ready reader easy put right historical frame mind put mind right historical frame seem easier certainly relaxed like addressed otherwise rendered nineteenthcentury reader subject study invited take slow back way last century moving unexpected modernist sendup victorian direct address early twist phrase e forsters 1907 longest journey underlying aesthetic classic realism even one rhetorical irony mean intended pull plug way back nineteenth century certain realist assumption help mark coursefrom dear reader great tradition austen dickens eliot hardy read first time alongside noncanonical bestseller period get revised picture evolving readership narrated rather merely implied mass audience conscripted written figured redirecting response aesthetic away priori reader function toward reader figure garrett stewart dear reader intercept two tendency recent criticism fiction blanket audience determination ideological critique thinness historicizing discourse analysis divorced literary history discursive field
the invisible man and the island of dr moreau a readers library classic hardcover,two of h g wellss most famous novels in one book  the invisible man and the island of dr moreau,science fiction,2021,h g wells,two h g wells famous novel one book invisible man island dr moreau
the new martians,the year is 2035 and the crew from the first expedition to mars is returning to earth the crewmembers are anxious to get home and ennui pervades the ship the mood is broken by a series of mysterious events that jeopardize their safety someone or something is threatening the crew is it an alien being a psychotic crewmember a malfunctioning computer the truth raises questions about the crewmembers fate and that of the human racein this novel the intent is to show real psychological issues that could affect a crew returning from a longduration mission to mars the storyline presents a mystery that keeps the reader guessing yet the issues at stake are based on the findings from the authors research and other spacerelated work over the past 40 years the novel touches on actual plans being discussed for such an expedition as well as notions involving the search for martian life and panspermiathe underlying science in particular the psychological psychiatric and interpersonal elements are introduced and discussed by the author in an extensive appendixnick kanas is an emeritus professor of psychiatry at the university of california san francisco where he directed the group therapy training program for over 20 years he conducted research on group therapy and for nearly 20 years after that he was the principal investigator of nasafunded research on astronauts and cosmonauts he is the coauthor of space psychology and psychiatry which won the 2004 international academy of astronautics life science book award and the author of humans in space the psychological hurdles which won the 2016 international academy of astronautics life science book award dr kanas has presented talks on space psychology and on celestial mapping at several regional and worldcon science fiction conventions a fellow of the royal astronomical society london he has been an amateur astronomer for over 50 years and is an avid reader of science fiction he is also the author of two nonfiction books star maps history artistry and cartography and solar system maps from antiquity to the space age and two science fiction novels the new martians andthe protos mandate all published by springer,science fiction,2013,nick kanas,year 2035 crew first expedition mar returning earth crewmembers anxious get home ennui pervades ship mood broken series mysterious event jeopardize safety someone something threatening crew alien psychotic crewmember malfunctioning computer truth raise question crewmembers fate human racein novel intent show real psychological issue could affect crew returning longduration mission mar storyline present mystery keep reader guessing yet issue stake based finding author research spacerelated work past 40 year novel touch actual plan discussed expedition well notion involving search martian life panspermiathe underlying science particular psychological psychiatric interpersonal element introduced discussed author extensive appendixnick kanas emeritus professor psychiatry university california san francisco directed group therapy training program 20 year conducted research group therapy nearly 20 year principal investigator nasafunded research astronaut cosmonaut coauthor space psychology psychiatry 2004 international academy astronautics life science book award author human space psychological hurdle 2016 international academy astronautics life science book award dr kanas presented talk space psychology celestial mapping several regional worldcon science fiction convention fellow royal astronomical society london amateur astronomer 50 year avid reader science fiction also author two nonfiction book star map history artistry cartography solar system map antiquity space age two science fiction novel new martian andthe protos mandate published springer
recontextualizing texts,offering the first systematic examination of five modern japanese fictional narratives all of them available in english translations atsuko sakaki explores natsume sōsekis kokoro and the threecornered world ibuse masujis black rain mori ōgais wild geese and tanizaki junichirōs quicksand,science fiction,1999,atsuko sakaki,offering first systematic examination five modern japanese fictional narrative available english translation atsuko sakaki explores natsume sōsekis kokoro threecornered world ibuse masujis black rain mori ōgais wild goose tanizaki junichirōs quicksand
science medicine and aristocratic lineage in victorian popular fiction,science medicine and aristocratic lineage in victorian popular fiction explores the dialogue between popular literature and medical and scientific discourse in terms of how they represent the highly visible an pathologized british aristocratic body this books explores and complicates the two major portrayals of aristocrats in nineteenthcentury literature that of the medicalised frail debauched and diseased aristocrat and that of the heroic active beautiful noble both of which are frequent and resonant in popular fiction of the long nineteenth century abigail boucher argues that the concept of class in the long nineteenth century implicitly includes notions of blood lineage and bodily correctness and that class was therefore frequently portrayed as an empirical scientific and medical certainty due to their elevated and highly visual social positions both historical and fictional aristocrats were frequently pathologized in the public mind and watched for signs of physical excellence or deviance using popular fiction boucher establishes patterns across decades genres and demographics and considers how these patterns react to normalise or feed into the advent of new scientific and medical understandings,science fiction,2023,abigail boucher,science medicine aristocratic lineage victorian popular fiction explores dialogue popular literature medical scientific discourse term represent highly visible pathologized british aristocratic body book explores complicates two major portrayal aristocrat nineteenthcentury literature medicalised frail debauched diseased aristocrat heroic active beautiful noble frequent resonant popular fiction long nineteenth century abigail boucher argues concept class long nineteenth century implicitly includes notion blood lineage bodily correctness class therefore frequently portrayed empirical scientific medical certainty due elevated highly visual social position historical fictional aristocrat frequently pathologized public mind watched sign physical excellence deviance using popular fiction boucher establishes pattern across decade genre demographic considers pattern react normalise feed advent new scientific medical understanding
about time,about time aims to bring about a productive exchange between narratology social theory and the philosophy of time in order to address a need in the humanities for an analysis of temporal structures and representations of time,science fiction,2010,mark currie,time aim bring productive exchange narratology social theory philosophy time order address need humanity analysis temporal structure representation time
prophets of the posthuman,prophets of the posthuman provides a fresh and original reading of fictional narratives that raise the question of what it means to be human in the face of rapidly developing bioenhancement technologies christina bieber lake argues that works by nathaniel hawthorne walker percy flannery oconnor toni morrison george saunders marilynne robinson raymond carver james tiptree jr and margaret atwood must be reevaluated in light of their contributions to larger ethical questions drawing on a wide range of sources in philosophical and theological ethics lake claims that these writers share a commitment to maintaining a category of personhood more meaningful than that allowed by utilitarian ethics prophets of the posthuman insists that because technology can never ask whether we should do something that we have the power to do literature must step into that role each of the chapters of this interdisciplinary study sets up a typical ethical scenario regarding human enhancement technology and then illustrates how a work of fiction uniquely speaks to that scenario exposing a realm of human motivations that might otherwise be overlooked or simplified through the vision of the writers she discusses lake uncovers a deep critique of the ascendancy of personal autonomy as americas most cherished value this ascendancy coupled with technologys glamorous promises of happiness helps to shape a utilitarian view of persons that makes responsible ethical behavior toward one another almost impossible prophets of the posthuman charts the essential role that literature must play in the continuing conversation of what it means to be human in a posthuman world,science fiction,2013,christina bieber lake,prophet posthuman provides fresh original reading fictional narrative raise question mean human face rapidly developing bioenhancement technology christina bieber lake argues work nathaniel hawthorne walker percy flannery oconnor toni morrison george saunders marilynne robinson raymond carver james tiptree jr margaret atwood must reevaluated light contribution larger ethical question drawing wide range source philosophical theological ethic lake claim writer share commitment maintaining category personhood meaningful allowed utilitarian ethic prophet posthuman insists technology never ask whether something power literature must step role chapter interdisciplinary study set typical ethical scenario regarding human enhancement technology illustrates work fiction uniquely speaks scenario exposing realm human motivation might otherwise overlooked simplified vision writer discusses lake uncovers deep critique ascendancy personal autonomy america cherished value ascendancy coupled technology glamorous promise happiness help shape utilitarian view person make responsible ethical behavior toward one another almost impossible prophet posthuman chart essential role literature must play continuing conversation mean human posthuman world
time travel,fact or fiction real or impossible movement through time explored explained and examined albert einsteins theory of relativity postulates and scientists have proven that the faster you travel the slower time moves clocks on airplanes satellites and rockets are slower than clocks on earth and time travel is indeed real can time machines timetunnel wormholes or tales of fictional timetraveling heroes be so farfetched covering the history of time travel in both reality and fiction time travel the science and sciencefiction investigates the long history myths science and stories of movement from the present to the past and into the future timely in its telling time travel chronicles more than 30 instances accounts stories and famous examples of time slips such as  the theory of relativity showing the link between time and space hg wells epic novel of 1895 the time machine british physicist stephen hawkings famous paradoxes surrounding time travel charlton hestons character taylor in the planet of the apes discovering that he is home 2000 years in the future wormholes the shortcuts through both space and time and many more the idea of time travel fascinates because it offers the possibility however remote of revisiting and recapturing moments from our youth and if travelers of the future have secretly visited uswell that proves that our future is secure stories of time travel abound in books and film and its been a source of endless fascinationand speculationsurrounding ufo sightings and conspiracy theories this richly researched reference ripples with fascinating information with more than 120 photos and graphics this tome is nicely illustrated time travel also includes a helpful bibliography and an extensive index adding to its usefulness time will fly by as you ponder the possibilities dont hesitate theres no time like the present get your copy today the future is waiting,science fiction,2021,visible ink press,fact fiction real impossible movement time explored explained examined albert einstein theory relativity postulate scientist proven faster travel slower time move clock airplane satellite rocket slower clock earth time travel indeed real time machine timetunnel wormhole tale fictional timetraveling hero farfetched covering history time travel reality fiction time travel science sciencefiction investigates long history myth science story movement present past future timely telling time travel chronicle 30 instance account story famous example time slip theory relativity showing link time space hg well epic novel 1895 time machine british physicist stephen hawking famous paradox surrounding time travel charlton hestons character taylor planet ape discovering home 2000 year future wormhole shortcut space time many idea time travel fascinates offer possibility however remote revisiting recapturing moment youth traveler future secretly visited uswell prof future secure story time travel abound book film source endless fascinationand speculationsurrounding ufo sighting conspiracy theory richly researched reference ripple fascinating information 120 photo graphic tome nicely illustrated time travel also includes helpful bibliography extensive index adding usefulness time fly ponder possibility dont hesitate there time like present get copy today future waiting
biopolitical futures in twentyfirstcentury speculative fiction,a theorization of how the bioeconomy and biotechnology remake life itself creating crises in ethics and governance,science fiction,2021,sherryl vint,theorization bioeconomy biotechnology remake life creating crisis ethic governance
citizen science fiction,citizen science fiction draws on an interdisciplinary swath of literature and media to make the case that the science fiction genre can help rethink the pedagogical use of citizen science as a tool to interrogate our collective civic engagement with science and the incorporation of science into a rigorous exciting writingbased curriculum the book revolves around recent developments in specific scientific disciplines including biology ecology computer science astronomy and cognitive science winter closely studies a range of sciencefiction texts and tropes  such as aliens robots clones mind uploads galactic empires  for what they have to contribute to the ongoing scholarly discussion on psychological mindset and mindful argument reading for probing inquiry and productive uncertainty in the age of the anthropocene reading for voice with a view to our digitally dominated future and reading for threshold concepts in a scientifically driven society,science fiction,2021,jerome winter,citizen science fiction draw interdisciplinary swath literature medium make case science fiction genre help rethink pedagogical use citizen science tool interrogate collective civic engagement science incorporation science rigorous exciting writingbased curriculum book revolves around recent development specific scientific discipline including biology ecology computer science astronomy cognitive science winter closely study range sciencefiction text trope alien robot clone mind uploads galactic empire contribute ongoing scholarly discussion psychological mindset mindful argument reading probing inquiry productive uncertainty age anthropocene reading voice view digitally dominated future reading threshold concept scientifically driven society
the caloris network,the year is 2130 the firstever expedition is sent to mercury to search for the cause of an unknown source of electromagnetic radiation that can destroy space ships passing by the planet thought to be inhospitable and lifeless the surface of mercury provides startling surprises for the crew that endanger their lives and challenge their established notions of what it means to be a sentient being and some of the crew members have their own separate agendas the scientific appendix at the end of the book introduces readers to the wondrous world of mercury and how it has been portrayed in literary fiction up to the present time the author then uses scientific literature to present a concept of life that is not based on carbon chemistry or the need for water there is also a discussion of consciousness based on electromagnetic wave theory references are provided for further readingnick kanas is an emeritus professor of psychiatry at the university of california san francisco where he directed the group therapy training program for over 20 years he conducted research on group therapy and for nearly 20 years after that he was the principal investigator of nasafunded research on astronauts and cosmonauts he is the coauthor of space psychology and psychiatry which won the 2004 international academy of astronautics life science book award and the author of humans in space the psychological hurdles which won the 2016 international academy of astronautics life science book award dr kanas has presented talks on space psychology and on celestial mapping at several regional and worldcon science fiction conventions a fellow of the royal astronomical society london he has been an amateur astronomer for over 50 years and is an avid reader of science fiction he is also the author of two nonfiction books star maps history artistry and cartography and solar system maps from antiquity to the space age and two science fiction novels the new martians and the protos mandate all published by springer,science fiction,2016,nick kanas,year 2130 firstever expedition sent mercury search cause unknown source electromagnetic radiation destroy space ship passing planet thought inhospitable lifeless surface mercury provides startling surprise crew endanger life challenge established notion mean sentient crew member separate agenda scientific appendix end book introduces reader wondrous world mercury portrayed literary fiction present time author us scientific literature present concept life based carbon chemistry need water also discussion consciousness based electromagnetic wave theory reference provided readingnick kanas emeritus professor psychiatry university california san francisco directed group therapy training program 20 year conducted research group therapy nearly 20 year principal investigator nasafunded research astronaut cosmonaut coauthor space psychology psychiatry 2004 international academy astronautics life science book award author human space psychological hurdle 2016 international academy astronautics life science book award dr kanas presented talk space psychology celestial mapping several regional worldcon science fiction convention fellow royal astronomical society london amateur astronomer 50 year avid reader science fiction also author two nonfiction book star map history artistry cartography solar system map antiquity space age two science fiction novel new martian protos mandate published springer
christofiction,françois laruelles lifelong project of nonphilosophy or nonstandard philosophy thinks past the theoretical limits of western philosophy to realize new relations between religion science politics and art in christofiction laruelle targets the rigid selfsustaining arguments of metaphysics rooted in judaic and greek thought and the radical potential of christ whose crossing disrupts their circular discourse laruelles christ is not the authoritative figure conjured by academic theology the apostles or the catholic church he is the embodiment of generic man founder of a science of humans and the herald of a gnostic messianism that calls forth an immanent faith explicitly inserting quantum science into religion laruelle recasts the temporality of the cross the entombment and the resurrection arguing that it is god who is sacrificed on the cross so equals in faith may be born positioning itself against orthodox religion and naive atheism alike christofiction is a daring heretical experiment that ties religion to the human experience and the lived world,science fiction,2015,,françois laruelles lifelong project nonphilosophy nonstandard philosophy think past theoretical limit western philosophy realize new relation religion science politics art christofiction laruelle target rigid selfsustaining argument metaphysics rooted judaic greek thought radical potential christ whose crossing disrupts circular discourse laruelles christ authoritative figure conjured academic theology apostle catholic church embodiment generic man founder science human herald gnostic messianism call forth immanent faith explicitly inserting quantum science religion laruelle recasts temporality cross entombment resurrection arguing god sacrificed cross equal faith may born positioning orthodox religion naive atheism alike christofiction daring heretical experiment tie religion human experience lived world
tales of space and time,a collection of short stories the crystal egg the star a story of the stone age a story of the days to come  the man who could work miracles,science fiction,2016,h g wells,collection short story crystal egg star story stone age story day come man could work miracle
dh lawrence and survival,although darwins ideas about evolution were dominant in dh lawrences day little scholarly work has been done on the influence of these concepts on his work this work argues that lawrence employed ideas based on evolution in his fiction particularly during the transition between his marriage and leadership periods 191922 when he embarked on a major rethinking of the direction of his creative work and that these ideas contributed to the deterioration in his fiction after women in love the book shows that lawrences deliberate use of darwinian elements in his narrative strategy occurred at a time when he was increasingly concerned about survival both personally due to illness and as an artist the result in his fiction is a subtext in which his anxieties are projected onto female characters and the evolution of his writing is frustrated by unresolved emotional conflicts through new readings of the major fiction of lawrences transitional period ronald granofsky demonstrates that lawrences deterioration as a writer and the misogyny of his later work was primarily the result of a deliberate effort on his part to move the ideological yardsticks of his fiction,science fiction,2003,ronald granofsky,although darwin idea evolution dominant dh lawrence day little scholarly work done influence concept work work argues lawrence employed idea based evolution fiction particularly transition marriage leadership period 191922 embarked major rethinking direction creative work idea contributed deterioration fiction woman love book show lawrence deliberate use darwinian element narrative strategy occurred time increasingly concerned survival personally due illness artist result fiction subtext anxiety projected onto female character evolution writing frustrated unresolved emotional conflict new reading major fiction lawrence transitional period ronald granofsky demonstrates lawrence deterioration writer misogyny later work primarily result deliberate effort part move ideological yardstick fiction
nonhuman agencies in the twentyfirstcentury anglophone novel,this book offers an overview on the growing field of nonhuman studies in relation to anglophone novels it illuminates the variety of nonhuman actors that take centre stage in the twentyfirstcentury novel and the formal changes that the anthropocene the digital turn the animal rights movement and research into plant consciousness have brought to the novel as a form the book is divided into four sections each focusing on a different aspect of twentyfirstcentury literature that engages with the nonhuman the collection investigates how the environmental changes and the increasing use of ai technologies have fostered the flourishing of genres like the new weird climate fiction and speculative fiction how it makes us embrace new perceptions of life in relation to genetic engineering and how it forces us to engage with newly emerging political contexts,science fiction,2021,yvonne liebermann judith rahn bettina burger,book offer overview growing field nonhuman study relation anglophone novel illuminates variety nonhuman actor take centre stage twentyfirstcentury novel formal change anthropocene digital turn animal right movement research plant consciousness brought novel form book divided four section focusing different aspect twentyfirstcentury literature engages nonhuman collection investigates environmental change increasing use ai technology fostered flourishing genre like new weird climate fiction speculative fiction make u embrace new perception life relation genetic engineering force u engage newly emerging political context
visions of the future,visions of the future is a collection of stories and essays including nebula and hugo awardwinning works in this anthology youll find stories and essays about artificial intelligence androids fasterthanlight travel and the extension of human life youll read about the future of human institutions and culture but these literary works are more than just a reprisal of the classical elements of science fiction and futurism at their core each of these pieces has one consistent repeated theme us,science fiction,2015,j batt gregory benford david brin joe haldeman hugh howey ben bova allen steele kevin anderson ray kurzweil alan dean foster martin rees jasper scott brenda cooper ramez naam zoltan istvan douglas rushkoff douglas richards robert sawyer james gunn catherine asaro,vision future collection story essay including nebula hugo awardwinning work anthology youll find story essay artificial intelligence android fasterthanlight travel extension human life youll read future human institution culture literary work reprisal classical element science fiction futurism core piece one consistent repeated theme u
animals in detective fiction,this book explores the vast array of animals that populate detective fiction if the genre begins as is widely supposed with edgar allan poes murders in the rue morgue 1841 then detective fictions very first culprit is an animal animals moreover consistently appear as victims clues and companions while the abstract conception of animality is closely tied to the idea of criminality although it is often described as an essentially conservative form detective fiction can unsettle the binary of human and animal to intersect with developing concerns in animal studies animal agency the ethical complexities of humananimal interaction the politics and literary aesthetics of violence and animal metaphor gathering its 14 essays into sections on ontologies ethics politics and forms animals in detective fiction provides a compelling and nuanced analysis of the central role creatures play in this enduringly popular and continually morphing literary form,science fiction,2022,ruth hawthorn john miller,book explores vast array animal populate detective fiction genre begin widely supposed edgar allan poe murder rue morgue 1841 detective fiction first culprit animal animal moreover consistently appear victim clue companion abstract conception animality closely tied idea criminality although often described essentially conservative form detective fiction unsettle binary human animal intersect developing concern animal study animal agency ethical complexity humananimal interaction politics literary aesthetic violence animal metaphor gathering 14 essay section ontology ethic politics form animal detective fiction provides compelling nuanced analysis central role creature play enduringly popular continually morphing literary form
in the days of the comet,h g wells in his 1906 in the days of the comet uses the vapors of a comet to trigger a deep and lasting change in humanitys perspective on themselves and the world in the buildup to a great war poor student william leadford struggles against the harsh conditions the lowerclass live under he also falls in love with a middleclass girl named nettie but when he discovers that nettie has eloped with a man of upperclass standing william struggles with the betrayal and in the disorder of his own mind decides to buy a revolver and kill them both all through this a large comet lights the night sky with a green glow bright enough that the street lamps are left unlit,science fiction,2018,h g wells,h g well 1906 day comet us vapor comet trigger deep lasting change humanity perspective world buildup great war poor student william leadford struggle harsh condition lowerclass live also fall love middleclass girl named nettie discovers nettie eloped man upperclass standing william struggle betrayal disorder mind decides buy revolver kill large comet light night sky green glow bright enough street lamp left unlit
generation robot,generation robot covers a century of science fiction fact and speculationfrom the 1950 publication of isaac asimovs seminal robot masterpiece i robot to the 2050 singularity when artificial and human intelligence are predicted to merge beginning with a childhood informed by popculture robots in movies in comic books and on tv in the 1960s to adulthood where the possibilities of selfdriving cars and virtual reality are daily conversation terri favro offers a unique perspective on how our relationship with robotics and futuristic technologies has shifted over time peppered with popculture funfacts about supermans kryptonite the humanmachine relationships in the cult tv show firefly and the sexual and moral implications of the film ex machina generation robot explores how the technotriumphs and resulting anxieties of reality bleed into the fantasies of our collective culture clever and accessible generation robot isnt just for the serious scientific readerits for everyone interested in robotics and technology since their sciencefiction origins by looking back at the future she once imagined analyzing the pluggedin present and speculating on what is on the horizon terri favro allows readers the chance to consider what was what is and what could be this is a captivating book that looks at the popculture of our society to explain how the world worksnow and tomorrow,science fiction,2018,terri favro,generation robot cover century science fiction fact speculationfrom 1950 publication isaac asimov seminal robot masterpiece robot 2050 singularity artificial human intelligence predicted merge beginning childhood informed popculture robot movie comic book tv 1960s adulthood possibility selfdriving car virtual reality daily conversation terri favro offer unique perspective relationship robotics futuristic technology shifted time peppered popculture funfacts superman kryptonite humanmachine relationship cult tv show firefly sexual moral implication film ex machina generation robot explores technotriumphs resulting anxiety reality bleed fantasy collective culture clever accessible generation robot isnt serious scientific readerits everyone interested robotics technology since sciencefiction origin looking back future imagined analyzing pluggedin present speculating horizon terri favro allows reader chance consider could captivating book look popculture society explain world worksnow tomorrow
law fiction and activism in a time of climate change,narrating climate change  climate catastrophism and legal aporia  telling the tale of the children  the narrative of rights on a warming planet  wild time  beyond reason beyond rules  the sense of an ending,science fiction,2019,nicole rogers,narrating climate change climate catastrophism legal aporia telling tale child narrative right warming planet wild time beyond reason beyond rule sense ending
science fiction and the moral imagination,in this highly original book russell blackford discusses the intersection of science fiction and humanitys moral imagination with the rise of science and technology in the 19th century and our continually improving understanding of the cosmos writers and thinkers soon began to imagine futures greatly different from the present science fiction was born out of the realization that future technoscientific advances could dramatically change the world along with the developments described in modern science fiction  space societies conscious machines and upgraded human bodies to name but a few  come a new set of ethical challenges and new forms of ethics blackford identifies these issues and their reflection in science fiction his fascinating book will appeal to anyone with an interest in philosophy or science fiction or in how they interact this is a seasoned balanced analysis of a major issue in our thinking about the future seen through the lens of science fiction a central art of our time everyone from humanists to technologists should study these ideas and examples blackfords book is wise and savvy and a delight to read as well greg benford author of timescape,science fiction,2017,russell blackford,highly original book russell blackford discusses intersection science fiction humanity moral imagination rise science technology 19th century continually improving understanding cosmos writer thinker soon began imagine future greatly different present science fiction born realization future technoscientific advance could dramatically change world along development described modern science fiction space society conscious machine upgraded human body name come new set ethical challenge new form ethic blackford identifies issue reflection science fiction fascinating book appeal anyone interest philosophy science fiction interact seasoned balanced analysis major issue thinking future seen lens science fiction central art time everyone humanist technologist study idea example blackfords book wise savvy delight read well greg benford author timescape
the architecture of the imagination,the architecture of the imagination will be an essential resource for the growing number of philosophers and psychologists studying the nature of the imagination and on its role in philosophy aesthetics and everyday life,science fiction,2006,shaun nichols,architecture imagination essential resource growing number philosopher psychologist studying nature imagination role philosophy aesthetic everyday life
ecofacts and ecofiction,ozonefriendly recyclable zerowaste elimination of toxic chemicals  such environmental ideals are believed to offer solutions to the environmental crisis where do these ideals come from is the environmental debate communicating the right problems ecofacts and ecofiction examines serious errors in perceptions about human and environmental health drawing on a wealth of everyday examples of local and global concerns the author explains basic concepts and observations relating to the environment removing fear of science and technology and eliminating wrong perceptions lead to a more informed understanding of the environment as a science a philosophy and a lifestyle by revealing the flaws in todays environmental vocabulary this book stresses the urgent need for a common language in the environmental debate such a common language encourages the effective communication between environmental science and environmental decisionmaking that is essential for finding solutions to environmental problems,science fiction,2013,william h baarschers,ozonefriendly recyclable zerowaste elimination toxic chemical environmental ideal believed offer solution environmental crisis ideal come environmental debate communicating right problem ecofacts ecofiction examines serious error perception human environmental health drawing wealth everyday example local global concern author explains basic concept observation relating environment removing fear science technology eliminating wrong perception lead informed understanding environment science philosophy lifestyle revealing flaw today environmental vocabulary book stress urgent need common language environmental debate common language encourages effective communication environmental science environmental decisionmaking essential finding solution environmental problem
the world set free,in the world set free hg wells takes a science fictional look at the future where if world peace is to be attained through labour internationalism it will have to be at the price of complete social and economic reconstruction but first comes a phase of revolution  violent very bloody and prolonged which in the end may fail to achieve anything but social destruction    the world set free is a vision of highly educated and highly favoured leading and ruling men voluntarily setting themselves to the task of reshaping the world,science fiction,2018,h g wells,world set free hg well take science fictional look future world peace attained labour internationalism price complete social economic reconstruction first come phase revolution violent bloody prolonged end may fail achieve anything social destruction world set free vision highly educated highly favoured leading ruling men voluntarily setting task reshaping world
hellhounds of the cosmos,hellhounds of the cosmos by clifford donald simak,science fiction,2017,clifford donald simak,hellhound cosmos clifford donald simak
fighting the future war,the period between world war i and world war ii was one of intense change everything was modernizing including our technology for making warwitness machine guns trench warfare biological agents and ultimately the final solution this modernization and eye toward the future was reflected in many facets of pop culture including fashion homewear design and the popular literature of the time in scifi a specific genre emergedthat of the future war fred krome has collected many of these future war stories together for the first time in fighting the future war bolstered by a comprehensive introduction and introduced with historical information about both the authors of the stories and the historical time period these stories provide a view into the field of pulp science fiction writing the issues that informed the time period between the world wars and the way people envisioned the wars of tomorrow revealing anxieties about society technology race and politics the genre of the future war story is important material for students of history and literature,science fiction,2012,frederic krome,period world war world war ii one intense change everything modernizing including technology making warwitness machine gun trench warfare biological agent ultimately final solution modernization eye toward future reflected many facet pop culture including fashion homewear design popular literature time scifi specific genre emergedthat future war fred krome collected many future war story together first time fighting future war bolstered comprehensive introduction introduced historical information author story historical time period story provide view field pulp science fiction writing issue informed time period world war way people envisioned war tomorrow revealing anxiety society technology race politics genre future war story important material student history literature
ten billion tomorrows,an exciting new book about reallife technology derived from science fiction and its impact on the world,science fiction,2015,brian clegg,exciting new book reallife technology derived science fiction impact world
the edges of the earth in ancient thought,the edges of the earth became the basis of a literary tradition surveyed here revealing that the greeks and to a somewhat lesser extent the romans saw geography not as a branch of physical science but as an important literary genre,science fiction,1994,james s romm,edge earth became basis literary tradition surveyed revealing greek somewhat lesser extent roman saw geography branch physical science important literary genre
flatland,classic of science and mathematical fiction  charmingly illustrated by the author  describes the adventures of a square a resident of flatland in spaceland three dimensions lineland one dimension and pointland no dimensions,science fiction,1976,edwin abbott abbott,classic science mathematical fiction charmingly illustrated author describes adventure square resident flatland spaceland three dimension lineland one dimension pointland dimension
the call of the ecoweird in fiction films and games,this edited volume identifies and analyses the ecoweird as an interdisciplinary theoretical tool for engaging in fictional philosophical filmic and ludic texts it is the first volume to engage in the study of the ecoweird which is a developing field at the intersection of environmental thought and weird fiction broadly construed to include literature games films art and television shows the ecoweird has intersections with other literary and scholarly fields including horror studies game studies phenomenology literary criticism and ecocriticism but provides a unique set of tools to engage both its texts and the ongoing environmental crises of climate change environmental justice pollution and more,science fiction,2025,brian hisao onishi nathan m bell,edited volume identifies analysis ecoweird interdisciplinary theoretical tool engaging fictional philosophical filmic ludic text first volume engage study ecoweird developing field intersection environmental thought weird fiction broadly construed include literature game film art television show ecoweird intersection literary scholarly field including horror study game study phenomenology literary criticism ecocriticism provides unique set tool engage text ongoing environmental crisis climate change environmental justice pollution
time machine tales,this book contains a broad overview of time travel in science fiction along with a detailed examination of the philosophical implications of time travel the emphasis of this book is now on the philosophical and on science fiction rather than on physics as in the authors earlier books on the subject in that spirit there are for example no tech notes filled with algebra integrals and differential equations as there are in the first and second editions of time machines writing about time travel is today a respectable business it hasnt always been so after all time travel prima facie appears to violate a fundamental law of nature every effect has a cause with the cause occurring before the effect time travel to the past however seems to allow indeed to demand backwards causation with an effect the time traveler emerging into the past as he exits from his time machine occurring before its cause the time traveler pushing the start button on his machines control panel to start his trip backward through time time machine tales includes new discussions of the advances by physicists and philosophers that have appeared since the publication of time machines in 1999 examples of which are the chapters on time travel paradoxes those chapters have been brought uptodate with the latest philosophical thinking on the paradoxes,science fiction,2016,paul j nahin,book contains broad overview time travel science fiction along detailed examination philosophical implication time travel emphasis book philosophical science fiction rather physic author earlier book subject spirit example tech note filled algebra integral differential equation first second edition time machine writing time travel today respectable business hasnt always time travel prima facie appears violate fundamental law nature every effect cause cause occurring effect time travel past however seems allow indeed demand backwards causation effect time traveler emerging past exit time machine occurring cause time traveler pushing start button machine control panel start trip backward time time machine tale includes new discussion advance physicist philosopher appeared since publication time machine 1999 example chapter time travel paradox chapter brought uptodate latest philosophical thinking paradox
the time machine hypothesis,every age has characteristic inventions that change the world in the 19th century it was the steam engine and the train for the 20th electric and gasoline power aircraft nuclear weapons even ventures into space today the planet is awash with electronic business chatter and virtualreality entertainment so brilliant that the division between real and simulated is hard to discern but one new idea from the 19th century has failed so far to enter realitytime travel using machines to turn the time dimension into a twoway highway will it come true as foreseen in science fiction might we expect visits to and from the future sooner than from space that is the time machine hypothesis examined here by futurist damien broderick an awardwinning writer and theorist of the genre of the future broderick homes in on the topic through the lens of science as well as fiction exploring some fifty different timetravel scenarios and conundrums found in the science fiction literature and film,science fiction,2019,damien broderick,every age characteristic invention change world 19th century steam engine train 20th electric gasoline power aircraft nuclear weapon even venture space today planet awash electronic business chatter virtualreality entertainment brilliant division real simulated hard discern one new idea 19th century failed far enter realitytime travel using machine turn time dimension twoway highway come true foreseen science fiction might expect visit future sooner space time machine hypothesis examined futurist damien broderick awardwinning writer theorist genre future broderick home topic lens science well fiction exploring fifty different timetravel scenario conundrum found science fiction literature film
the eruption of mount st helens,a contentbased fiction booksciencecover p 1,science fiction,2007,rebecca l johnson,contentbased fiction booksciencecover p 1
out of the everywhere,topics include astronomy humanity radiation magnetism fuel and time,science fiction,1990,isaac asimov,topic include astronomy humanity radiation magnetism fuel time
quantum shorts,this book presents winning and shortlisted stories from past editions of the international quantum shorts competition inspired by the weird and wonderful world of quantum physics the shorts range from bold imaginings of a quantum future to contemplations rooted in the everyday they feature characters of all sorts lovers beginning their lives together an atom having an existential crisis and of course cats these quantum shorts will unleash in your mind a multiverse of ideas,science fiction,2019,michael brooks jenny hogan puah xin yi,book present winning shortlisted story past edition international quantum short competition inspired weird wonderful world quantum physic short range bold imaginings quantum future contemplation rooted everyday feature character sort lover beginning life together atom existential crisis course cat quantum short unleash mind multiverse idea
novel science,novel science is the first indepth study of the shocking groundbreaking and sometimes beautiful writings of the gentlemen of the heroic age of geology and of the contribution these men made to the literary culture of their day for these men literature was an essential part of the practice of science itself as important to their efforts as mapmaking fieldwork and observation the reading and writing of imaginative literatures helped them to discover imagine debate and give shape and meaning to millions of years of previously undiscovered earth history borrowing from the historical fictions of walter scott and the poetry of lord byron they invented geology as a science discovered many of the creatures we now call the dinosaurs and were the first to unravel and map the sequence and structure of stratified rock as adelene buckland shows they did this by rejecting the grand narratives of older theories of the earth or of biblical cosmogony theirs would be a humble science faithfully recording minute details and leaving the big picture for future generations to paint buckland also reveals how these scientistsjust as they had drawn inspiration from their literary predecessorsgave victorian realist novelists such as george eliot charles kingsley and charles dickens a powerful language with which to create dark and disturbing ruptures in the tooseductive sweep of story,science fiction,2013,adelene buckland,novel science first indepth study shocking groundbreaking sometimes beautiful writing gentleman heroic age geology contribution men made literary culture day men literature essential part practice science important effort mapmaking fieldwork observation reading writing imaginative literature helped discover imagine debate give shape meaning million year previously undiscovered earth history borrowing historical fiction walter scott poetry lord byron invented geology science discovered many creature call dinosaur first unravel map sequence structure stratified rock adelene buckland show rejecting grand narrative older theory earth biblical cosmogony would humble science faithfully recording minute detail leaving big picture future generation paint buckland also reveals scientistsjust drawn inspiration literary predecessorsgave victorian realist novelist george eliot charles kingsley charles dickens powerful language create dark disturbing rupture tooseductive sweep story
fantastic voyages,by revealing the facts behind the fiction of some of the finest films in the scifi genre fantastic voyages offers a novel approach to teaching science using scenes from science fiction films to illustrate fundamental concepts of physics astronomy and biology,science fiction,2006,leroy w dubeck suzanne e moshier judith e boss,revealing fact behind fiction finest film scifi genre fantastic voyage offer novel approach teaching science using scene science fiction film illustrate fundamental concept physic astronomy biology
holy scifi,can a computer have a soul are religion and science mutually exclusive is there really such a thing as free will if you could time travel to visit jesus would you and should you for hundreds of years philosophers scientists and science fiction writers have pondered these questions and many more in holy scifi popular writer paul nahin explores the fertile and sometimes uneasy relationship between science fiction and religion with a scope spanning the history of religion philosophy and literature nahin follows religious themes in science fiction from feynman to foucault and from asimov to aristotle an intriguing journey through popular and wellloved books and stories holy scifi shows how scifi has informed humanitys attitudes towards our faiths our future and ourselves,science fiction,2014,paul j nahin,computer soul religion science mutually exclusive really thing free could time travel visit jesus would hundred year philosopher scientist science fiction writer pondered question many holy scifi popular writer paul nahin explores fertile sometimes uneasy relationship science fiction religion scope spanning history religion philosophy literature nahin follows religious theme science fiction feynman foucault asimov aristotle intriguing journey popular wellloved book story holy scifi show scifi informed humanity attitude towards faith future
